"relation_id","kmp_id","kmp_file","pcm_file","pcm_name","score","confidence_band","reason","source","relation_status","required_next_action","safety_status"
"V1721_REL_00001","V1720_KMP_001","E:\UAOS_OPEN_LIBRARY_SOURCE\pa3x\omar44.SET\omar44.SET\MULTISMP\RAM.KMP","E:\UAOS_OPEN_LIBRARY_SOURCE\pa3x\omar44.SET\omar44.SET\PCM\RAM66.PCM","RAM66.PCM","50","LOW_MEDIUM_HINT","same_set_context","V1720_PCM_LINK_HINT","RELATION_HINT_ONLY_NOT_CONFIRMED","OWNER_DECISION_AND_V1722_READONLY_PCM_GROUP_REVIEW","READ_ONLY_NO_BINARY_OUTPUT"
"V1721_REL_00002","V1720_KMP_001","E:\UAOS_OPEN_LIBRARY_SOURCE\pa3x\omar44.SET\omar44.SET\MULTISMP\RAM.KMP","E:\UAOS_OPEN_LIBRARY_SOURCE\pa3x\omar44.SET\omar44.SET\PCM\RAM67.PCM","RAM67.PCM","50","LOW_MEDIUM_HINT","same_set_context","V1720_PCM_LINK_HINT","RELATION_HINT_ONLY_NOT_CONFIRMED","OWNER_DECISION_AND_V1722_READONLY_PCM_GROUP_REVIEW","READ_ONLY_NO_BINARY_OUTPUT"
"V1721_REL_00003","V1720_KMP_001","E:\UAOS_OPEN_LIBRARY_SOURCE\pa3x\omar44.SET\omar44.SET\MULTISMP\RAM.KMP","E:\UAOS_OPEN_LIBRARY_SOURCE\pa3x\omar44.SET\omar44.SET\PCM\RAM68.PCM","RAM68.PCM","50","LOW_MEDIUM_HINT","same_set_context","V1720_PCM_LINK_HINT","RELATION_HINT_ONLY_NOT_CONFIRMED","OWNER_DECISION_AND_V1722_READONLY_PCM_GROUP_REVIEW","READ_ONLY_NO_BINARY_OUTPUT"
"V1721_REL_00004","V1720_KMP_001","E:\UAOS_OPEN_LIBRARY_SOURCE\pa3x\omar44.SET\omar44.SET\MULTISMP\RAM.KMP","E:\UAOS_OPEN_LIBRARY_SOURCE\pa3x\omar44.SET\omar44.SET\PCM\RAM63.PCM","RAM63.PCM","50","LOW_MEDIUM_HINT","same_set_context","V1720_PCM_LINK_HINT","RELATION_HINT_ONLY_NOT_CONFIRMED","OWNER_DECISION_AND_V1722_READONLY_PCM_GROUP_REVIEW","READ_ONLY_NO_BINARY_OUTPUT"
"V1721_REL_00005","V1720_KMP_001","E:\UAOS_OPEN_LIBRARY_SOURCE\pa3x\omar44.SET\omar44.SET\MULTISMP\RAM.KMP","E:\UAOS_OPEN_LIBRARY_SOURCE\pa3x\omar44.SET\omar44.SET\PCM\RAM64.PCM","RAM64.PCM","50","LOW_MEDIUM_HINT","same_set_context","V1720_PCM_LINK_HINT","RELATION_HINT_ONLY_NOT_CONFIRMED","OWNER_DECISION_AND_V1722_READONLY_PCM_GROUP_REVIEW","READ_ONLY_NO_BINARY_OUTPUT"
"V1721_REL_00006","V1720_KMP_001","E:\UAOS_OPEN_LIBRARY_SOURCE\pa3x\omar44.SET\omar44.SET\MULTISMP\RAM.KMP","E:\UAOS_OPEN_LIBRARY_SOURCE\pa3x\omar44.SET\omar44.SET\PCM\RAM65.PCM","RAM65.PCM","50","LOW_MEDIUM_HINT","same_set_context","V1720_PCM_LINK_HINT","RELATION_HINT_ONLY_NOT_CONFIRMED","OWNER_DECISION_AND_V1722_READONLY_PCM_GROUP_REVIEW","READ_ONLY_NO_BINARY_OUTPUT"
"V1721_REL_00007","V1720_KMP_001","E:\UAOS_OPEN_LIBRARY_SOURCE\pa3x\omar44.SET\omar44.SET\MULTISMP\RAM.KMP","E:\UAOS_OPEN_LIBRARY_SOURCE\pa3x\omar44.SET\omar44.SET\PCM\RAM72.PCM","RAM72.PCM","50","LOW_MEDIUM_HINT","same_set_context","V1720_PCM_LINK_HINT","RELATION_HINT_ONLY_NOT_CONFIRMED","OWNER_DECISION_AND_V1722_READONLY_PCM_GROUP_REVIEW","READ_ONLY_NO_BINARY_OUTPUT"
"V1721_REL_00008","V1720_KMP_001","E:\UAOS_OPEN_LIBRARY_SOURCE\pa3x\omar44.SET\omar44.SET\MULTISMP\RAM.KMP","E:\UAOS_OPEN_LIBRARY_SOURCE\pa3x\omar44.SET\omar44.SET\PCM\RAM73.PCM","RAM73.PCM","50","LOW_MEDIUM_HINT","same_set_context","V1720_PCM_LINK_HINT","RELATION_HINT_ONLY_NOT_CONFIRMED","OWNER_DECISION_AND_V1722_READONLY_PCM_GROUP_REVIEW","READ_ONLY_NO_BINARY_OUTPUT"
"V1721_REL_00009","V1720_KMP_002","E:\UAOS_OPEN_LIBRARY_SOURCE\pa3x\2020 pa1000 pa4x.SET\2020 pa1000 pa4x.SET\MULTISMP\RAM.KMP","E:\UAOS_OPEN_LIBRARY_SOURCE\pa3x\2020 pa1000 pa4x.SET\2020 pa1000 pa4x.SET\PCM\RAM66.PCM","RAM66.PCM","50","LOW_MEDIUM_HINT","same_set_context","V1720_PCM_LINK_HINT","RELATION_HINT_ONLY_NOT_CONFIRMED","OWNER_DECISION_AND_V1722_READONLY_PCM_GROUP_REVIEW","READ_ONLY_NO_BINARY_OUTPUT"
"V1721_REL_00010","V1720_KMP_002","E:\UAOS_OPEN_LIBRARY_SOURCE\pa3x\2020 pa1000 pa4x.SET\2020 pa1000 pa4x.SET\MULTISMP\RAM.KMP","E:\UAOS_OPEN_LIBRARY_SOURCE\pa3x\2020 pa1000 pa4x.SET\2020 pa1000 pa4x.SET\PCM\RAM67.PCM","RAM67.PCM","50","LOW_MEDIUM_HINT","same_set_context","V1720_PCM_LINK_HINT","RELATION_HINT_ONLY_NOT_CONFIRMED","OWNER_DECISION_AND_V1722_READONLY_PCM_GROUP_REVIEW","READ_ONLY_NO_BINARY_OUTPUT"
"V1721_REL_00011","V1720_KMP_002","E:\UAOS_OPEN_LIBRARY_SOURCE\pa3x\2020 pa1000 pa4x.SET\2020 pa1000 pa4x.SET\MULTISMP\RAM.KMP","E:\UAOS_OPEN_LIBRARY_SOURCE\pa3x\2020 pa1000 pa4x.SET\2020 pa1000 pa4x.SET\PCM\RAM68.PCM","RAM68.PCM","50","LOW_MEDIUM_HINT","same_set_context","V1720_PCM_LINK_HINT","RELATION_HINT_ONLY_NOT_CONFIRMED","OWNER_DECISION_AND_V1722_READONLY_PCM_GROUP_REVIEW","READ_ONLY_NO_BINARY_OUTPUT"
"V1721_REL_00012","V1720_KMP_002","E:\UAOS_OPEN_LIBRARY_SOURCE\pa3x\2020 pa1000 pa4x.SET\2020 pa1000 pa4x.SET\MULTISMP\RAM.KMP","E:\UAOS_OPEN_LIBRARY_SOURCE\pa3x\2020 pa1000 pa4x.SET\2020 pa1000 pa4x.SET\PCM\RAM63.PCM","RAM63.PCM","50","LOW_MEDIUM_HINT","same_set_context","V1720_PCM_LINK_HINT","RELATION_HINT_ONLY_NOT_CONFIRMED","OWNER_DECISION_AND_V1722_READONLY_PCM_GROUP_REVIEW","READ_ONLY_NO_BINARY_OUTPUT"
"V1721_REL_00013","V1720_KMP_002","E:\UAOS_OPEN_LIBRARY_SOURCE\pa3x\2020 pa1000 pa4x.SET\2020 pa1000 pa4x.SET\MULTISMP\RAM.KMP","E:\UAOS_OPEN_LIBRARY_SOURCE\pa3x\2020 pa1000 pa4x.SET\2020 pa1000 pa4x.SET\PCM\RAM64.PCM","RAM64.PCM","50","LOW_MEDIUM_HINT","same_set_context","V1720_PCM_LINK_HINT","RELATION_HINT_ONLY_NOT_CONFIRMED","OWNER_DECISION_AND_V1722_READONLY_PCM_GROUP_REVIEW","READ_ONLY_NO_BINARY_OUTPUT"
"V1721_REL_00014","V1720_KMP_002","E:\UAOS_OPEN_LIBRARY_SOURCE\pa3x\2020 pa1000 pa4x.SET\2020 pa1000 pa4x.SET\MULTISMP\RAM.KMP","E:\UAOS_OPEN_LIBRARY_SOURCE\pa3x\2020 pa1000 pa4x.SET\2020 pa1000 pa4x.SET\PCM\RAM65.PCM","RAM65.PCM","50","LOW_MEDIUM_HINT","same_set_context","V1720_PCM_LINK_HINT","RELATION_HINT_ONLY_NOT_CONFIRMED","OWNER_DECISION_AND_V1722_READONLY_PCM_GROUP_REVIEW","READ_ONLY_NO_BINARY_OUTPUT"
"V1721_REL_00015","V1720_KMP_002","E:\UAOS_OPEN_LIBRARY_SOURCE\pa3x\2020 pa1000 pa4x.SET\2020 pa1000 pa4x.SET\MULTISMP\RAM.KMP","E:\UAOS_OPEN_LIBRARY_SOURCE\pa3x\2020 pa1000 pa4x.SET\2020 pa1000 pa4x.SET\PCM\RAM72.PCM","RAM72.PCM","50","LOW_MEDIUM_HINT","same_set_context","V1720_PCM_LINK_HINT","RELATION_HINT_ONLY_NOT_CONFIRMED","OWNER_DECISION_AND_V1722_READONLY_PCM_GROUP_REVIEW","READ_ONLY_NO_BINARY_OUTPUT"
"V1721_REL_00016","V1720_KMP_002","E:\UAOS_OPEN_LIBRARY_SOURCE\pa3x\2020 pa1000 pa4x.SET\2020 pa1000 pa4x.SET\MULTISMP\RAM.KMP","E:\UAOS_OPEN_LIBRARY_SOURCE\pa3x\2020 pa1000 pa4x.SET\2020 pa1000 pa4x.SET\PCM\RAM73.PCM","RAM73.PCM","50","LOW_MEDIUM_HINT","same_set_context","V1720_PCM_LINK_HINT","RELATION_HINT_ONLY_NOT_CONFIRMED","OWNER_DECISION_AND_V1722_READONLY_PCM_GROUP_REVIEW","READ_ONLY_NO_BINARY_OUTPUT"
"V1721_REL_00017","V1720_KMP_003","E:\UAOS_OPEN_LIBRARY_SOURCE\pa3x\‏‏RoTaNa(1) pa3x.SET - نسخة\tareq pa3x.SET\MULTISMP\RAM.KMP","E:\UAOS_OPEN_LIBRARY_SOURCE\pa3x\‏‏RoTaNa(1) pa3x.SET - نسخة\tareq pa3x.SET\PCM\RAM66.PCM","RAM66.PCM","50","LOW_MEDIUM_HINT","same_set_context","V1720_PCM_LINK_HINT","RELATION_HINT_ONLY_NOT_CONFIRMED","OWNER_DECISION_AND_V1722_READONLY_PCM_GROUP_REVIEW","READ_ONLY_NO_BINARY_OUTPUT"
"V1721_REL_00018","V1720_KMP_003","E:\UAOS_OPEN_LIBRARY_SOURCE\pa3x\‏‏RoTaNa(1) pa3x.SET - نسخة\tareq pa3x.SET\MULTISMP\RAM.KMP","E:\UAOS_OPEN_LIBRARY_SOURCE\pa3x\‏‏RoTaNa(1) pa3x.SET - نسخة\tareq pa3x.SET\PCM\RAM67.PCM","RAM67.PCM","50","LOW_MEDIUM_HINT","same_set_context","V1720_PCM_LINK_HINT","RELATION_HINT_ONLY_NOT_CONFIRMED","OWNER_DECISION_AND_V1722_READONLY_PCM_GROUP_REVIEW","READ_ONLY_NO_BINARY_OUTPUT"
"V1721_REL_00019","V1720_KMP_003","E:\UAOS_OPEN_LIBRARY_SOURCE\pa3x\‏‏RoTaNa(1) pa3x.SET - نسخة\tareq pa3x.SET\MULTISMP\RAM.KMP","E:\UAOS_OPEN_LIBRARY_SOURCE\pa3x\‏‏RoTaNa(1) pa3x.SET - نسخة\tareq pa3x.SET\PCM\RAM68.PCM","RAM68.PCM","50","LOW_MEDIUM_HINT","same_set_context","V1720_PCM_LINK_HINT","RELATION_HINT_ONLY_NOT_CONFIRMED","OWNER_DECISION_AND_V1722_READONLY_PCM_GROUP_REVIEW","READ_ONLY_NO_BINARY_OUTPUT"
"V1721_REL_00020","V1720_KMP_003","E:\UAOS_OPEN_LIBRARY_SOURCE\pa3x\‏‏RoTaNa(1) pa3x.SET - نسخة\tareq pa3x.SET\MULTISMP\RAM.KMP","E:\UAOS_OPEN_LIBRARY_SOURCE\pa3x\‏‏RoTaNa(1) pa3x.SET - نسخة\tareq pa3x.SET\PCM\RAM63.PCM","RAM63.PCM","50","LOW_MEDIUM_HINT","same_set_context","V1720_PCM_LINK_HINT","RELATION_HINT_ONLY_NOT_CONFIRMED","OWNER_DECISION_AND_V1722_READONLY_PCM_GROUP_REVIEW","READ_ONLY_NO_BINARY_OUTPUT"
"V1721_REL_00021","V1720_KMP_003","E:\UAOS_OPEN_LIBRARY_SOURCE\pa3x\‏‏RoTaNa(1) pa3x.SET - نسخة\tareq pa3x.SET\MULTISMP\RAM.KMP","E:\UAOS_OPEN_LIBRARY_SOURCE\pa3x\‏‏RoTaNa(1) pa3x.SET - نسخة\tareq pa3x.SET\PCM\RAM64.PCM","RAM64.PCM","50","LOW_MEDIUM_HINT","same_set_context","V1720_PCM_LINK_HINT","RELATION_HINT_ONLY_NOT_CONFIRMED","OWNER_DECISION_AND_V1722_READONLY_PCM_GROUP_REVIEW","READ_ONLY_NO_BINARY_OUTPUT"
"V1721_REL_00022","V1720_KMP_003","E:\UAOS_OPEN_LIBRARY_SOURCE\pa3x\‏‏RoTaNa(1) pa3x.SET - نسخة\tareq pa3x.SET\MULTISMP\RAM.KMP","E:\UAOS_OPEN_LIBRARY_SOURCE\pa3x\‏‏RoTaNa(1) pa3x.SET - نسخة\tareq pa3x.SET\PCM\RAM65.PCM","RAM65.PCM","50","LOW_MEDIUM_HINT","same_set_context","V1720_PCM_LINK_HINT","RELATION_HINT_ONLY_NOT_CONFIRMED","OWNER_DECISION_AND_V1722_READONLY_PCM_GROUP_REVIEW","READ_ONLY_NO_BINARY_OUTPUT"
"V1721_REL_00023","V1720_KMP_003","E:\UAOS_OPEN_LIBRARY_SOURCE\pa3x\‏‏RoTaNa(1) pa3x.SET - نسخة\tareq pa3x.SET\MULTISMP\RAM.KMP","E:\UAOS_OPEN_LIBRARY_SOURCE\pa3x\‏‏RoTaNa(1) pa3x.SET - نسخة\tareq pa3x.SET\PCM\RAM72.PCM","RAM72.PCM","50","LOW_MEDIUM_HINT","same_set_context","V1720_PCM_LINK_HINT","RELATION_HINT_ONLY_NOT_CONFIRMED","OWNER_DECISION_AND_V1722_READONLY_PCM_GROUP_REVIEW","READ_ONLY_NO_BINARY_OUTPUT"
"V1721_REL_00024","V1720_KMP_003","E:\UAOS_OPEN_LIBRARY_SOURCE\pa3x\‏‏RoTaNa(1) pa3x.SET - نسخة\tareq pa3x.SET\MULTISMP\RAM.KMP","E:\UAOS_OPEN_LIBRARY_SOURCE\pa3x\‏‏RoTaNa(1) pa3x.SET - نسخة\tareq pa3x.SET\PCM\RAM73.PCM","RAM73.PCM","50","LOW_MEDIUM_HINT","same_set_context","V1720_PCM_LINK_HINT","RELATION_HINT_ONLY_NOT_CONFIRMED","OWNER_DECISION_AND_V1722_READONLY_PCM_GROUP_REVIEW","READ_ONLY_NO_BINARY_OUTPUT"
"V1721_REL_00025","V1720_KMP_004","E:\UAOS_OPEN_LIBRARY_SOURCE\pa3x\3xxxxx.SET\3xxxxx.SET\MULTISMP\RAM.KMP","E:\UAOS_OPEN_LIBRARY_SOURCE\pa3x\3xxxxx.SET\3xxxxx.SET\PCM\RAM66.PCM","RAM66.PCM","50","LOW_MEDIUM_HINT","same_set_context","V1720_PCM_LINK_HINT","RELATION_HINT_ONLY_NOT_CONFIRMED","OWNER_DECISION_AND_V1722_READONLY_PCM_GROUP_REVIEW","READ_ONLY_NO_BINARY_OUTPUT"
"V1721_REL_00026","V1720_KMP_004","E:\UAOS_OPEN_LIBRARY_SOURCE\pa3x\3xxxxx.SET\3xxxxx.SET\MULTISMP\RAM.KMP","E:\UAOS_OPEN_LIBRARY_SOURCE\pa3x\3xxxxx.SET\3xxxxx.SET\PCM\RAM67.PCM","RAM67.PCM","50","LOW_MEDIUM_HINT","same_set_context","V1720_PCM_LINK_HINT","RELATION_HINT_ONLY_NOT_CONFIRMED","OWNER_DECISION_AND_V1722_READONLY_PCM_GROUP_REVIEW","READ_ONLY_NO_BINARY_OUTPUT"
"V1721_REL_00027","V1720_KMP_004","E:\UAOS_OPEN_LIBRARY_SOURCE\pa3x\3xxxxx.SET\3xxxxx.SET\MULTISMP\RAM.KMP","E:\UAOS_OPEN_LIBRARY_SOURCE\pa3x\3xxxxx.SET\3xxxxx.SET\PCM\RAM68.PCM","RAM68.PCM","50","LOW_MEDIUM_HINT","same_set_context","V1720_PCM_LINK_HINT","RELATION_HINT_ONLY_NOT_CONFIRMED","OWNER_DECISION_AND_V1722_READONLY_PCM_GROUP_REVIEW","READ_ONLY_NO_BINARY_OUTPUT"
"V1721_REL_00028","V1720_KMP_004","E:\UAOS_OPEN_LIBRARY_SOURCE\pa3x\3xxxxx.SET\3xxxxx.SET\MULTISMP\RAM.KMP","E:\UAOS_OPEN_LIBRARY_SOURCE\pa3x\3xxxxx.SET\3xxxxx.SET\PCM\RAM63.PCM","RAM63.PCM","50","LOW_MEDIUM_HINT","same_set_context","V1720_PCM_LINK_HINT","RELATION_HINT_ONLY_NOT_CONFIRMED","OWNER_DECISION_AND_V1722_READONLY_PCM_GROUP_REVIEW","READ_ONLY_NO_BINARY_OUTPUT"
"V1721_REL_00029","V1720_KMP_004","E:\UAOS_OPEN_LIBRARY_SOURCE\pa3x\3xxxxx.SET\3xxxxx.SET\MULTISMP\RAM.KMP","E:\UAOS_OPEN_LIBRARY_SOURCE\pa3x\3xxxxx.SET\3xxxxx.SET\PCM\RAM64.PCM","RAM64.PCM","50","LOW_MEDIUM_HINT","same_set_context","V1720_PCM_LINK_HINT","RELATION_HINT_ONLY_NOT_CONFIRMED","OWNER_DECISION_AND_V1722_READONLY_PCM_GROUP_REVIEW","READ_ONLY_NO_BINARY_OUTPUT"
"V1721_REL_00030","V1720_KMP_004","E:\UAOS_OPEN_LIBRARY_SOURCE\pa3x\3xxxxx.SET\3xxxxx.SET\MULTISMP\RAM.KMP","E:\UAOS_OPEN_LIBRARY_SOURCE\pa3x\3xxxxx.SET\3xxxxx.SET\PCM\RAM65.PCM","RAM65.PCM","50","LOW_MEDIUM_HINT","same_set_context","V1720_PCM_LINK_HINT","RELATION_HINT_ONLY_NOT_CONFIRMED","OWNER_DECISION_AND_V1722_READONLY_PCM_GROUP_REVIEW","READ_ONLY_NO_BINARY_OUTPUT"
"V1721_REL_00031","V1720_KMP_004","E:\UAOS_OPEN_LIBRARY_SOURCE\pa3x\3xxxxx.SET\3xxxxx.SET\MULTISMP\RAM.KMP","E:\UAOS_OPEN_LIBRARY_SOURCE\pa3x\3xxxxx.SET\3xxxxx.SET\PCM\RAM72.PCM","RAM72.PCM","50","LOW_MEDIUM_HINT","same_set_context","V1720_PCM_LINK_HINT","RELATION_HINT_ONLY_NOT_CONFIRMED","OWNER_DECISION_AND_V1722_READONLY_PCM_GROUP_REVIEW","READ_ONLY_NO_BINARY_OUTPUT"
"V1721_REL_00032","V1720_KMP_004","E:\UAOS_OPEN_LIBRARY_SOURCE\pa3x\3xxxxx.SET\3xxxxx.SET\MULTISMP\RAM.KMP","E:\UAOS_OPEN_LIBRARY_SOURCE\pa3x\3xxxxx.SET\3xxxxx.SET\PCM\RAM73.PCM","RAM73.PCM","50","LOW_MEDIUM_HINT","same_set_context","V1720_PCM_LINK_HINT","RELATION_HINT_ONLY_NOT_CONFIRMED","OWNER_DECISION_AND_V1722_READONLY_PCM_GROUP_REVIEW","READ_ONLY_NO_BINARY_OUTPUT"
"V1721_REL_00033","V1720_KMP_005","E:\UAOS_OPEN_LIBRARY_SOURCE\pa3x\ABOUD NEXT-MG.SET\ABOUD NEXT-MG.SET\MULTISMP\RAM.KMP","E:\UAOS_OPEN_LIBRARY_SOURCE\pa3x\ABOUD NEXT-MG.SET\ABOUD NEXT-MG.SET\PCM\RAM66.PCM","RAM66.PCM","50","LOW_MEDIUM_HINT","same_set_context","V1720_PCM_LINK_HINT","RELATION_HINT_ONLY_NOT_CONFIRMED","OWNER_DECISION_AND_V1722_READONLY_PCM_GROUP_REVIEW","READ_ONLY_NO_BINARY_OUTPUT"
"V1721_REL_00034","V1720_KMP_005","E:\UAOS_OPEN_LIBRARY_SOURCE\pa3x\ABOUD NEXT-MG.SET\ABOUD NEXT-MG.SET\MULTISMP\RAM.KMP","E:\UAOS_OPEN_LIBRARY_SOURCE\pa3x\ABOUD NEXT-MG.SET\ABOUD NEXT-MG.SET\PCM\RAM67.PCM","RAM67.PCM","50","LOW_MEDIUM_HINT","same_set_context","V1720_PCM_LINK_HINT","RELATION_HINT_ONLY_NOT_CONFIRMED","OWNER_DECISION_AND_V1722_READONLY_PCM_GROUP_REVIEW","READ_ONLY_NO_BINARY_OUTPUT"
"V1721_REL_00035","V1720_KMP_005","E:\UAOS_OPEN_LIBRARY_SOURCE\pa3x\ABOUD NEXT-MG.SET\ABOUD NEXT-MG.SET\MULTISMP\RAM.KMP","E:\UAOS_OPEN_LIBRARY_SOURCE\pa3x\ABOUD NEXT-MG.SET\ABOUD NEXT-MG.SET\PCM\RAM68.PCM","RAM68.PCM","50","LOW_MEDIUM_HINT","same_set_context","V1720_PCM_LINK_HINT","RELATION_HINT_ONLY_NOT_CONFIRMED","OWNER_DECISION_AND_V1722_READONLY_PCM_GROUP_REVIEW","READ_ONLY_NO_BINARY_OUTPUT"
"V1721_REL_00036","V1720_KMP_005","E:\UAOS_OPEN_LIBRARY_SOURCE\pa3x\ABOUD NEXT-MG.SET\ABOUD NEXT-MG.SET\MULTISMP\RAM.KMP","E:\UAOS_OPEN_LIBRARY_SOURCE\pa3x\ABOUD NEXT-MG.SET\ABOUD NEXT-MG.SET\PCM\RAM63.PCM","RAM63.PCM","50","LOW_MEDIUM_HINT","same_set_context","V1720_PCM_LINK_HINT","RELATION_HINT_ONLY_NOT_CONFIRMED","OWNER_DECISION_AND_V1722_READONLY_PCM_GROUP_REVIEW","READ_ONLY_NO_BINARY_OUTPUT"
"V1721_REL_00037","V1720_KMP_005","E:\UAOS_OPEN_LIBRARY_SOURCE\pa3x\ABOUD NEXT-MG.SET\ABOUD NEXT-MG.SET\MULTISMP\RAM.KMP","E:\UAOS_OPEN_LIBRARY_SOURCE\pa3x\ABOUD NEXT-MG.SET\ABOUD NEXT-MG.SET\PCM\RAM64.PCM","RAM64.PCM","50","LOW_MEDIUM_HINT","same_set_context","V1720_PCM_LINK_HINT","RELATION_HINT_ONLY_NOT_CONFIRMED","OWNER_DECISION_AND_V1722_READONLY_PCM_GROUP_REVIEW","READ_ONLY_NO_BINARY_OUTPUT"
"V1721_REL_00038","V1720_KMP_005","E:\UAOS_OPEN_LIBRARY_SOURCE\pa3x\ABOUD NEXT-MG.SET\ABOUD NEXT-MG.SET\MULTISMP\RAM.KMP","E:\UAOS_OPEN_LIBRARY_SOURCE\pa3x\ABOUD NEXT-MG.SET\ABOUD NEXT-MG.SET\PCM\RAM65.PCM","RAM65.PCM","50","LOW_MEDIUM_HINT","same_set_context","V1720_PCM_LINK_HINT","RELATION_HINT_ONLY_NOT_CONFIRMED","OWNER_DECISION_AND_V1722_READONLY_PCM_GROUP_REVIEW","READ_ONLY_NO_BINARY_OUTPUT"
"V1721_REL_00039","V1720_KMP_005","E:\UAOS_OPEN_LIBRARY_SOURCE\pa3x\ABOUD NEXT-MG.SET\ABOUD NEXT-MG.SET\MULTISMP\RAM.KMP","E:\UAOS_OPEN_LIBRARY_SOURCE\pa3x\ABOUD NEXT-MG.SET\ABOUD NEXT-MG.SET\PCM\RAM72.PCM","RAM72.PCM","50","LOW_MEDIUM_HINT","same_set_context","V1720_PCM_LINK_HINT","RELATION_HINT_ONLY_NOT_CONFIRMED","OWNER_DECISION_AND_V1722_READONLY_PCM_GROUP_REVIEW","READ_ONLY_NO_BINARY_OUTPUT"
"V1721_REL_00040","V1720_KMP_005","E:\UAOS_OPEN_LIBRARY_SOURCE\pa3x\ABOUD NEXT-MG.SET\ABOUD NEXT-MG.SET\MULTISMP\RAM.KMP","E:\UAOS_OPEN_LIBRARY_SOURCE\pa3x\ABOUD NEXT-MG.SET\ABOUD NEXT-MG.SET\PCM\RAM73.PCM","RAM73.PCM","50","LOW_MEDIUM_HINT","same_set_context","V1720_PCM_LINK_HINT","RELATION_HINT_ONLY_NOT_CONFIRMED","OWNER_DECISION_AND_V1722_READONLY_PCM_GROUP_REVIEW","READ_ONLY_NO_BINARY_OUTPUT"
"V1721_REL_00041","V1720_KMP_006","E:\UAOS_OPEN_LIBRARY_SOURCE\pa3x\rahm pa3x.SET\rahm pa3x.SET\MULTISMP\RAM.KMP","E:\UAOS_OPEN_LIBRARY_SOURCE\pa3x\rahm pa3x.SET\rahm pa3x.SET\PCM\RAM66.PCM","RAM66.PCM","50","LOW_MEDIUM_HINT","same_set_context","V1720_PCM_LINK_HINT","RELATION_HINT_ONLY_NOT_CONFIRMED","OWNER_DECISION_AND_V1722_READONLY_PCM_GROUP_REVIEW","READ_ONLY_NO_BINARY_OUTPUT"
"V1721_REL_00042","V1720_KMP_006","E:\UAOS_OPEN_LIBRARY_SOURCE\pa3x\rahm pa3x.SET\rahm pa3x.SET\MULTISMP\RAM.KMP","E:\UAOS_OPEN_LIBRARY_SOURCE\pa3x\rahm pa3x.SET\rahm pa3x.SET\PCM\RAM67.PCM","RAM67.PCM","50","LOW_MEDIUM_HINT","same_set_context","V1720_PCM_LINK_HINT","RELATION_HINT_ONLY_NOT_CONFIRMED","OWNER_DECISION_AND_V1722_READONLY_PCM_GROUP_REVIEW","READ_ONLY_NO_BINARY_OUTPUT"
"V1721_REL_00043","V1720_KMP_006","E:\UAOS_OPEN_LIBRARY_SOURCE\pa3x\rahm pa3x.SET\rahm pa3x.SET\MULTISMP\RAM.KMP","E:\UAOS_OPEN_LIBRARY_SOURCE\pa3x\rahm pa3x.SET\rahm pa3x.SET\PCM\RAM68.PCM","RAM68.PCM","50","LOW_MEDIUM_HINT","same_set_context","V1720_PCM_LINK_HINT","RELATION_HINT_ONLY_NOT_CONFIRMED","OWNER_DECISION_AND_V1722_READONLY_PCM_GROUP_REVIEW","READ_ONLY_NO_BINARY_OUTPUT"
"V1721_REL_00044","V1720_KMP_006","E:\UAOS_OPEN_LIBRARY_SOURCE\pa3x\rahm pa3x.SET\rahm pa3x.SET\MULTISMP\RAM.KMP","E:\UAOS_OPEN_LIBRARY_SOURCE\pa3x\rahm pa3x.SET\rahm pa3x.SET\PCM\RAM63.PCM","RAM63.PCM","50","LOW_MEDIUM_HINT","same_set_context","V1720_PCM_LINK_HINT","RELATION_HINT_ONLY_NOT_CONFIRMED","OWNER_DECISION_AND_V1722_READONLY_PCM_GROUP_REVIEW","READ_ONLY_NO_BINARY_OUTPUT"
"V1721_REL_00045","V1720_KMP_006","E:\UAOS_OPEN_LIBRARY_SOURCE\pa3x\rahm pa3x.SET\rahm pa3x.SET\MULTISMP\RAM.KMP","E:\UAOS_OPEN_LIBRARY_SOURCE\pa3x\rahm pa3x.SET\rahm pa3x.SET\PCM\RAM64.PCM","RAM64.PCM","50","LOW_MEDIUM_HINT","same_set_context","V1720_PCM_LINK_HINT","RELATION_HINT_ONLY_NOT_CONFIRMED","OWNER_DECISION_AND_V1722_READONLY_PCM_GROUP_REVIEW","READ_ONLY_NO_BINARY_OUTPUT"
"V1721_REL_00046","V1720_KMP_006","E:\UAOS_OPEN_LIBRARY_SOURCE\pa3x\rahm pa3x.SET\rahm pa3x.SET\MULTISMP\RAM.KMP","E:\UAOS_OPEN_LIBRARY_SOURCE\pa3x\rahm pa3x.SET\rahm pa3x.SET\PCM\RAM65.PCM","RAM65.PCM","50","LOW_MEDIUM_HINT","same_set_context","V1720_PCM_LINK_HINT","RELATION_HINT_ONLY_NOT_CONFIRMED","OWNER_DECISION_AND_V1722_READONLY_PCM_GROUP_REVIEW","READ_ONLY_NO_BINARY_OUTPUT"
"V1721_REL_00047","V1720_KMP_006","E:\UAOS_OPEN_LIBRARY_SOURCE\pa3x\rahm pa3x.SET\rahm pa3x.SET\MULTISMP\RAM.KMP","E:\UAOS_OPEN_LIBRARY_SOURCE\pa3x\rahm pa3x.SET\rahm pa3x.SET\PCM\RAM72.PCM","RAM72.PCM","50","LOW_MEDIUM_HINT","same_set_context","V1720_PCM_LINK_HINT","RELATION_HINT_ONLY_NOT_CONFIRMED","OWNER_DECISION_AND_V1722_READONLY_PCM_GROUP_REVIEW","READ_ONLY_NO_BINARY_OUTPUT"
"V1721_REL_00048","V1720_KMP_006","E:\UAOS_OPEN_LIBRARY_SOURCE\pa3x\rahm pa3x.SET\rahm pa3x.SET\MULTISMP\RAM.KMP","E:\UAOS_OPEN_LIBRARY_SOURCE\pa3x\rahm pa3x.SET\rahm pa3x.SET\PCM\RAM73.PCM","RAM73.PCM","50","LOW_MEDIUM_HINT","same_set_context","V1720_PCM_LINK_HINT","RELATION_HINT_ONLY_NOT_CONFIRMED","OWNER_DECISION_AND_V1722_READONLY_PCM_GROUP_REVIEW","READ_ONLY_NO_BINARY_OUTPUT"
"V1721_REL_00049","V1720_KMP_007","E:\UAOS_OPEN_LIBRARY_SOURCE\pa3x\RoTaNa(1) pa3x.SET\tareq pa3x.SET\MULTISMP\RAM.KMP","E:\UAOS_OPEN_LIBRARY_SOURCE\pa3x\RoTaNa(1) pa3x.SET\tareq pa3x.SET\PCM\RAM66.PCM","RAM66.PCM","50","LOW_MEDIUM_HINT","same_set_context","V1720_PCM_LINK_HINT","RELATION_HINT_ONLY_NOT_CONFIRMED","OWNER_DECISION_AND_V1722_READONLY_PCM_GROUP_REVIEW","READ_ONLY_NO_BINARY_OUTPUT"
"V1721_REL_00050","V1720_KMP_007","E:\UAOS_OPEN_LIBRARY_SOURCE\pa3x\RoTaNa(1) pa3x.SET\tareq pa3x.SET\MULTISMP\RAM.KMP","E:\UAOS_OPEN_LIBRARY_SOURCE\pa3x\RoTaNa(1) pa3x.SET\tareq pa3x.SET\PCM\RAM67.PCM","RAM67.PCM","50","LOW_MEDIUM_HINT","same_set_context","V1720_PCM_LINK_HINT","RELATION_HINT_ONLY_NOT_CONFIRMED","OWNER_DECISION_AND_V1722_READONLY_PCM_GROUP_REVIEW","READ_ONLY_NO_BINARY_OUTPUT"
"V1721_REL_00051","V1720_KMP_007","E:\UAOS_OPEN_LIBRARY_SOURCE\pa3x\RoTaNa(1) pa3x.SET\tareq pa3x.SET\MULTISMP\RAM.KMP","E:\UAOS_OPEN_LIBRARY_SOURCE\pa3x\RoTaNa(1) pa3x.SET\tareq pa3x.SET\PCM\RAM68.PCM","RAM68.PCM","50","LOW_MEDIUM_HINT","same_set_context","V1720_PCM_LINK_HINT","RELATION_HINT_ONLY_NOT_CONFIRMED","OWNER_DECISION_AND_V1722_READONLY_PCM_GROUP_REVIEW","READ_ONLY_NO_BINARY_OUTPUT"
"V1721_REL_00052","V1720_KMP_007","E:\UAOS_OPEN_LIBRARY_SOURCE\pa3x\RoTaNa(1) pa3x.SET\tareq pa3x.SET\MULTISMP\RAM.KMP","E:\UAOS_OPEN_LIBRARY_SOURCE\pa3x\RoTaNa(1) pa3x.SET\tareq pa3x.SET\PCM\RAM63.PCM","RAM63.PCM","50","LOW_MEDIUM_HINT","same_set_context","V1720_PCM_LINK_HINT","RELATION_HINT_ONLY_NOT_CONFIRMED","OWNER_DECISION_AND_V1722_READONLY_PCM_GROUP_REVIEW","READ_ONLY_NO_BINARY_OUTPUT"
"V1721_REL_00053","V1720_KMP_007","E:\UAOS_OPEN_LIBRARY_SOURCE\pa3x\RoTaNa(1) pa3x.SET\tareq pa3x.SET\MULTISMP\RAM.KMP","E:\UAOS_OPEN_LIBRARY_SOURCE\pa3x\RoTaNa(1) pa3x.SET\tareq pa3x.SET\PCM\RAM64.PCM","RAM64.PCM","50","LOW_MEDIUM_HINT","same_set_context","V1720_PCM_LINK_HINT","RELATION_HINT_ONLY_NOT_CONFIRMED","OWNER_DECISION_AND_V1722_READONLY_PCM_GROUP_REVIEW","READ_ONLY_NO_BINARY_OUTPUT"
"V1721_REL_00054","V1720_KMP_007","E:\UAOS_OPEN_LIBRARY_SOURCE\pa3x\RoTaNa(1) pa3x.SET\tareq pa3x.SET\MULTISMP\RAM.KMP","E:\UAOS_OPEN_LIBRARY_SOURCE\pa3x\RoTaNa(1) pa3x.SET\tareq pa3x.SET\PCM\RAM65.PCM","RAM65.PCM","50","LOW_MEDIUM_HINT","same_set_context","V1720_PCM_LINK_HINT","RELATION_HINT_ONLY_NOT_CONFIRMED","OWNER_DECISION_AND_V1722_READONLY_PCM_GROUP_REVIEW","READ_ONLY_NO_BINARY_OUTPUT"
"V1721_REL_00055","V1720_KMP_007","E:\UAOS_OPEN_LIBRARY_SOURCE\pa3x\RoTaNa(1) pa3x.SET\tareq pa3x.SET\MULTISMP\RAM.KMP","E:\UAOS_OPEN_LIBRARY_SOURCE\pa3x\RoTaNa(1) pa3x.SET\tareq pa3x.SET\PCM\RAM72.PCM","RAM72.PCM","50","LOW_MEDIUM_HINT","same_set_context","V1720_PCM_LINK_HINT","RELATION_HINT_ONLY_NOT_CONFIRMED","OWNER_DECISION_AND_V1722_READONLY_PCM_GROUP_REVIEW","READ_ONLY_NO_BINARY_OUTPUT"
"V1721_REL_00056","V1720_KMP_007","E:\UAOS_OPEN_LIBRARY_SOURCE\pa3x\RoTaNa(1) pa3x.SET\tareq pa3x.SET\MULTISMP\RAM.KMP","E:\UAOS_OPEN_LIBRARY_SOURCE\pa3x\RoTaNa(1) pa3x.SET\tareq pa3x.SET\PCM\RAM73.PCM","RAM73.PCM","50","LOW_MEDIUM_HINT","same_set_context","V1720_PCM_LINK_HINT","RELATION_HINT_ONLY_NOT_CONFIRMED","OWNER_DECISION_AND_V1722_READONLY_PCM_GROUP_REVIEW","READ_ONLY_NO_BINARY_OUTPUT"
"V1721_REL_00057","V1720_KMP_008","E:\UAOS_OPEN_LIBRARY_SOURCE\pa3x\a1111.SET\a1111.SET\MULTISMP\RAM.KMP","E:\UAOS_OPEN_LIBRARY_SOURCE\pa3x\a1111.SET\a1111.SET\PCM\RAM66.PCM","RAM66.PCM","50","LOW_MEDIUM_HINT","same_set_context","V1720_PCM_LINK_HINT","RELATION_HINT_ONLY_NOT_CONFIRMED","OWNER_DECISION_AND_V1722_READONLY_PCM_GROUP_REVIEW","READ_ONLY_NO_BINARY_OUTPUT"
"V1721_REL_00058","V1720_KMP_008","E:\UAOS_OPEN_LIBRARY_SOURCE\pa3x\a1111.SET\a1111.SET\MULTISMP\RAM.KMP","E:\UAOS_OPEN_LIBRARY_SOURCE\pa3x\a1111.SET\a1111.SET\PCM\RAM67.PCM","RAM67.PCM","50","LOW_MEDIUM_HINT","same_set_context","V1720_PCM_LINK_HINT","RELATION_HINT_ONLY_NOT_CONFIRMED","OWNER_DECISION_AND_V1722_READONLY_PCM_GROUP_REVIEW","READ_ONLY_NO_BINARY_OUTPUT"
"V1721_REL_00059","V1720_KMP_008","E:\UAOS_OPEN_LIBRARY_SOURCE\pa3x\a1111.SET\a1111.SET\MULTISMP\RAM.KMP","E:\UAOS_OPEN_LIBRARY_SOURCE\pa3x\a1111.SET\a1111.SET\PCM\RAM68.PCM","RAM68.PCM","50","LOW_MEDIUM_HINT","same_set_context","V1720_PCM_LINK_HINT","RELATION_HINT_ONLY_NOT_CONFIRMED","OWNER_DECISION_AND_V1722_READONLY_PCM_GROUP_REVIEW","READ_ONLY_NO_BINARY_OUTPUT"
"V1721_REL_00060","V1720_KMP_008","E:\UAOS_OPEN_LIBRARY_SOURCE\pa3x\a1111.SET\a1111.SET\MULTISMP\RAM.KMP","E:\UAOS_OPEN_LIBRARY_SOURCE\pa3x\a1111.SET\a1111.SET\PCM\RAM63.PCM","RAM63.PCM","50","LOW_MEDIUM_HINT","same_set_context","V1720_PCM_LINK_HINT","RELATION_HINT_ONLY_NOT_CONFIRMED","OWNER_DECISION_AND_V1722_READONLY_PCM_GROUP_REVIEW","READ_ONLY_NO_BINARY_OUTPUT"
"V1721_REL_00061","V1720_KMP_008","E:\UAOS_OPEN_LIBRARY_SOURCE\pa3x\a1111.SET\a1111.SET\MULTISMP\RAM.KMP","E:\UAOS_OPEN_LIBRARY_SOURCE\pa3x\a1111.SET\a1111.SET\PCM\RAM64.PCM","RAM64.PCM","50","LOW_MEDIUM_HINT","same_set_context","V1720_PCM_LINK_HINT","RELATION_HINT_ONLY_NOT_CONFIRMED","OWNER_DECISION_AND_V1722_READONLY_PCM_GROUP_REVIEW","READ_ONLY_NO_BINARY_OUTPUT"
"V1721_REL_00062","V1720_KMP_008","E:\UAOS_OPEN_LIBRARY_SOURCE\pa3x\a1111.SET\a1111.SET\MULTISMP\RAM.KMP","E:\UAOS_OPEN_LIBRARY_SOURCE\pa3x\a1111.SET\a1111.SET\PCM\RAM65.PCM","RAM65.PCM","50","LOW_MEDIUM_HINT","same_set_context","V1720_PCM_LINK_HINT","RELATION_HINT_ONLY_NOT_CONFIRMED","OWNER_DECISION_AND_V1722_READONLY_PCM_GROUP_REVIEW","READ_ONLY_NO_BINARY_OUTPUT"
"V1721_REL_00063","V1720_KMP_008","E:\UAOS_OPEN_LIBRARY_SOURCE\pa3x\a1111.SET\a1111.SET\MULTISMP\RAM.KMP","E:\UAOS_OPEN_LIBRARY_SOURCE\pa3x\a1111.SET\a1111.SET\PCM\RAM72.PCM","RAM72.PCM","50","LOW_MEDIUM_HINT","same_set_context","V1720_PCM_LINK_HINT","RELATION_HINT_ONLY_NOT_CONFIRMED","OWNER_DECISION_AND_V1722_READONLY_PCM_GROUP_REVIEW","READ_ONLY_NO_BINARY_OUTPUT"
"V1721_REL_00064","V1720_KMP_008","E:\UAOS_OPEN_LIBRARY_SOURCE\pa3x\a1111.SET\a1111.SET\MULTISMP\RAM.KMP","E:\UAOS_OPEN_LIBRARY_SOURCE\pa3x\a1111.SET\a1111.SET\PCM\RAM73.PCM","RAM73.PCM","50","LOW_MEDIUM_HINT","same_set_context","V1720_PCM_LINK_HINT","RELATION_HINT_ONLY_NOT_CONFIRMED","OWNER_DECISION_AND_V1722_READONLY_PCM_GROUP_REVIEW","READ_ONLY_NO_BINARY_OUTPUT"
"V1721_REL_00065","V1720_KMP_009","E:\UAOS_OPEN_LIBRARY_SOURCE\pa3x\ROTANA. 2022.SET\ROTANA. 2022.SET\MULTISMP\RAM.KMP","E:\UAOS_OPEN_LIBRARY_SOURCE\pa3x\ROTANA. 2022.SET\ROTANA. 2022.SET\PCM\RAM66.PCM","RAM66.PCM","50","LOW_MEDIUM_HINT","same_set_context","V1720_PCM_LINK_HINT","RELATION_HINT_ONLY_NOT_CONFIRMED","OWNER_DECISION_AND_V1722_READONLY_PCM_GROUP_REVIEW","READ_ONLY_NO_BINARY_OUTPUT"
"V1721_REL_00066","V1720_KMP_009","E:\UAOS_OPEN_LIBRARY_SOURCE\pa3x\ROTANA. 2022.SET\ROTANA. 2022.SET\MULTISMP\RAM.KMP","E:\UAOS_OPEN_LIBRARY_SOURCE\pa3x\ROTANA. 2022.SET\ROTANA. 2022.SET\PCM\RAM67.PCM","RAM67.PCM","50","LOW_MEDIUM_HINT","same_set_context","V1720_PCM_LINK_HINT","RELATION_HINT_ONLY_NOT_CONFIRMED","OWNER_DECISION_AND_V1722_READONLY_PCM_GROUP_REVIEW","READ_ONLY_NO_BINARY_OUTPUT"
"V1721_REL_00067","V1720_KMP_009","E:\UAOS_OPEN_LIBRARY_SOURCE\pa3x\ROTANA. 2022.SET\ROTANA. 2022.SET\MULTISMP\RAM.KMP","E:\UAOS_OPEN_LIBRARY_SOURCE\pa3x\ROTANA. 2022.SET\ROTANA. 2022.SET\PCM\RAM68.PCM","RAM68.PCM","50","LOW_MEDIUM_HINT","same_set_context","V1720_PCM_LINK_HINT","RELATION_HINT_ONLY_NOT_CONFIRMED","OWNER_DECISION_AND_V1722_READONLY_PCM_GROUP_REVIEW","READ_ONLY_NO_BINARY_OUTPUT"
"V1721_REL_00068","V1720_KMP_009","E:\UAOS_OPEN_LIBRARY_SOURCE\pa3x\ROTANA. 2022.SET\ROTANA. 2022.SET\MULTISMP\RAM.KMP","E:\UAOS_OPEN_LIBRARY_SOURCE\pa3x\ROTANA. 2022.SET\ROTANA. 2022.SET\PCM\RAM63.PCM","RAM63.PCM","50","LOW_MEDIUM_HINT","same_set_context","V1720_PCM_LINK_HINT","RELATION_HINT_ONLY_NOT_CONFIRMED","OWNER_DECISION_AND_V1722_READONLY_PCM_GROUP_REVIEW","READ_ONLY_NO_BINARY_OUTPUT"
"V1721_REL_00069","V1720_KMP_009","E:\UAOS_OPEN_LIBRARY_SOURCE\pa3x\ROTANA. 2022.SET\ROTANA. 2022.SET\MULTISMP\RAM.KMP","E:\UAOS_OPEN_LIBRARY_SOURCE\pa3x\ROTANA. 2022.SET\ROTANA. 2022.SET\PCM\RAM64.PCM","RAM64.PCM","50","LOW_MEDIUM_HINT","same_set_context","V1720_PCM_LINK_HINT","RELATION_HINT_ONLY_NOT_CONFIRMED","OWNER_DECISION_AND_V1722_READONLY_PCM_GROUP_REVIEW","READ_ONLY_NO_BINARY_OUTPUT"
"V1721_REL_00070","V1720_KMP_009","E:\UAOS_OPEN_LIBRARY_SOURCE\pa3x\ROTANA. 2022.SET\ROTANA. 2022.SET\MULTISMP\RAM.KMP","E:\UAOS_OPEN_LIBRARY_SOURCE\pa3x\ROTANA. 2022.SET\ROTANA. 2022.SET\PCM\RAM65.PCM","RAM65.PCM","50","LOW_MEDIUM_HINT","same_set_context","V1720_PCM_LINK_HINT","RELATION_HINT_ONLY_NOT_CONFIRMED","OWNER_DECISION_AND_V1722_READONLY_PCM_GROUP_REVIEW","READ_ONLY_NO_BINARY_OUTPUT"
"V1721_REL_00071","V1720_KMP_009","E:\UAOS_OPEN_LIBRARY_SOURCE\pa3x\ROTANA. 2022.SET\ROTANA. 2022.SET\MULTISMP\RAM.KMP","E:\UAOS_OPEN_LIBRARY_SOURCE\pa3x\ROTANA. 2022.SET\ROTANA. 2022.SET\PCM\RAM72.PCM","RAM72.PCM","50","LOW_MEDIUM_HINT","same_set_context","V1720_PCM_LINK_HINT","RELATION_HINT_ONLY_NOT_CONFIRMED","OWNER_DECISION_AND_V1722_READONLY_PCM_GROUP_REVIEW","READ_ONLY_NO_BINARY_OUTPUT"
"V1721_REL_00072","V1720_KMP_009","E:\UAOS_OPEN_LIBRARY_SOURCE\pa3x\ROTANA. 2022.SET\ROTANA. 2022.SET\MULTISMP\RAM.KMP","E:\UAOS_OPEN_LIBRARY_SOURCE\pa3x\ROTANA. 2022.SET\ROTANA. 2022.SET\PCM\RAM73.PCM","RAM73.PCM","50","LOW_MEDIUM_HINT","same_set_context","V1720_PCM_LINK_HINT","RELATION_HINT_ONLY_NOT_CONFIRMED","OWNER_DECISION_AND_V1722_READONLY_PCM_GROUP_REVIEW","READ_ONLY_NO_BINARY_OUTPUT"
"V1721_REL_00073","V1720_KMP_010","E:\UAOS_OPEN_LIBRARY_SOURCE\pa3x\LIVE CHARKI 3 2.SET\LIVE CHARKI 3 2.SET\MULTISMP\RAM.KMP","E:\UAOS_OPEN_LIBRARY_SOURCE\pa3x\LIVE CHARKI 3 2.SET\LIVE CHARKI 3 2.SET\PCM\RAM66.PCM","RAM66.PCM","50","LOW_MEDIUM_HINT","same_set_context","V1720_PCM_LINK_HINT","RELATION_HINT_ONLY_NOT_CONFIRMED","OWNER_DECISION_AND_V1722_READONLY_PCM_GROUP_REVIEW","READ_ONLY_NO_BINARY_OUTPUT"
"V1721_REL_00074","V1720_KMP_010","E:\UAOS_OPEN_LIBRARY_SOURCE\pa3x\LIVE CHARKI 3 2.SET\LIVE CHARKI 3 2.SET\MULTISMP\RAM.KMP","E:\UAOS_OPEN_LIBRARY_SOURCE\pa3x\LIVE CHARKI 3 2.SET\LIVE CHARKI 3 2.SET\PCM\RAM67.PCM","RAM67.PCM","50","LOW_MEDIUM_HINT","same_set_context","V1720_PCM_LINK_HINT","RELATION_HINT_ONLY_NOT_CONFIRMED","OWNER_DECISION_AND_V1722_READONLY_PCM_GROUP_REVIEW","READ_ONLY_NO_BINARY_OUTPUT"
"V1721_REL_00075","V1720_KMP_010","E:\UAOS_OPEN_LIBRARY_SOURCE\pa3x\LIVE CHARKI 3 2.SET\LIVE CHARKI 3 2.SET\MULTISMP\RAM.KMP","E:\UAOS_OPEN_LIBRARY_SOURCE\pa3x\LIVE CHARKI 3 2.SET\LIVE CHARKI 3 2.SET\PCM\RAM68.PCM","RAM68.PCM","50","LOW_MEDIUM_HINT","same_set_context","V1720_PCM_LINK_HINT","RELATION_HINT_ONLY_NOT_CONFIRMED","OWNER_DECISION_AND_V1722_READONLY_PCM_GROUP_REVIEW","READ_ONLY_NO_BINARY_OUTPUT"
"V1721_REL_00076","V1720_KMP_010","E:\UAOS_OPEN_LIBRARY_SOURCE\pa3x\LIVE CHARKI 3 2.SET\LIVE CHARKI 3 2.SET\MULTISMP\RAM.KMP","E:\UAOS_OPEN_LIBRARY_SOURCE\pa3x\LIVE CHARKI 3 2.SET\LIVE CHARKI 3 2.SET\PCM\RAM63.PCM","RAM63.PCM","50","LOW_MEDIUM_HINT","same_set_context","V1720_PCM_LINK_HINT","RELATION_HINT_ONLY_NOT_CONFIRMED","OWNER_DECISION_AND_V1722_READONLY_PCM_GROUP_REVIEW","READ_ONLY_NO_BINARY_OUTPUT"
"V1721_REL_00077","V1720_KMP_010","E:\UAOS_OPEN_LIBRARY_SOURCE\pa3x\LIVE CHARKI 3 2.SET\LIVE CHARKI 3 2.SET\MULTISMP\RAM.KMP","E:\UAOS_OPEN_LIBRARY_SOURCE\pa3x\LIVE CHARKI 3 2.SET\LIVE CHARKI 3 2.SET\PCM\RAM64.PCM","RAM64.PCM","50","LOW_MEDIUM_HINT","same_set_context","V1720_PCM_LINK_HINT","RELATION_HINT_ONLY_NOT_CONFIRMED","OWNER_DECISION_AND_V1722_READONLY_PCM_GROUP_REVIEW","READ_ONLY_NO_BINARY_OUTPUT"
"V1721_REL_00078","V1720_KMP_010","E:\UAOS_OPEN_LIBRARY_SOURCE\pa3x\LIVE CHARKI 3 2.SET\LIVE CHARKI 3 2.SET\MULTISMP\RAM.KMP","E:\UAOS_OPEN_LIBRARY_SOURCE\pa3x\LIVE CHARKI 3 2.SET\LIVE CHARKI 3 2.SET\PCM\RAM65.PCM","RAM65.PCM","50","LOW_MEDIUM_HINT","same_set_context","V1720_PCM_LINK_HINT","RELATION_HINT_ONLY_NOT_CONFIRMED","OWNER_DECISION_AND_V1722_READONLY_PCM_GROUP_REVIEW","READ_ONLY_NO_BINARY_OUTPUT"
"V1721_REL_00079","V1720_KMP_010","E:\UAOS_OPEN_LIBRARY_SOURCE\pa3x\LIVE CHARKI 3 2.SET\LIVE CHARKI 3 2.SET\MULTISMP\RAM.KMP","E:\UAOS_OPEN_LIBRARY_SOURCE\pa3x\LIVE CHARKI 3 2.SET\LIVE CHARKI 3 2.SET\PCM\RAM72.PCM","RAM72.PCM","50","LOW_MEDIUM_HINT","same_set_context","V1720_PCM_LINK_HINT","RELATION_HINT_ONLY_NOT_CONFIRMED","OWNER_DECISION_AND_V1722_READONLY_PCM_GROUP_REVIEW","READ_ONLY_NO_BINARY_OUTPUT"
"V1721_REL_00080","V1720_KMP_010","E:\UAOS_OPEN_LIBRARY_SOURCE\pa3x\LIVE CHARKI 3 2.SET\LIVE CHARKI 3 2.SET\MULTISMP\RAM.KMP","E:\UAOS_OPEN_LIBRARY_SOURCE\pa3x\LIVE CHARKI 3 2.SET\LIVE CHARKI 3 2.SET\PCM\RAM73.PCM","RAM73.PCM","50","LOW_MEDIUM_HINT","same_set_context","V1720_PCM_LINK_HINT","RELATION_HINT_ONLY_NOT_CONFIRMED","OWNER_DECISION_AND_V1722_READONLY_PCM_GROUP_REVIEW","READ_ONLY_NO_BINARY_OUTPUT"
"V1721_REL_00081","V1720_KMP_011","E:\UAOS_OPEN_LIBRARY_SOURCE\pa3x\SUPER4X.3X ASLY2018.SET\SUPER4X.3X ASLY2018.SET\MULTISMP\RAM.KMP","E:\UAOS_OPEN_LIBRARY_SOURCE\pa3x\SUPER4X.3X ASLY2018.SET\SUPER4X.3X ASLY2018.SET\PCM\RAM66.PCM","RAM66.PCM","50","LOW_MEDIUM_HINT","same_set_context","V1720_PCM_LINK_HINT","RELATION_HINT_ONLY_NOT_CONFIRMED","OWNER_DECISION_AND_V1722_READONLY_PCM_GROUP_REVIEW","READ_ONLY_NO_BINARY_OUTPUT"
"V1721_REL_00082","V1720_KMP_011","E:\UAOS_OPEN_LIBRARY_SOURCE\pa3x\SUPER4X.3X ASLY2018.SET\SUPER4X.3X ASLY2018.SET\MULTISMP\RAM.KMP","E:\UAOS_OPEN_LIBRARY_SOURCE\pa3x\SUPER4X.3X ASLY2018.SET\SUPER4X.3X ASLY2018.SET\PCM\RAM67.PCM","RAM67.PCM","50","LOW_MEDIUM_HINT","same_set_context","V1720_PCM_LINK_HINT","RELATION_HINT_ONLY_NOT_CONFIRMED","OWNER_DECISION_AND_V1722_READONLY_PCM_GROUP_REVIEW","READ_ONLY_NO_BINARY_OUTPUT"
"V1721_REL_00083","V1720_KMP_011","E:\UAOS_OPEN_LIBRARY_SOURCE\pa3x\SUPER4X.3X ASLY2018.SET\SUPER4X.3X ASLY2018.SET\MULTISMP\RAM.KMP","E:\UAOS_OPEN_LIBRARY_SOURCE\pa3x\SUPER4X.3X ASLY2018.SET\SUPER4X.3X ASLY2018.SET\PCM\RAM68.PCM","RAM68.PCM","50","LOW_MEDIUM_HINT","same_set_context","V1720_PCM_LINK_HINT","RELATION_HINT_ONLY_NOT_CONFIRMED","OWNER_DECISION_AND_V1722_READONLY_PCM_GROUP_REVIEW","READ_ONLY_NO_BINARY_OUTPUT"
"V1721_REL_00084","V1720_KMP_011","E:\UAOS_OPEN_LIBRARY_SOURCE\pa3x\SUPER4X.3X ASLY2018.SET\SUPER4X.3X ASLY2018.SET\MULTISMP\RAM.KMP","E:\UAOS_OPEN_LIBRARY_SOURCE\pa3x\SUPER4X.3X ASLY2018.SET\SUPER4X.3X ASLY2018.SET\PCM\RAM63.PCM","RAM63.PCM","50","LOW_MEDIUM_HINT","same_set_context","V1720_PCM_LINK_HINT","RELATION_HINT_ONLY_NOT_CONFIRMED","OWNER_DECISION_AND_V1722_READONLY_PCM_GROUP_REVIEW","READ_ONLY_NO_BINARY_OUTPUT"
"V1721_REL_00085","V1720_KMP_011","E:\UAOS_OPEN_LIBRARY_SOURCE\pa3x\SUPER4X.3X ASLY2018.SET\SUPER4X.3X ASLY2018.SET\MULTISMP\RAM.KMP","E:\UAOS_OPEN_LIBRARY_SOURCE\pa3x\SUPER4X.3X ASLY2018.SET\SUPER4X.3X ASLY2018.SET\PCM\RAM64.PCM","RAM64.PCM","50","LOW_MEDIUM_HINT","same_set_context","V1720_PCM_LINK_HINT","RELATION_HINT_ONLY_NOT_CONFIRMED","OWNER_DECISION_AND_V1722_READONLY_PCM_GROUP_REVIEW","READ_ONLY_NO_BINARY_OUTPUT"
"V1721_REL_00086","V1720_KMP_011","E:\UAOS_OPEN_LIBRARY_SOURCE\pa3x\SUPER4X.3X ASLY2018.SET\SUPER4X.3X ASLY2018.SET\MULTISMP\RAM.KMP","E:\UAOS_OPEN_LIBRARY_SOURCE\pa3x\SUPER4X.3X ASLY2018.SET\SUPER4X.3X ASLY2018.SET\PCM\RAM65.PCM","RAM65.PCM","50","LOW_MEDIUM_HINT","same_set_context","V1720_PCM_LINK_HINT","RELATION_HINT_ONLY_NOT_CONFIRMED","OWNER_DECISION_AND_V1722_READONLY_PCM_GROUP_REVIEW","READ_ONLY_NO_BINARY_OUTPUT"
"V1721_REL_00087","V1720_KMP_011","E:\UAOS_OPEN_LIBRARY_SOURCE\pa3x\SUPER4X.3X ASLY2018.SET\SUPER4X.3X ASLY2018.SET\MULTISMP\RAM.KMP","E:\UAOS_OPEN_LIBRARY_SOURCE\pa3x\SUPER4X.3X ASLY2018.SET\SUPER4X.3X ASLY2018.SET\PCM\RAM72.PCM","RAM72.PCM","50","LOW_MEDIUM_HINT","same_set_context","V1720_PCM_LINK_HINT","RELATION_HINT_ONLY_NOT_CONFIRMED","OWNER_DECISION_AND_V1722_READONLY_PCM_GROUP_REVIEW","READ_ONLY_NO_BINARY_OUTPUT"
"V1721_REL_00088","V1720_KMP_011","E:\UAOS_OPEN_LIBRARY_SOURCE\pa3x\SUPER4X.3X ASLY2018.SET\SUPER4X.3X ASLY2018.SET\MULTISMP\RAM.KMP","E:\UAOS_OPEN_LIBRARY_SOURCE\pa3x\SUPER4X.3X ASLY2018.SET\SUPER4X.3X ASLY2018.SET\PCM\RAM73.PCM","RAM73.PCM","50","LOW_MEDIUM_HINT","same_set_context","V1720_PCM_LINK_HINT","RELATION_HINT_ONLY_NOT_CONFIRMED","OWNER_DECISION_AND_V1722_READONLY_PCM_GROUP_REVIEW","READ_ONLY_NO_BINARY_OUTPUT"
