"category","score","status","blocker"
"Local launch structure","100","READY","none"
"Owner command room","100","READY","none"
"Customer preview","95","READY_LOCKED","deploy blocked"
"Multilingual public copy","95","READY_LOCKED","public activation blocked"
"Manual sales ops","90","READY_DISABLED","payment disabled invoices blocked"
"Germany legal/tax","60","OWNER_REQUIRED","owner legal tax finalization"
"Payment","0","DISABLED","owner approval required"
"Deploy","0","BLOCKED","owner approval required"
"Safety locks","100","ACTIVE","none"
