relative,file_name,extension,top_folder,bytes,modified_utc,classification,source
"NewName.BKP","NewName.BKP",".bkp","_ROOT",256680542,"2007-05-27T07:22:06.0000000Z","BLOCKED_UNAPPROVED_EXTENSION","C:\Users\ssare\Desktop\KORG_PA3X_RECOVERY_BACKUP_20260619-150450\NewName.BKP"
"NEWNAME.SET\GLOBAL\MXPRESET.MXP","MXPRESET.MXP",".mxp","NEWNAME.SET",1943,"2007-06-28T09:46:14.0000000Z","BLOCKED_INSIDE_FORBIDDEN_SOURCE_FOLDER","C:\Users\ssare\Desktop\KORG_PA3X_RECOVERY_BACKUP_20260619-150450\NEWNAME.SET\GLOBAL\MXPRESET.MXP"
"NEWNAME.SET\GLOBAL\SETUP.GBL","SETUP.GBL",".gbl","NEWNAME.SET",3381,"2007-06-28T09:46:14.0000000Z","BLOCKED_INSIDE_FORBIDDEN_SOURCE_FOLDER","C:\Users\ssare\Desktop\KORG_PA3X_RECOVERY_BACKUP_20260619-150450\NEWNAME.SET\GLOBAL\SETUP.GBL"
"NEWNAME.SET\GLOBAL\VPPRESET.VOC","VPPRESET.VOC",".voc","NEWNAME.SET",34304,"2007-06-28T09:46:14.0000000Z","BLOCKED_INSIDE_FORBIDDEN_SOURCE_FOLDER","C:\Users\ssare\Desktop\KORG_PA3X_RECOVERY_BACKUP_20260619-150450\NEWNAME.SET\GLOBAL\VPPRESET.VOC"
"NEWNAME.SET\MULTISMP\RAM.KMP","RAM.KMP",".kmp","NEWNAME.SET",235247,"2007-06-28T09:48:38.0000000Z","BLOCKED_INSIDE_FORBIDDEN_SOURCE_FOLDER","C:\Users\ssare\Desktop\KORG_PA3X_RECOVERY_BACKUP_20260619-150450\NEWNAME.SET\MULTISMP\RAM.KMP"
"NEWNAME.SET\PAD\USER01.PAD","USER01.PAD",".pad","NEWNAME.SET",17435,"2007-06-28T09:46:20.0000000Z","BLOCKED_INSIDE_FORBIDDEN_SOURCE_FOLDER","C:\Users\ssare\Desktop\KORG_PA3X_RECOVERY_BACKUP_20260619-150450\NEWNAME.SET\PAD\USER01.PAD"
"NEWNAME.SET\PAD\USER02.PAD","USER02.PAD",".pad","NEWNAME.SET",4547,"2007-06-28T09:46:20.0000000Z","BLOCKED_INSIDE_FORBIDDEN_SOURCE_FOLDER","C:\Users\ssare\Desktop\KORG_PA3X_RECOVERY_BACKUP_20260619-150450\NEWNAME.SET\PAD\USER02.PAD"
"NEWNAME.SET\PAD\USER03.PAD","USER03.PAD",".pad","NEWNAME.SET",15443,"2007-06-28T09:46:20.0000000Z","BLOCKED_INSIDE_FORBIDDEN_SOURCE_FOLDER","C:\Users\ssare\Desktop\KORG_PA3X_RECOVERY_BACKUP_20260619-150450\NEWNAME.SET\PAD\USER03.PAD"
"NEWNAME.SET\PAD\USER04.PAD","USER04.PAD",".pad","NEWNAME.SET",3580,"2007-06-28T09:46:20.0000000Z","BLOCKED_INSIDE_FORBIDDEN_SOURCE_FOLDER","C:\Users\ssare\Desktop\KORG_PA3X_RECOVERY_BACKUP_20260619-150450\NEWNAME.SET\PAD\USER04.PAD"
"NEWNAME.SET\PAD\USER05.PAD","USER05.PAD",".pad","NEWNAME.SET",3302,"2007-06-28T09:46:20.0000000Z","BLOCKED_INSIDE_FORBIDDEN_SOURCE_FOLDER","C:\Users\ssare\Desktop\KORG_PA3X_RECOVERY_BACKUP_20260619-150450\NEWNAME.SET\PAD\USER05.PAD"
"NEWNAME.SET\PAD\USER06.PAD","USER06.PAD",".pad","NEWNAME.SET",3648,"2007-06-28T09:46:20.0000000Z","BLOCKED_INSIDE_FORBIDDEN_SOURCE_FOLDER","C:\Users\ssare\Desktop\KORG_PA3X_RECOVERY_BACKUP_20260619-150450\NEWNAME.SET\PAD\USER06.PAD"
"NEWNAME.SET\PAD\USER07.PAD","USER07.PAD",".pad","NEWNAME.SET",877,"2007-06-28T09:46:20.0000000Z","BLOCKED_INSIDE_FORBIDDEN_SOURCE_FOLDER","C:\Users\ssare\Desktop\KORG_PA3X_RECOVERY_BACKUP_20260619-150450\NEWNAME.SET\PAD\USER07.PAD"
"NEWNAME.SET\PAD\USER08.PAD","USER08.PAD",".pad","NEWNAME.SET",529,"2007-06-28T09:46:20.0000000Z","BLOCKED_INSIDE_FORBIDDEN_SOURCE_FOLDER","C:\Users\ssare\Desktop\KORG_PA3X_RECOVERY_BACKUP_20260619-150450\NEWNAME.SET\PAD\USER08.PAD"
"NEWNAME.SET\PAD\USER09.PAD","USER09.PAD",".pad","NEWNAME.SET",666,"2007-06-28T09:46:20.0000000Z","BLOCKED_INSIDE_FORBIDDEN_SOURCE_FOLDER","C:\Users\ssare\Desktop\KORG_PA3X_RECOVERY_BACKUP_20260619-150450\NEWNAME.SET\PAD\USER09.PAD"
"NEWNAME.SET\PAD\USER10.PAD","USER10.PAD",".pad","NEWNAME.SET",661,"2007-06-28T09:46:20.0000000Z","BLOCKED_INSIDE_FORBIDDEN_SOURCE_FOLDER","C:\Users\ssare\Desktop\KORG_PA3X_RECOVERY_BACKUP_20260619-150450\NEWNAME.SET\PAD\USER10.PAD"
"NEWNAME.SET\PCM\RAM01.PCM","RAM01.PCM",".pcm","NEWNAME.SET",2609467,"2007-06-28T09:46:34.0000000Z","BLOCKED_INSIDE_FORBIDDEN_SOURCE_FOLDER","C:\Users\ssare\Desktop\KORG_PA3X_RECOVERY_BACKUP_20260619-150450\NEWNAME.SET\PCM\RAM01.PCM"
"NEWNAME.SET\PCM\RAM02.PCM","RAM02.PCM",".pcm","NEWNAME.SET",2761573,"2007-06-28T09:46:36.0000000Z","BLOCKED_INSIDE_FORBIDDEN_SOURCE_FOLDER","C:\Users\ssare\Desktop\KORG_PA3X_RECOVERY_BACKUP_20260619-150450\NEWNAME.SET\PCM\RAM02.PCM"
"NEWNAME.SET\PCM\RAM03.PCM","RAM03.PCM",".pcm","NEWNAME.SET",1685510,"2007-06-28T09:46:38.0000000Z","BLOCKED_INSIDE_FORBIDDEN_SOURCE_FOLDER","C:\Users\ssare\Desktop\KORG_PA3X_RECOVERY_BACKUP_20260619-150450\NEWNAME.SET\PCM\RAM03.PCM"
"NEWNAME.SET\PCM\RAM04.PCM","RAM04.PCM",".pcm","NEWNAME.SET",2570418,"2007-06-28T09:46:38.0000000Z","BLOCKED_INSIDE_FORBIDDEN_SOURCE_FOLDER","C:\Users\ssare\Desktop\KORG_PA3X_RECOVERY_BACKUP_20260619-150450\NEWNAME.SET\PCM\RAM04.PCM"
"NEWNAME.SET\PCM\RAM05.PCM","RAM05.PCM",".pcm","NEWNAME.SET",1894621,"2007-06-28T09:46:40.0000000Z","BLOCKED_INSIDE_FORBIDDEN_SOURCE_FOLDER","C:\Users\ssare\Desktop\KORG_PA3X_RECOVERY_BACKUP_20260619-150450\NEWNAME.SET\PCM\RAM05.PCM"
"NEWNAME.SET\PCM\RAM06.PCM","RAM06.PCM",".pcm","NEWNAME.SET",3678503,"2007-06-28T09:46:42.0000000Z","BLOCKED_INSIDE_FORBIDDEN_SOURCE_FOLDER","C:\Users\ssare\Desktop\KORG_PA3X_RECOVERY_BACKUP_20260619-150450\NEWNAME.SET\PCM\RAM06.PCM"
"NEWNAME.SET\PCM\RAM07.PCM","RAM07.PCM",".pcm","NEWNAME.SET",2385716,"2007-06-28T09:46:42.0000000Z","BLOCKED_INSIDE_FORBIDDEN_SOURCE_FOLDER","C:\Users\ssare\Desktop\KORG_PA3X_RECOVERY_BACKUP_20260619-150450\NEWNAME.SET\PCM\RAM07.PCM"
"NEWNAME.SET\PCM\RAM08.PCM","RAM08.PCM",".pcm","NEWNAME.SET",2343289,"2007-06-28T09:46:44.0000000Z","BLOCKED_INSIDE_FORBIDDEN_SOURCE_FOLDER","C:\Users\ssare\Desktop\KORG_PA3X_RECOVERY_BACKUP_20260619-150450\NEWNAME.SET\PCM\RAM08.PCM"
"NEWNAME.SET\PCM\RAM09.PCM","RAM09.PCM",".pcm","NEWNAME.SET",2528316,"2007-06-28T09:46:46.0000000Z","BLOCKED_INSIDE_FORBIDDEN_SOURCE_FOLDER","C:\Users\ssare\Desktop\KORG_PA3X_RECOVERY_BACKUP_20260619-150450\NEWNAME.SET\PCM\RAM09.PCM"
"NEWNAME.SET\PCM\RAM10.PCM","RAM10.PCM",".pcm","NEWNAME.SET",2035946,"2007-06-28T09:46:46.0000000Z","BLOCKED_INSIDE_FORBIDDEN_SOURCE_FOLDER","C:\Users\ssare\Desktop\KORG_PA3X_RECOVERY_BACKUP_20260619-150450\NEWNAME.SET\PCM\RAM10.PCM"
"NEWNAME.SET\PCM\RAM11.PCM","RAM11.PCM",".pcm","NEWNAME.SET",2192345,"2007-06-28T09:46:48.0000000Z","BLOCKED_INSIDE_FORBIDDEN_SOURCE_FOLDER","C:\Users\ssare\Desktop\KORG_PA3X_RECOVERY_BACKUP_20260619-150450\NEWNAME.SET\PCM\RAM11.PCM"
"NEWNAME.SET\PCM\RAM12.PCM","RAM12.PCM",".pcm","NEWNAME.SET",2802504,"2007-06-28T09:46:48.0000000Z","BLOCKED_INSIDE_FORBIDDEN_SOURCE_FOLDER","C:\Users\ssare\Desktop\KORG_PA3X_RECOVERY_BACKUP_20260619-150450\NEWNAME.SET\PCM\RAM12.PCM"
"NEWNAME.SET\PCM\RAM13.PCM","RAM13.PCM",".pcm","NEWNAME.SET",1801345,"2007-06-28T09:46:50.0000000Z","BLOCKED_INSIDE_FORBIDDEN_SOURCE_FOLDER","C:\Users\ssare\Desktop\KORG_PA3X_RECOVERY_BACKUP_20260619-150450\NEWNAME.SET\PCM\RAM13.PCM"
"NEWNAME.SET\PCM\RAM14.PCM","RAM14.PCM",".pcm","NEWNAME.SET",2211601,"2007-06-28T09:46:50.0000000Z","BLOCKED_INSIDE_FORBIDDEN_SOURCE_FOLDER","C:\Users\ssare\Desktop\KORG_PA3X_RECOVERY_BACKUP_20260619-150450\NEWNAME.SET\PCM\RAM14.PCM"
"NEWNAME.SET\PCM\RAM15.PCM","RAM15.PCM",".pcm","NEWNAME.SET",3633676,"2007-06-28T09:46:52.0000000Z","BLOCKED_INSIDE_FORBIDDEN_SOURCE_FOLDER","C:\Users\ssare\Desktop\KORG_PA3X_RECOVERY_BACKUP_20260619-150450\NEWNAME.SET\PCM\RAM15.PCM"
"NEWNAME.SET\PCM\RAM16.PCM","RAM16.PCM",".pcm","NEWNAME.SET",3098360,"2007-06-28T09:46:54.0000000Z","BLOCKED_INSIDE_FORBIDDEN_SOURCE_FOLDER","C:\Users\ssare\Desktop\KORG_PA3X_RECOVERY_BACKUP_20260619-150450\NEWNAME.SET\PCM\RAM16.PCM"
"NEWNAME.SET\PCM\RAM17.PCM","RAM17.PCM",".pcm","NEWNAME.SET",2876209,"2007-06-28T09:46:56.0000000Z","BLOCKED_INSIDE_FORBIDDEN_SOURCE_FOLDER","C:\Users\ssare\Desktop\KORG_PA3X_RECOVERY_BACKUP_20260619-150450\NEWNAME.SET\PCM\RAM17.PCM"
"NEWNAME.SET\PCM\RAM18.PCM","RAM18.PCM",".pcm","NEWNAME.SET",1852638,"2007-06-28T09:46:56.0000000Z","BLOCKED_INSIDE_FORBIDDEN_SOURCE_FOLDER","C:\Users\ssare\Desktop\KORG_PA3X_RECOVERY_BACKUP_20260619-150450\NEWNAME.SET\PCM\RAM18.PCM"
"NEWNAME.SET\PCM\RAM19.PCM","RAM19.PCM",".pcm","NEWNAME.SET",2220968,"2007-06-28T09:46:58.0000000Z","BLOCKED_INSIDE_FORBIDDEN_SOURCE_FOLDER","C:\Users\ssare\Desktop\KORG_PA3X_RECOVERY_BACKUP_20260619-150450\NEWNAME.SET\PCM\RAM19.PCM"
"NEWNAME.SET\PCM\RAM20.PCM","RAM20.PCM",".pcm","NEWNAME.SET",1722445,"2007-06-28T09:46:58.0000000Z","BLOCKED_INSIDE_FORBIDDEN_SOURCE_FOLDER","C:\Users\ssare\Desktop\KORG_PA3X_RECOVERY_BACKUP_20260619-150450\NEWNAME.SET\PCM\RAM20.PCM"
"NEWNAME.SET\PCM\RAM21.PCM","RAM21.PCM",".pcm","NEWNAME.SET",2595382,"2007-06-28T09:47:00.0000000Z","BLOCKED_INSIDE_FORBIDDEN_SOURCE_FOLDER","C:\Users\ssare\Desktop\KORG_PA3X_RECOVERY_BACKUP_20260619-150450\NEWNAME.SET\PCM\RAM21.PCM"
"NEWNAME.SET\PCM\RAM22.PCM","RAM22.PCM",".pcm","NEWNAME.SET",2060104,"2007-06-28T09:47:02.0000000Z","BLOCKED_INSIDE_FORBIDDEN_SOURCE_FOLDER","C:\Users\ssare\Desktop\KORG_PA3X_RECOVERY_BACKUP_20260619-150450\NEWNAME.SET\PCM\RAM22.PCM"
"NEWNAME.SET\PCM\RAM23.PCM","RAM23.PCM",".pcm","NEWNAME.SET",2531710,"2007-06-28T09:47:02.0000000Z","BLOCKED_INSIDE_FORBIDDEN_SOURCE_FOLDER","C:\Users\ssare\Desktop\KORG_PA3X_RECOVERY_BACKUP_20260619-150450\NEWNAME.SET\PCM\RAM23.PCM"
"NEWNAME.SET\PCM\RAM24.PCM","RAM24.PCM",".pcm","NEWNAME.SET",2142487,"2007-06-28T09:47:04.0000000Z","BLOCKED_INSIDE_FORBIDDEN_SOURCE_FOLDER","C:\Users\ssare\Desktop\KORG_PA3X_RECOVERY_BACKUP_20260619-150450\NEWNAME.SET\PCM\RAM24.PCM"
"NEWNAME.SET\PCM\RAM25.PCM","RAM25.PCM",".pcm","NEWNAME.SET",2164534,"2007-06-28T09:47:04.0000000Z","BLOCKED_INSIDE_FORBIDDEN_SOURCE_FOLDER","C:\Users\ssare\Desktop\KORG_PA3X_RECOVERY_BACKUP_20260619-150450\NEWNAME.SET\PCM\RAM25.PCM"
"NEWNAME.SET\PCM\RAM26.PCM","RAM26.PCM",".pcm","NEWNAME.SET",2565758,"2007-06-28T09:47:06.0000000Z","BLOCKED_INSIDE_FORBIDDEN_SOURCE_FOLDER","C:\Users\ssare\Desktop\KORG_PA3X_RECOVERY_BACKUP_20260619-150450\NEWNAME.SET\PCM\RAM26.PCM"
"NEWNAME.SET\PCM\RAM27.PCM","RAM27.PCM",".pcm","NEWNAME.SET",2287978,"2007-06-28T09:47:06.0000000Z","BLOCKED_INSIDE_FORBIDDEN_SOURCE_FOLDER","C:\Users\ssare\Desktop\KORG_PA3X_RECOVERY_BACKUP_20260619-150450\NEWNAME.SET\PCM\RAM27.PCM"
"NEWNAME.SET\PCM\RAM28.PCM","RAM28.PCM",".pcm","NEWNAME.SET",2594508,"2007-06-28T09:47:08.0000000Z","BLOCKED_INSIDE_FORBIDDEN_SOURCE_FOLDER","C:\Users\ssare\Desktop\KORG_PA3X_RECOVERY_BACKUP_20260619-150450\NEWNAME.SET\PCM\RAM28.PCM"
"NEWNAME.SET\PCM\RAM29.PCM","RAM29.PCM",".pcm","NEWNAME.SET",1785173,"2007-06-28T09:47:10.0000000Z","BLOCKED_INSIDE_FORBIDDEN_SOURCE_FOLDER","C:\Users\ssare\Desktop\KORG_PA3X_RECOVERY_BACKUP_20260619-150450\NEWNAME.SET\PCM\RAM29.PCM"
"NEWNAME.SET\PCM\RAM30.PCM","RAM30.PCM",".pcm","NEWNAME.SET",2270183,"2007-06-28T09:47:10.0000000Z","BLOCKED_INSIDE_FORBIDDEN_SOURCE_FOLDER","C:\Users\ssare\Desktop\KORG_PA3X_RECOVERY_BACKUP_20260619-150450\NEWNAME.SET\PCM\RAM30.PCM"
"NEWNAME.SET\PCM\RAM31.PCM","RAM31.PCM",".pcm","NEWNAME.SET",3137802,"2007-06-28T09:47:12.0000000Z","BLOCKED_INSIDE_FORBIDDEN_SOURCE_FOLDER","C:\Users\ssare\Desktop\KORG_PA3X_RECOVERY_BACKUP_20260619-150450\NEWNAME.SET\PCM\RAM31.PCM"
"NEWNAME.SET\PCM\RAM32.PCM","RAM32.PCM",".pcm","NEWNAME.SET",3074903,"2007-06-28T09:47:12.0000000Z","BLOCKED_INSIDE_FORBIDDEN_SOURCE_FOLDER","C:\Users\ssare\Desktop\KORG_PA3X_RECOVERY_BACKUP_20260619-150450\NEWNAME.SET\PCM\RAM32.PCM"
"NEWNAME.SET\PCM\RAM33.PCM","RAM33.PCM",".pcm","NEWNAME.SET",2897098,"2007-06-28T09:47:14.0000000Z","BLOCKED_INSIDE_FORBIDDEN_SOURCE_FOLDER","C:\Users\ssare\Desktop\KORG_PA3X_RECOVERY_BACKUP_20260619-150450\NEWNAME.SET\PCM\RAM33.PCM"
"NEWNAME.SET\PCM\RAM34.PCM","RAM34.PCM",".pcm","NEWNAME.SET",2405864,"2007-06-28T09:47:16.0000000Z","BLOCKED_INSIDE_FORBIDDEN_SOURCE_FOLDER","C:\Users\ssare\Desktop\KORG_PA3X_RECOVERY_BACKUP_20260619-150450\NEWNAME.SET\PCM\RAM34.PCM"
"NEWNAME.SET\PCM\RAM35.PCM","RAM35.PCM",".pcm","NEWNAME.SET",1940526,"2007-06-28T09:47:16.0000000Z","BLOCKED_INSIDE_FORBIDDEN_SOURCE_FOLDER","C:\Users\ssare\Desktop\KORG_PA3X_RECOVERY_BACKUP_20260619-150450\NEWNAME.SET\PCM\RAM35.PCM"
"NEWNAME.SET\PCM\RAM36.PCM","RAM36.PCM",".pcm","NEWNAME.SET",2273202,"2007-06-28T09:47:18.0000000Z","BLOCKED_INSIDE_FORBIDDEN_SOURCE_FOLDER","C:\Users\ssare\Desktop\KORG_PA3X_RECOVERY_BACKUP_20260619-150450\NEWNAME.SET\PCM\RAM36.PCM"
"NEWNAME.SET\PCM\RAM37.PCM","RAM37.PCM",".pcm","NEWNAME.SET",1823568,"2007-06-28T09:47:18.0000000Z","BLOCKED_INSIDE_FORBIDDEN_SOURCE_FOLDER","C:\Users\ssare\Desktop\KORG_PA3X_RECOVERY_BACKUP_20260619-150450\NEWNAME.SET\PCM\RAM37.PCM"
"NEWNAME.SET\PCM\RAM38.PCM","RAM38.PCM",".pcm","NEWNAME.SET",2826353,"2007-06-28T09:47:20.0000000Z","BLOCKED_INSIDE_FORBIDDEN_SOURCE_FOLDER","C:\Users\ssare\Desktop\KORG_PA3X_RECOVERY_BACKUP_20260619-150450\NEWNAME.SET\PCM\RAM38.PCM"
"NEWNAME.SET\PCM\RAM39.PCM","RAM39.PCM",".pcm","NEWNAME.SET",1708270,"2007-06-28T09:47:22.0000000Z","BLOCKED_INSIDE_FORBIDDEN_SOURCE_FOLDER","C:\Users\ssare\Desktop\KORG_PA3X_RECOVERY_BACKUP_20260619-150450\NEWNAME.SET\PCM\RAM39.PCM"
"NEWNAME.SET\PCM\RAM40.PCM","RAM40.PCM",".pcm","NEWNAME.SET",2202160,"2007-06-28T09:47:22.0000000Z","BLOCKED_INSIDE_FORBIDDEN_SOURCE_FOLDER","C:\Users\ssare\Desktop\KORG_PA3X_RECOVERY_BACKUP_20260619-150450\NEWNAME.SET\PCM\RAM40.PCM"
"NEWNAME.SET\PCM\RAM41.PCM","RAM41.PCM",".pcm","NEWNAME.SET",2326367,"2007-06-28T09:47:24.0000000Z","BLOCKED_INSIDE_FORBIDDEN_SOURCE_FOLDER","C:\Users\ssare\Desktop\KORG_PA3X_RECOVERY_BACKUP_20260619-150450\NEWNAME.SET\PCM\RAM41.PCM"
"NEWNAME.SET\PCM\RAM42.PCM","RAM42.PCM",".pcm","NEWNAME.SET",3891457,"2007-06-28T09:47:26.0000000Z","BLOCKED_INSIDE_FORBIDDEN_SOURCE_FOLDER","C:\Users\ssare\Desktop\KORG_PA3X_RECOVERY_BACKUP_20260619-150450\NEWNAME.SET\PCM\RAM42.PCM"
"NEWNAME.SET\PCM\RAM43.PCM","RAM43.PCM",".pcm","NEWNAME.SET",2400009,"2007-06-28T09:47:26.0000000Z","BLOCKED_INSIDE_FORBIDDEN_SOURCE_FOLDER","C:\Users\ssare\Desktop\KORG_PA3X_RECOVERY_BACKUP_20260619-150450\NEWNAME.SET\PCM\RAM43.PCM"
"NEWNAME.SET\PCM\RAM44.PCM","RAM44.PCM",".pcm","NEWNAME.SET",1897894,"2007-06-28T09:47:28.0000000Z","BLOCKED_INSIDE_FORBIDDEN_SOURCE_FOLDER","C:\Users\ssare\Desktop\KORG_PA3X_RECOVERY_BACKUP_20260619-150450\NEWNAME.SET\PCM\RAM44.PCM"
"NEWNAME.SET\PCM\RAM45.PCM","RAM45.PCM",".pcm","NEWNAME.SET",2798354,"2007-06-28T09:47:28.0000000Z","BLOCKED_INSIDE_FORBIDDEN_SOURCE_FOLDER","C:\Users\ssare\Desktop\KORG_PA3X_RECOVERY_BACKUP_20260619-150450\NEWNAME.SET\PCM\RAM45.PCM"
"NEWNAME.SET\PCM\RAM46.PCM","RAM46.PCM",".pcm","NEWNAME.SET",2014208,"2007-06-28T09:47:30.0000000Z","BLOCKED_INSIDE_FORBIDDEN_SOURCE_FOLDER","C:\Users\ssare\Desktop\KORG_PA3X_RECOVERY_BACKUP_20260619-150450\NEWNAME.SET\PCM\RAM46.PCM"
"NEWNAME.SET\PCM\RAM47.PCM","RAM47.PCM",".pcm","NEWNAME.SET",2376024,"2007-06-28T09:47:32.0000000Z","BLOCKED_INSIDE_FORBIDDEN_SOURCE_FOLDER","C:\Users\ssare\Desktop\KORG_PA3X_RECOVERY_BACKUP_20260619-150450\NEWNAME.SET\PCM\RAM47.PCM"
"NEWNAME.SET\PCM\RAM48.PCM","RAM48.PCM",".pcm","NEWNAME.SET",2499607,"2007-06-28T09:47:32.0000000Z","BLOCKED_INSIDE_FORBIDDEN_SOURCE_FOLDER","C:\Users\ssare\Desktop\KORG_PA3X_RECOVERY_BACKUP_20260619-150450\NEWNAME.SET\PCM\RAM48.PCM"
"NEWNAME.SET\PCM\RAM49.PCM","RAM49.PCM",".pcm","NEWNAME.SET",2222014,"2007-06-28T09:47:34.0000000Z","BLOCKED_INSIDE_FORBIDDEN_SOURCE_FOLDER","C:\Users\ssare\Desktop\KORG_PA3X_RECOVERY_BACKUP_20260619-150450\NEWNAME.SET\PCM\RAM49.PCM"
"NEWNAME.SET\PCM\RAM50.PCM","RAM50.PCM",".pcm","NEWNAME.SET",2718071,"2007-06-28T09:47:34.0000000Z","BLOCKED_INSIDE_FORBIDDEN_SOURCE_FOLDER","C:\Users\ssare\Desktop\KORG_PA3X_RECOVERY_BACKUP_20260619-150450\NEWNAME.SET\PCM\RAM50.PCM"
"NEWNAME.SET\PCM\RAM51.PCM","RAM51.PCM",".pcm","NEWNAME.SET",2661361,"2007-06-28T09:47:36.0000000Z","BLOCKED_INSIDE_FORBIDDEN_SOURCE_FOLDER","C:\Users\ssare\Desktop\KORG_PA3X_RECOVERY_BACKUP_20260619-150450\NEWNAME.SET\PCM\RAM51.PCM"
"NEWNAME.SET\PCM\RAM52.PCM","RAM52.PCM",".pcm","NEWNAME.SET",2520392,"2007-06-28T09:47:38.0000000Z","BLOCKED_INSIDE_FORBIDDEN_SOURCE_FOLDER","C:\Users\ssare\Desktop\KORG_PA3X_RECOVERY_BACKUP_20260619-150450\NEWNAME.SET\PCM\RAM52.PCM"
"NEWNAME.SET\PCM\RAM53.PCM","RAM53.PCM",".pcm","NEWNAME.SET",3180334,"2007-06-28T09:47:40.0000000Z","BLOCKED_INSIDE_FORBIDDEN_SOURCE_FOLDER","C:\Users\ssare\Desktop\KORG_PA3X_RECOVERY_BACKUP_20260619-150450\NEWNAME.SET\PCM\RAM53.PCM"
"NEWNAME.SET\PCM\RAM54.PCM","RAM54.PCM",".pcm","NEWNAME.SET",2146314,"2007-06-28T09:47:40.0000000Z","BLOCKED_INSIDE_FORBIDDEN_SOURCE_FOLDER","C:\Users\ssare\Desktop\KORG_PA3X_RECOVERY_BACKUP_20260619-150450\NEWNAME.SET\PCM\RAM54.PCM"
"NEWNAME.SET\PCM\RAM55.PCM","RAM55.PCM",".pcm","NEWNAME.SET",2243332,"2007-06-28T09:47:42.0000000Z","BLOCKED_INSIDE_FORBIDDEN_SOURCE_FOLDER","C:\Users\ssare\Desktop\KORG_PA3X_RECOVERY_BACKUP_20260619-150450\NEWNAME.SET\PCM\RAM55.PCM"
"NEWNAME.SET\PCM\RAM56.PCM","RAM56.PCM",".pcm","NEWNAME.SET",2131284,"2007-06-28T09:47:42.0000000Z","BLOCKED_INSIDE_FORBIDDEN_SOURCE_FOLDER","C:\Users\ssare\Desktop\KORG_PA3X_RECOVERY_BACKUP_20260619-150450\NEWNAME.SET\PCM\RAM56.PCM"
"NEWNAME.SET\PCM\RAM57.PCM","RAM57.PCM",".pcm","NEWNAME.SET",3810854,"2007-06-28T09:47:44.0000000Z","BLOCKED_INSIDE_FORBIDDEN_SOURCE_FOLDER","C:\Users\ssare\Desktop\KORG_PA3X_RECOVERY_BACKUP_20260619-150450\NEWNAME.SET\PCM\RAM57.PCM"
"NEWNAME.SET\PCM\RAM58.PCM","RAM58.PCM",".pcm","NEWNAME.SET",2158382,"2007-06-28T09:47:46.0000000Z","BLOCKED_INSIDE_FORBIDDEN_SOURCE_FOLDER","C:\Users\ssare\Desktop\KORG_PA3X_RECOVERY_BACKUP_20260619-150450\NEWNAME.SET\PCM\RAM58.PCM"
"NEWNAME.SET\PCM\RAM59.PCM","RAM59.PCM",".pcm","NEWNAME.SET",2029138,"2007-06-28T09:47:46.0000000Z","BLOCKED_INSIDE_FORBIDDEN_SOURCE_FOLDER","C:\Users\ssare\Desktop\KORG_PA3X_RECOVERY_BACKUP_20260619-150450\NEWNAME.SET\PCM\RAM59.PCM"
"NEWNAME.SET\PCM\RAM60.PCM","RAM60.PCM",".pcm","NEWNAME.SET",2967115,"2007-06-28T09:47:48.0000000Z","BLOCKED_INSIDE_FORBIDDEN_SOURCE_FOLDER","C:\Users\ssare\Desktop\KORG_PA3X_RECOVERY_BACKUP_20260619-150450\NEWNAME.SET\PCM\RAM60.PCM"
"NEWNAME.SET\PCM\RAM61.PCM","RAM61.PCM",".pcm","NEWNAME.SET",2104894,"2007-06-28T09:47:50.0000000Z","BLOCKED_INSIDE_FORBIDDEN_SOURCE_FOLDER","C:\Users\ssare\Desktop\KORG_PA3X_RECOVERY_BACKUP_20260619-150450\NEWNAME.SET\PCM\RAM61.PCM"
"NEWNAME.SET\PCM\RAM62.PCM","RAM62.PCM",".pcm","NEWNAME.SET",2926341,"2007-06-28T09:47:50.0000000Z","BLOCKED_INSIDE_FORBIDDEN_SOURCE_FOLDER","C:\Users\ssare\Desktop\KORG_PA3X_RECOVERY_BACKUP_20260619-150450\NEWNAME.SET\PCM\RAM62.PCM"
"NEWNAME.SET\PCM\RAM63.PCM","RAM63.PCM",".pcm","NEWNAME.SET",2164118,"2007-06-28T09:47:52.0000000Z","BLOCKED_INSIDE_FORBIDDEN_SOURCE_FOLDER","C:\Users\ssare\Desktop\KORG_PA3X_RECOVERY_BACKUP_20260619-150450\NEWNAME.SET\PCM\RAM63.PCM"
"NEWNAME.SET\PCM\RAM64.PCM","RAM64.PCM",".pcm","NEWNAME.SET",2000496,"2007-06-28T09:47:52.0000000Z","BLOCKED_INSIDE_FORBIDDEN_SOURCE_FOLDER","C:\Users\ssare\Desktop\KORG_PA3X_RECOVERY_BACKUP_20260619-150450\NEWNAME.SET\PCM\RAM64.PCM"
"NEWNAME.SET\PCM\RAM65.PCM","RAM65.PCM",".pcm","NEWNAME.SET",2099301,"2007-06-28T09:47:54.0000000Z","BLOCKED_INSIDE_FORBIDDEN_SOURCE_FOLDER","C:\Users\ssare\Desktop\KORG_PA3X_RECOVERY_BACKUP_20260619-150450\NEWNAME.SET\PCM\RAM65.PCM"
"NEWNAME.SET\PCM\RAM66.PCM","RAM66.PCM",".pcm","NEWNAME.SET",2401302,"2007-06-28T09:47:56.0000000Z","BLOCKED_INSIDE_FORBIDDEN_SOURCE_FOLDER","C:\Users\ssare\Desktop\KORG_PA3X_RECOVERY_BACKUP_20260619-150450\NEWNAME.SET\PCM\RAM66.PCM"
"NEWNAME.SET\PCM\RAM67.PCM","RAM67.PCM",".pcm","NEWNAME.SET",2156897,"2007-06-28T09:47:56.0000000Z","BLOCKED_INSIDE_FORBIDDEN_SOURCE_FOLDER","C:\Users\ssare\Desktop\KORG_PA3X_RECOVERY_BACKUP_20260619-150450\NEWNAME.SET\PCM\RAM67.PCM"
"NEWNAME.SET\PCM\RAM68.PCM","RAM68.PCM",".pcm","NEWNAME.SET",1782222,"2007-06-28T09:47:58.0000000Z","BLOCKED_INSIDE_FORBIDDEN_SOURCE_FOLDER","C:\Users\ssare\Desktop\KORG_PA3X_RECOVERY_BACKUP_20260619-150450\NEWNAME.SET\PCM\RAM68.PCM"
"NEWNAME.SET\PCM\RAM69.PCM","RAM69.PCM",".pcm","NEWNAME.SET",1864001,"2007-06-28T09:47:58.0000000Z","BLOCKED_INSIDE_FORBIDDEN_SOURCE_FOLDER","C:\Users\ssare\Desktop\KORG_PA3X_RECOVERY_BACKUP_20260619-150450\NEWNAME.SET\PCM\RAM69.PCM"
"NEWNAME.SET\PCM\RAM70.PCM","RAM70.PCM",".pcm","NEWNAME.SET",2403658,"2007-06-28T09:48:00.0000000Z","BLOCKED_INSIDE_FORBIDDEN_SOURCE_FOLDER","C:\Users\ssare\Desktop\KORG_PA3X_RECOVERY_BACKUP_20260619-150450\NEWNAME.SET\PCM\RAM70.PCM"
"NEWNAME.SET\PCM\RAM71.PCM","RAM71.PCM",".pcm","NEWNAME.SET",1988276,"2007-06-28T09:48:00.0000000Z","BLOCKED_INSIDE_FORBIDDEN_SOURCE_FOLDER","C:\Users\ssare\Desktop\KORG_PA3X_RECOVERY_BACKUP_20260619-150450\NEWNAME.SET\PCM\RAM71.PCM"
"NEWNAME.SET\PCM\RAM72.PCM","RAM72.PCM",".pcm","NEWNAME.SET",3120497,"2007-06-28T09:48:02.0000000Z","BLOCKED_INSIDE_FORBIDDEN_SOURCE_FOLDER","C:\Users\ssare\Desktop\KORG_PA3X_RECOVERY_BACKUP_20260619-150450\NEWNAME.SET\PCM\RAM72.PCM"
"NEWNAME.SET\PCM\RAM73.PCM","RAM73.PCM",".pcm","NEWNAME.SET",1656312,"2007-06-28T09:48:04.0000000Z","BLOCKED_INSIDE_FORBIDDEN_SOURCE_FOLDER","C:\Users\ssare\Desktop\KORG_PA3X_RECOVERY_BACKUP_20260619-150450\NEWNAME.SET\PCM\RAM73.PCM"
"NEWNAME.SET\PCM\RAM74.PCM","RAM74.PCM",".pcm","NEWNAME.SET",2290068,"2007-06-28T09:48:04.0000000Z","BLOCKED_INSIDE_FORBIDDEN_SOURCE_FOLDER","C:\Users\ssare\Desktop\KORG_PA3X_RECOVERY_BACKUP_20260619-150450\NEWNAME.SET\PCM\RAM74.PCM"
"NEWNAME.SET\PCM\RAM75.PCM","RAM75.PCM",".pcm","NEWNAME.SET",2364428,"2007-06-28T09:48:06.0000000Z","BLOCKED_INSIDE_FORBIDDEN_SOURCE_FOLDER","C:\Users\ssare\Desktop\KORG_PA3X_RECOVERY_BACKUP_20260619-150450\NEWNAME.SET\PCM\RAM75.PCM"
"NEWNAME.SET\PCM\RAM76.PCM","RAM76.PCM",".pcm","NEWNAME.SET",1882532,"2007-06-28T09:48:08.0000000Z","BLOCKED_INSIDE_FORBIDDEN_SOURCE_FOLDER","C:\Users\ssare\Desktop\KORG_PA3X_RECOVERY_BACKUP_20260619-150450\NEWNAME.SET\PCM\RAM76.PCM"
"NEWNAME.SET\PCM\RAM77.PCM","RAM77.PCM",".pcm","NEWNAME.SET",2258324,"2007-06-28T09:48:08.0000000Z","BLOCKED_INSIDE_FORBIDDEN_SOURCE_FOLDER","C:\Users\ssare\Desktop\KORG_PA3X_RECOVERY_BACKUP_20260619-150450\NEWNAME.SET\PCM\RAM77.PCM"
"NEWNAME.SET\PCM\RAM78.PCM","RAM78.PCM",".pcm","NEWNAME.SET",1643401,"2007-06-28T09:48:10.0000000Z","BLOCKED_INSIDE_FORBIDDEN_SOURCE_FOLDER","C:\Users\ssare\Desktop\KORG_PA3X_RECOVERY_BACKUP_20260619-150450\NEWNAME.SET\PCM\RAM78.PCM"
"NEWNAME.SET\PCM\RAM79.PCM","RAM79.PCM",".pcm","NEWNAME.SET",1953674,"2007-06-28T09:48:10.0000000Z","BLOCKED_INSIDE_FORBIDDEN_SOURCE_FOLDER","C:\Users\ssare\Desktop\KORG_PA3X_RECOVERY_BACKUP_20260619-150450\NEWNAME.SET\PCM\RAM79.PCM"
"NEWNAME.SET\PCM\RAM80.PCM","RAM80.PCM",".pcm","NEWNAME.SET",1821451,"2007-06-28T09:48:12.0000000Z","BLOCKED_INSIDE_FORBIDDEN_SOURCE_FOLDER","C:\Users\ssare\Desktop\KORG_PA3X_RECOVERY_BACKUP_20260619-150450\NEWNAME.SET\PCM\RAM80.PCM"
"NEWNAME.SET\PCM\RAM81.PCM","RAM81.PCM",".pcm","NEWNAME.SET",2898977,"2007-06-28T09:48:14.0000000Z","BLOCKED_INSIDE_FORBIDDEN_SOURCE_FOLDER","C:\Users\ssare\Desktop\KORG_PA3X_RECOVERY_BACKUP_20260619-150450\NEWNAME.SET\PCM\RAM81.PCM"
"NEWNAME.SET\PCM\RAM82.PCM","RAM82.PCM",".pcm","NEWNAME.SET",1649618,"2007-06-28T09:48:14.0000000Z","BLOCKED_INSIDE_FORBIDDEN_SOURCE_FOLDER","C:\Users\ssare\Desktop\KORG_PA3X_RECOVERY_BACKUP_20260619-150450\NEWNAME.SET\PCM\RAM82.PCM"
"NEWNAME.SET\PCM\RAM83.PCM","RAM83.PCM",".pcm","NEWNAME.SET",2059079,"2007-06-28T09:48:14.0000000Z","BLOCKED_INSIDE_FORBIDDEN_SOURCE_FOLDER","C:\Users\ssare\Desktop\KORG_PA3X_RECOVERY_BACKUP_20260619-150450\NEWNAME.SET\PCM\RAM83.PCM"
"NEWNAME.SET\PCM\RAM84.PCM","RAM84.PCM",".pcm","NEWNAME.SET",2140754,"2007-06-28T09:48:16.0000000Z","BLOCKED_INSIDE_FORBIDDEN_SOURCE_FOLDER","C:\Users\ssare\Desktop\KORG_PA3X_RECOVERY_BACKUP_20260619-150450\NEWNAME.SET\PCM\RAM84.PCM"
"NEWNAME.SET\PCM\RAM85.PCM","RAM85.PCM",".pcm","NEWNAME.SET",2075814,"2007-06-28T09:48:16.0000000Z","BLOCKED_INSIDE_FORBIDDEN_SOURCE_FOLDER","C:\Users\ssare\Desktop\KORG_PA3X_RECOVERY_BACKUP_20260619-150450\NEWNAME.SET\PCM\RAM85.PCM"
"NEWNAME.SET\PCM\RAM86.PCM","RAM86.PCM",".pcm","NEWNAME.SET",2596803,"2007-06-28T09:48:18.0000000Z","BLOCKED_INSIDE_FORBIDDEN_SOURCE_FOLDER","C:\Users\ssare\Desktop\KORG_PA3X_RECOVERY_BACKUP_20260619-150450\NEWNAME.SET\PCM\RAM86.PCM"
"NEWNAME.SET\PCM\RAM87.PCM","RAM87.PCM",".pcm","NEWNAME.SET",3024325,"2007-06-28T09:48:20.0000000Z","BLOCKED_INSIDE_FORBIDDEN_SOURCE_FOLDER","C:\Users\ssare\Desktop\KORG_PA3X_RECOVERY_BACKUP_20260619-150450\NEWNAME.SET\PCM\RAM87.PCM"
"NEWNAME.SET\PCM\RAM88.PCM","RAM88.PCM",".pcm","NEWNAME.SET",1829250,"2007-06-28T09:48:22.0000000Z","BLOCKED_INSIDE_FORBIDDEN_SOURCE_FOLDER","C:\Users\ssare\Desktop\KORG_PA3X_RECOVERY_BACKUP_20260619-150450\NEWNAME.SET\PCM\RAM88.PCM"
"NEWNAME.SET\PCM\RAM89.PCM","RAM89.PCM",".pcm","NEWNAME.SET",1956771,"2007-06-28T09:48:22.0000000Z","BLOCKED_INSIDE_FORBIDDEN_SOURCE_FOLDER","C:\Users\ssare\Desktop\KORG_PA3X_RECOVERY_BACKUP_20260619-150450\NEWNAME.SET\PCM\RAM89.PCM"
"NEWNAME.SET\PCM\RAM90.PCM","RAM90.PCM",".pcm","NEWNAME.SET",3058875,"2007-06-28T09:48:24.0000000Z","BLOCKED_INSIDE_FORBIDDEN_SOURCE_FOLDER","C:\Users\ssare\Desktop\KORG_PA3X_RECOVERY_BACKUP_20260619-150450\NEWNAME.SET\PCM\RAM90.PCM"
"NEWNAME.SET\PCM\RAM91.PCM","RAM91.PCM",".pcm","NEWNAME.SET",2328815,"2007-06-28T09:48:24.0000000Z","BLOCKED_INSIDE_FORBIDDEN_SOURCE_FOLDER","C:\Users\ssare\Desktop\KORG_PA3X_RECOVERY_BACKUP_20260619-150450\NEWNAME.SET\PCM\RAM91.PCM"
"NEWNAME.SET\PCM\RAM92.PCM","RAM92.PCM",".pcm","NEWNAME.SET",2197581,"2007-06-28T09:48:26.0000000Z","BLOCKED_INSIDE_FORBIDDEN_SOURCE_FOLDER","C:\Users\ssare\Desktop\KORG_PA3X_RECOVERY_BACKUP_20260619-150450\NEWNAME.SET\PCM\RAM92.PCM"
"NEWNAME.SET\PCM\RAM93.PCM","RAM93.PCM",".pcm","NEWNAME.SET",2100209,"2007-06-28T09:48:26.0000000Z","BLOCKED_INSIDE_FORBIDDEN_SOURCE_FOLDER","C:\Users\ssare\Desktop\KORG_PA3X_RECOVERY_BACKUP_20260619-150450\NEWNAME.SET\PCM\RAM93.PCM"
"NEWNAME.SET\PCM\RAM94.PCM","RAM94.PCM",".pcm","NEWNAME.SET",2631154,"2007-06-28T09:48:28.0000000Z","BLOCKED_INSIDE_FORBIDDEN_SOURCE_FOLDER","C:\Users\ssare\Desktop\KORG_PA3X_RECOVERY_BACKUP_20260619-150450\NEWNAME.SET\PCM\RAM94.PCM"
"NEWNAME.SET\PCM\RAM95.PCM","RAM95.PCM",".pcm","NEWNAME.SET",4251732,"2007-06-28T09:48:30.0000000Z","BLOCKED_INSIDE_FORBIDDEN_SOURCE_FOLDER","C:\Users\ssare\Desktop\KORG_PA3X_RECOVERY_BACKUP_20260619-150450\NEWNAME.SET\PCM\RAM95.PCM"
"NEWNAME.SET\PCM\RAM96.PCM","RAM96.PCM",".pcm","NEWNAME.SET",3700130,"2007-06-28T09:48:32.0000000Z","BLOCKED_INSIDE_FORBIDDEN_SOURCE_FOLDER","C:\Users\ssare\Desktop\KORG_PA3X_RECOVERY_BACKUP_20260619-150450\NEWNAME.SET\PCM\RAM96.PCM"
"NEWNAME.SET\PCM\RAM97.PCM","RAM97.PCM",".pcm","NEWNAME.SET",3866196,"2007-06-28T09:48:34.0000000Z","BLOCKED_INSIDE_FORBIDDEN_SOURCE_FOLDER","C:\Users\ssare\Desktop\KORG_PA3X_RECOVERY_BACKUP_20260619-150450\NEWNAME.SET\PCM\RAM97.PCM"
"NEWNAME.SET\PCM\RAM98.PCM","RAM98.PCM",".pcm","NEWNAME.SET",2860792,"2007-06-28T09:48:36.0000000Z","BLOCKED_INSIDE_FORBIDDEN_SOURCE_FOLDER","C:\Users\ssare\Desktop\KORG_PA3X_RECOVERY_BACKUP_20260619-150450\NEWNAME.SET\PCM\RAM98.PCM"
"NEWNAME.SET\PCM\RAM99.PCM","RAM99.PCM",".pcm","NEWNAME.SET",2008717,"2007-06-28T09:48:38.0000000Z","BLOCKED_INSIDE_FORBIDDEN_SOURCE_FOLDER","C:\Users\ssare\Desktop\KORG_PA3X_RECOVERY_BACKUP_20260619-150450\NEWNAME.SET\PCM\RAM99.PCM"
"NEWNAME.SET\PERFORM\BANK01.PRF","BANK01.PRF",".prf","NEWNAME.SET",29244,"2007-06-28T09:46:16.0000000Z","BLOCKED_FORBIDDEN_FILE_EXTENSION","C:\Users\ssare\Desktop\KORG_PA3X_RECOVERY_BACKUP_20260619-150450\NEWNAME.SET\PERFORM\BANK01.PRF"
"NEWNAME.SET\PERFORM\BANK02.PRF","BANK02.PRF",".prf","NEWNAME.SET",25481,"2007-06-28T09:46:16.0000000Z","BLOCKED_FORBIDDEN_FILE_EXTENSION","C:\Users\ssare\Desktop\KORG_PA3X_RECOVERY_BACKUP_20260619-150450\NEWNAME.SET\PERFORM\BANK02.PRF"
"NEWNAME.SET\PERFORM\BANK03.PRF","BANK03.PRF",".prf","NEWNAME.SET",24810,"2007-06-28T09:46:16.0000000Z","BLOCKED_FORBIDDEN_FILE_EXTENSION","C:\Users\ssare\Desktop\KORG_PA3X_RECOVERY_BACKUP_20260619-150450\NEWNAME.SET\PERFORM\BANK03.PRF"
"NEWNAME.SET\PERFORM\BANK04.PRF","BANK04.PRF",".prf","NEWNAME.SET",24709,"2007-06-28T09:46:16.0000000Z","BLOCKED_FORBIDDEN_FILE_EXTENSION","C:\Users\ssare\Desktop\KORG_PA3X_RECOVERY_BACKUP_20260619-150450\NEWNAME.SET\PERFORM\BANK04.PRF"
"NEWNAME.SET\PERFORM\BANK05.PRF","BANK05.PRF",".prf","NEWNAME.SET",23741,"2007-06-28T09:46:16.0000000Z","BLOCKED_FORBIDDEN_FILE_EXTENSION","C:\Users\ssare\Desktop\KORG_PA3X_RECOVERY_BACKUP_20260619-150450\NEWNAME.SET\PERFORM\BANK05.PRF"
"NEWNAME.SET\PERFORM\BANK06.PRF","BANK06.PRF",".prf","NEWNAME.SET",23152,"2007-06-28T09:46:16.0000000Z","BLOCKED_FORBIDDEN_FILE_EXTENSION","C:\Users\ssare\Desktop\KORG_PA3X_RECOVERY_BACKUP_20260619-150450\NEWNAME.SET\PERFORM\BANK06.PRF"
"NEWNAME.SET\PERFORM\BANK07.PRF","BANK07.PRF",".prf","NEWNAME.SET",28111,"2007-06-28T09:46:16.0000000Z","BLOCKED_FORBIDDEN_FILE_EXTENSION","C:\Users\ssare\Desktop\KORG_PA3X_RECOVERY_BACKUP_20260619-150450\NEWNAME.SET\PERFORM\BANK07.PRF"
"NEWNAME.SET\PERFORM\BANK08.PRF","BANK08.PRF",".prf","NEWNAME.SET",22954,"2007-06-28T09:46:16.0000000Z","BLOCKED_FORBIDDEN_FILE_EXTENSION","C:\Users\ssare\Desktop\KORG_PA3X_RECOVERY_BACKUP_20260619-150450\NEWNAME.SET\PERFORM\BANK08.PRF"
"NEWNAME.SET\PERFORM\BANK09.PRF","BANK09.PRF",".prf","NEWNAME.SET",32230,"2007-06-28T09:46:16.0000000Z","BLOCKED_FORBIDDEN_FILE_EXTENSION","C:\Users\ssare\Desktop\KORG_PA3X_RECOVERY_BACKUP_20260619-150450\NEWNAME.SET\PERFORM\BANK09.PRF"
"NEWNAME.SET\PERFORM\BANK10.PRF","BANK10.PRF",".prf","NEWNAME.SET",31879,"2007-06-28T09:46:18.0000000Z","BLOCKED_FORBIDDEN_FILE_EXTENSION","C:\Users\ssare\Desktop\KORG_PA3X_RECOVERY_BACKUP_20260619-150450\NEWNAME.SET\PERFORM\BANK10.PRF"
"NEWNAME.SET\PERFORM\BANK11.PRF","BANK11.PRF",".prf","NEWNAME.SET",29437,"2007-06-28T09:46:18.0000000Z","BLOCKED_FORBIDDEN_FILE_EXTENSION","C:\Users\ssare\Desktop\KORG_PA3X_RECOVERY_BACKUP_20260619-150450\NEWNAME.SET\PERFORM\BANK11.PRF"
"NEWNAME.SET\PERFORM\BANK12.PRF","BANK12.PRF",".prf","NEWNAME.SET",26615,"2007-06-28T09:46:18.0000000Z","BLOCKED_FORBIDDEN_FILE_EXTENSION","C:\Users\ssare\Desktop\KORG_PA3X_RECOVERY_BACKUP_20260619-150450\NEWNAME.SET\PERFORM\BANK12.PRF"
"NEWNAME.SET\PERFORM\BANK13.PRF","BANK13.PRF",".prf","NEWNAME.SET",31626,"2007-06-28T09:46:18.0000000Z","BLOCKED_FORBIDDEN_FILE_EXTENSION","C:\Users\ssare\Desktop\KORG_PA3X_RECOVERY_BACKUP_20260619-150450\NEWNAME.SET\PERFORM\BANK13.PRF"
"NEWNAME.SET\PERFORM\BANK14.PRF","BANK14.PRF",".prf","NEWNAME.SET",22598,"2007-06-28T09:46:18.0000000Z","BLOCKED_FORBIDDEN_FILE_EXTENSION","C:\Users\ssare\Desktop\KORG_PA3X_RECOVERY_BACKUP_20260619-150450\NEWNAME.SET\PERFORM\BANK14.PRF"
"NEWNAME.SET\PERFORM\BANK15.PRF","BANK15.PRF",".prf","NEWNAME.SET",30181,"2007-06-28T09:46:20.0000000Z","BLOCKED_FORBIDDEN_FILE_EXTENSION","C:\Users\ssare\Desktop\KORG_PA3X_RECOVERY_BACKUP_20260619-150450\NEWNAME.SET\PERFORM\BANK15.PRF"
"NEWNAME.SET\PERFORM\BANK16.PRF","BANK16.PRF",".prf","NEWNAME.SET",21975,"2007-06-28T09:46:20.0000000Z","BLOCKED_FORBIDDEN_FILE_EXTENSION","C:\Users\ssare\Desktop\KORG_PA3X_RECOVERY_BACKUP_20260619-150450\NEWNAME.SET\PERFORM\BANK16.PRF"
"NEWNAME.SET\SONGBOOK\LISTDB.SBL","LISTDB.SBL",".sbl","NEWNAME.SET",2915,"2007-06-28T09:46:16.0000000Z","BLOCKED_INSIDE_FORBIDDEN_SOURCE_FOLDER","C:\Users\ssare\Desktop\KORG_PA3X_RECOVERY_BACKUP_20260619-150450\NEWNAME.SET\SONGBOOK\LISTDB.SBL"
"NEWNAME.SET\SONGBOOK\SONGDB.SBD\BANK01.SBD","BANK01.SBD",".sbd","NEWNAME.SET",46514,"2007-06-28T09:46:14.0000000Z","BLOCKED_INSIDE_FORBIDDEN_SOURCE_FOLDER","C:\Users\ssare\Desktop\KORG_PA3X_RECOVERY_BACKUP_20260619-150450\NEWNAME.SET\SONGBOOK\SONGDB.SBD\BANK01.SBD"
"NEWNAME.SET\SONGBOOK\SONGDB.SBD\BANK02.SBD","BANK02.SBD",".sbd","NEWNAME.SET",47582,"2007-06-28T09:46:14.0000000Z","BLOCKED_INSIDE_FORBIDDEN_SOURCE_FOLDER","C:\Users\ssare\Desktop\KORG_PA3X_RECOVERY_BACKUP_20260619-150450\NEWNAME.SET\SONGBOOK\SONGDB.SBD\BANK02.SBD"
"NEWNAME.SET\SONGBOOK\SONGDB.SBD\BANK03.SBD","BANK03.SBD",".sbd","NEWNAME.SET",47913,"2007-06-28T09:46:14.0000000Z","BLOCKED_INSIDE_FORBIDDEN_SOURCE_FOLDER","C:\Users\ssare\Desktop\KORG_PA3X_RECOVERY_BACKUP_20260619-150450\NEWNAME.SET\SONGBOOK\SONGDB.SBD\BANK03.SBD"
"NEWNAME.SET\SONGBOOK\SONGDB.SBD\BANK04.SBD","BANK04.SBD",".sbd","NEWNAME.SET",47200,"2007-06-28T09:46:16.0000000Z","BLOCKED_INSIDE_FORBIDDEN_SOURCE_FOLDER","C:\Users\ssare\Desktop\KORG_PA3X_RECOVERY_BACKUP_20260619-150450\NEWNAME.SET\SONGBOOK\SONGDB.SBD\BANK04.SBD"
"NEWNAME.SET\SONGBOOK\SONGDB.SBD\BANK05.SBD","BANK05.SBD",".sbd","NEWNAME.SET",46636,"2007-06-28T09:46:16.0000000Z","BLOCKED_INSIDE_FORBIDDEN_SOURCE_FOLDER","C:\Users\ssare\Desktop\KORG_PA3X_RECOVERY_BACKUP_20260619-150450\NEWNAME.SET\SONGBOOK\SONGDB.SBD\BANK05.SBD"
"NEWNAME.SET\SONGBOOK\SONGDB.SBD\BANK06.SBD","BANK06.SBD",".sbd","NEWNAME.SET",51534,"2007-06-28T09:46:16.0000000Z","BLOCKED_INSIDE_FORBIDDEN_SOURCE_FOLDER","C:\Users\ssare\Desktop\KORG_PA3X_RECOVERY_BACKUP_20260619-150450\NEWNAME.SET\SONGBOOK\SONGDB.SBD\BANK06.SBD"
"NEWNAME.SET\SONGBOOK\SONGDB.SBD\BANK07.SBD","BANK07.SBD",".sbd","NEWNAME.SET",2557,"2007-06-28T09:46:16.0000000Z","BLOCKED_INSIDE_FORBIDDEN_SOURCE_FOLDER","C:\Users\ssare\Desktop\KORG_PA3X_RECOVERY_BACKUP_20260619-150450\NEWNAME.SET\SONGBOOK\SONGDB.SBD\BANK07.SBD"
"NEWNAME.SET\SOUND\USER01.PCG","USER01.PCG",".pcg","NEWNAME.SET",42631,"2007-06-28T09:46:34.0000000Z","BLOCKED_INSIDE_FORBIDDEN_SOURCE_FOLDER","C:\Users\ssare\Desktop\KORG_PA3X_RECOVERY_BACKUP_20260619-150450\NEWNAME.SET\SOUND\USER01.PCG"
"NEWNAME.SET\SOUND\USER02.PCG","USER02.PCG",".pcg","NEWNAME.SET",42857,"2007-06-28T09:46:34.0000000Z","BLOCKED_INSIDE_FORBIDDEN_SOURCE_FOLDER","C:\Users\ssare\Desktop\KORG_PA3X_RECOVERY_BACKUP_20260619-150450\NEWNAME.SET\SOUND\USER02.PCG"
"NEWNAME.SET\SOUND\USER03.PCG","USER03.PCG",".pcg","NEWNAME.SET",24772,"2007-06-28T09:46:34.0000000Z","BLOCKED_INSIDE_FORBIDDEN_SOURCE_FOLDER","C:\Users\ssare\Desktop\KORG_PA3X_RECOVERY_BACKUP_20260619-150450\NEWNAME.SET\SOUND\USER03.PCG"
"NEWNAME.SET\SOUND\USER04.PCG","USER04.PCG",".pcg","NEWNAME.SET",12031,"2007-06-28T09:46:34.0000000Z","BLOCKED_INSIDE_FORBIDDEN_SOURCE_FOLDER","C:\Users\ssare\Desktop\KORG_PA3X_RECOVERY_BACKUP_20260619-150450\NEWNAME.SET\SOUND\USER04.PCG"
"NEWNAME.SET\SOUND\USERDK.PCG","USERDK.PCG",".pcg","NEWNAME.SET",113296,"2007-06-28T09:46:34.0000000Z","BLOCKED_INSIDE_FORBIDDEN_SOURCE_FOLDER","C:\Users\ssare\Desktop\KORG_PA3X_RECOVERY_BACKUP_20260619-150450\NEWNAME.SET\SOUND\USERDK.PCG"
"NEWNAME.SET\STYLE\FAVORITE01.STY","FAVORITE01.STY",".sty","NEWNAME.SET",1620562,"2007-06-28T09:46:24.0000000Z","BLOCKED_FORBIDDEN_FILE_EXTENSION","C:\Users\ssare\Desktop\KORG_PA3X_RECOVERY_BACKUP_20260619-150450\NEWNAME.SET\STYLE\FAVORITE01.STY"
"NEWNAME.SET\STYLE\FAVORITE02.STY","FAVORITE02.STY",".sty","NEWNAME.SET",1313446,"2007-06-28T09:46:24.0000000Z","BLOCKED_FORBIDDEN_FILE_EXTENSION","C:\Users\ssare\Desktop\KORG_PA3X_RECOVERY_BACKUP_20260619-150450\NEWNAME.SET\STYLE\FAVORITE02.STY"
"NEWNAME.SET\STYLE\FAVORITE03.STY","FAVORITE03.STY",".sty","NEWNAME.SET",721337,"2007-06-28T09:46:24.0000000Z","BLOCKED_FORBIDDEN_FILE_EXTENSION","C:\Users\ssare\Desktop\KORG_PA3X_RECOVERY_BACKUP_20260619-150450\NEWNAME.SET\STYLE\FAVORITE03.STY"
"NEWNAME.SET\STYLE\FAVORITE04.STY","FAVORITE04.STY",".sty","NEWNAME.SET",1371390,"2007-06-28T09:46:24.0000000Z","BLOCKED_FORBIDDEN_FILE_EXTENSION","C:\Users\ssare\Desktop\KORG_PA3X_RECOVERY_BACKUP_20260619-150450\NEWNAME.SET\STYLE\FAVORITE04.STY"
"NEWNAME.SET\STYLE\FAVORITE05.STY","FAVORITE05.STY",".sty","NEWNAME.SET",2669779,"2007-06-28T09:46:26.0000000Z","BLOCKED_FORBIDDEN_FILE_EXTENSION","C:\Users\ssare\Desktop\KORG_PA3X_RECOVERY_BACKUP_20260619-150450\NEWNAME.SET\STYLE\FAVORITE05.STY"
"NEWNAME.SET\STYLE\FAVORITE06.STY","FAVORITE06.STY",".sty","NEWNAME.SET",1830145,"2007-06-28T09:46:28.0000000Z","BLOCKED_FORBIDDEN_FILE_EXTENSION","C:\Users\ssare\Desktop\KORG_PA3X_RECOVERY_BACKUP_20260619-150450\NEWNAME.SET\STYLE\FAVORITE06.STY"
"NEWNAME.SET\STYLE\FAVORITE07.STY","FAVORITE07.STY",".sty","NEWNAME.SET",1997824,"2007-06-28T09:46:28.0000000Z","BLOCKED_FORBIDDEN_FILE_EXTENSION","C:\Users\ssare\Desktop\KORG_PA3X_RECOVERY_BACKUP_20260619-150450\NEWNAME.SET\STYLE\FAVORITE07.STY"
"NEWNAME.SET\STYLE\FAVORITE08.STY","FAVORITE08.STY",".sty","NEWNAME.SET",1309764,"2007-06-28T09:46:28.0000000Z","BLOCKED_FORBIDDEN_FILE_EXTENSION","C:\Users\ssare\Desktop\KORG_PA3X_RECOVERY_BACKUP_20260619-150450\NEWNAME.SET\STYLE\FAVORITE08.STY"
"NEWNAME.SET\STYLE\FAVORITE09.STY","FAVORITE09.STY",".sty","NEWNAME.SET",1309700,"2007-06-28T09:46:30.0000000Z","BLOCKED_FORBIDDEN_FILE_EXTENSION","C:\Users\ssare\Desktop\KORG_PA3X_RECOVERY_BACKUP_20260619-150450\NEWNAME.SET\STYLE\FAVORITE09.STY"
"NEWNAME.SET\STYLE\FAVORITE10.STY","FAVORITE10.STY",".sty","NEWNAME.SET",1582136,"2007-06-28T09:46:30.0000000Z","BLOCKED_FORBIDDEN_FILE_EXTENSION","C:\Users\ssare\Desktop\KORG_PA3X_RECOVERY_BACKUP_20260619-150450\NEWNAME.SET\STYLE\FAVORITE10.STY"
"NEWNAME.SET\STYLE\FAVORITE11.STY","FAVORITE11.STY",".sty","NEWNAME.SET",959344,"2007-06-28T09:46:32.0000000Z","BLOCKED_FORBIDDEN_FILE_EXTENSION","C:\Users\ssare\Desktop\KORG_PA3X_RECOVERY_BACKUP_20260619-150450\NEWNAME.SET\STYLE\FAVORITE11.STY"
"NEWNAME.SET\STYLE\FAVORITE12.STY","FAVORITE12.STY",".sty","NEWNAME.SET",569741,"2007-06-28T09:46:32.0000000Z","BLOCKED_FORBIDDEN_FILE_EXTENSION","C:\Users\ssare\Desktop\KORG_PA3X_RECOVERY_BACKUP_20260619-150450\NEWNAME.SET\STYLE\FAVORITE12.STY"
"NEWNAME.SET\STYLE\USER01.STY","USER01.STY",".sty","NEWNAME.SET",767611,"2007-06-28T09:46:22.0000000Z","BLOCKED_FORBIDDEN_FILE_EXTENSION","C:\Users\ssare\Desktop\KORG_PA3X_RECOVERY_BACKUP_20260619-150450\NEWNAME.SET\STYLE\USER01.STY"
"NEWNAME.SET\STYLE\USER02.STY","USER02.STY",".sty","NEWNAME.SET",549046,"2007-06-28T09:46:22.0000000Z","BLOCKED_FORBIDDEN_FILE_EXTENSION","C:\Users\ssare\Desktop\KORG_PA3X_RECOVERY_BACKUP_20260619-150450\NEWNAME.SET\STYLE\USER02.STY"
"NEWNAME.SET\STYLE\USER03.STY","USER03.STY",".sty","NEWNAME.SET",518250,"2007-06-28T09:46:22.0000000Z","BLOCKED_FORBIDDEN_FILE_EXTENSION","C:\Users\ssare\Desktop\KORG_PA3X_RECOVERY_BACKUP_20260619-150450\NEWNAME.SET\STYLE\USER03.STY"
"sar.SET\GLOBAL\MXPRESET.MXP","MXPRESET.MXP",".mxp","sar.SET",1943,"2007-05-18T10:19:46.0000000Z","BLOCKED_INSIDE_FORBIDDEN_SOURCE_FOLDER","C:\Users\ssare\Desktop\KORG_PA3X_RECOVERY_BACKUP_20260619-150450\sar.SET\GLOBAL\MXPRESET.MXP"
"sar.SET\GLOBAL\SETUP.GBL","SETUP.GBL",".gbl","sar.SET",3359,"2007-05-18T10:19:46.0000000Z","BLOCKED_INSIDE_FORBIDDEN_SOURCE_FOLDER","C:\Users\ssare\Desktop\KORG_PA3X_RECOVERY_BACKUP_20260619-150450\sar.SET\GLOBAL\SETUP.GBL"
"sar.SET\GLOBAL\VPPRESET.VOC","VPPRESET.VOC",".voc","sar.SET",34304,"2007-05-18T10:19:46.0000000Z","BLOCKED_INSIDE_FORBIDDEN_SOURCE_FOLDER","C:\Users\ssare\Desktop\KORG_PA3X_RECOVERY_BACKUP_20260619-150450\sar.SET\GLOBAL\VPPRESET.VOC"
"sar.SET\MULTISMP\RAM.KMP","RAM.KMP",".kmp","sar.SET",235247,"2007-08-30T07:47:22.0000000Z","BLOCKED_INSIDE_FORBIDDEN_SOURCE_FOLDER","C:\Users\ssare\Desktop\KORG_PA3X_RECOVERY_BACKUP_20260619-150450\sar.SET\MULTISMP\RAM.KMP"
"sar.SET\PCM\RAM01.PCM","RAM01.PCM",".pcm","sar.SET",2609467,"2007-08-30T07:45:22.0000000Z","BLOCKED_INSIDE_FORBIDDEN_SOURCE_FOLDER","C:\Users\ssare\Desktop\KORG_PA3X_RECOVERY_BACKUP_20260619-150450\sar.SET\PCM\RAM01.PCM"
"sar.SET\PCM\RAM02.PCM","RAM02.PCM",".pcm","sar.SET",2761573,"2007-08-30T07:45:22.0000000Z","BLOCKED_INSIDE_FORBIDDEN_SOURCE_FOLDER","C:\Users\ssare\Desktop\KORG_PA3X_RECOVERY_BACKUP_20260619-150450\sar.SET\PCM\RAM02.PCM"
"sar.SET\PCM\RAM03.PCM","RAM03.PCM",".pcm","sar.SET",1685510,"2007-08-30T07:45:24.0000000Z","BLOCKED_INSIDE_FORBIDDEN_SOURCE_FOLDER","C:\Users\ssare\Desktop\KORG_PA3X_RECOVERY_BACKUP_20260619-150450\sar.SET\PCM\RAM03.PCM"
"sar.SET\PCM\RAM04.PCM","RAM04.PCM",".pcm","sar.SET",2570418,"2007-08-30T07:45:24.0000000Z","BLOCKED_INSIDE_FORBIDDEN_SOURCE_FOLDER","C:\Users\ssare\Desktop\KORG_PA3X_RECOVERY_BACKUP_20260619-150450\sar.SET\PCM\RAM04.PCM"
"sar.SET\PCM\RAM05.PCM","RAM05.PCM",".pcm","sar.SET",1894621,"2007-08-30T07:45:26.0000000Z","BLOCKED_INSIDE_FORBIDDEN_SOURCE_FOLDER","C:\Users\ssare\Desktop\KORG_PA3X_RECOVERY_BACKUP_20260619-150450\sar.SET\PCM\RAM05.PCM"
"sar.SET\PCM\RAM06.PCM","RAM06.PCM",".pcm","sar.SET",3678503,"2007-08-30T07:45:28.0000000Z","BLOCKED_INSIDE_FORBIDDEN_SOURCE_FOLDER","C:\Users\ssare\Desktop\KORG_PA3X_RECOVERY_BACKUP_20260619-150450\sar.SET\PCM\RAM06.PCM"
"sar.SET\PCM\RAM07.PCM","RAM07.PCM",".pcm","sar.SET",2385716,"2007-08-30T07:45:30.0000000Z","BLOCKED_INSIDE_FORBIDDEN_SOURCE_FOLDER","C:\Users\ssare\Desktop\KORG_PA3X_RECOVERY_BACKUP_20260619-150450\sar.SET\PCM\RAM07.PCM"
"sar.SET\PCM\RAM08.PCM","RAM08.PCM",".pcm","sar.SET",2343289,"2007-08-30T07:45:30.0000000Z","BLOCKED_INSIDE_FORBIDDEN_SOURCE_FOLDER","C:\Users\ssare\Desktop\KORG_PA3X_RECOVERY_BACKUP_20260619-150450\sar.SET\PCM\RAM08.PCM"
"sar.SET\PCM\RAM09.PCM","RAM09.PCM",".pcm","sar.SET",2528316,"2007-08-30T07:45:32.0000000Z","BLOCKED_INSIDE_FORBIDDEN_SOURCE_FOLDER","C:\Users\ssare\Desktop\KORG_PA3X_RECOVERY_BACKUP_20260619-150450\sar.SET\PCM\RAM09.PCM"
"sar.SET\PCM\RAM10.PCM","RAM10.PCM",".pcm","sar.SET",2035946,"2007-08-30T07:45:32.0000000Z","BLOCKED_INSIDE_FORBIDDEN_SOURCE_FOLDER","C:\Users\ssare\Desktop\KORG_PA3X_RECOVERY_BACKUP_20260619-150450\sar.SET\PCM\RAM10.PCM"
"sar.SET\PCM\RAM11.PCM","RAM11.PCM",".pcm","sar.SET",2192345,"2007-08-30T07:45:34.0000000Z","BLOCKED_INSIDE_FORBIDDEN_SOURCE_FOLDER","C:\Users\ssare\Desktop\KORG_PA3X_RECOVERY_BACKUP_20260619-150450\sar.SET\PCM\RAM11.PCM"
"sar.SET\PCM\RAM12.PCM","RAM12.PCM",".pcm","sar.SET",2802504,"2007-08-30T07:45:34.0000000Z","BLOCKED_INSIDE_FORBIDDEN_SOURCE_FOLDER","C:\Users\ssare\Desktop\KORG_PA3X_RECOVERY_BACKUP_20260619-150450\sar.SET\PCM\RAM12.PCM"
"sar.SET\PCM\RAM13.PCM","RAM13.PCM",".pcm","sar.SET",1801345,"2007-08-30T07:45:36.0000000Z","BLOCKED_INSIDE_FORBIDDEN_SOURCE_FOLDER","C:\Users\ssare\Desktop\KORG_PA3X_RECOVERY_BACKUP_20260619-150450\sar.SET\PCM\RAM13.PCM"
"sar.SET\PCM\RAM14.PCM","RAM14.PCM",".pcm","sar.SET",2211601,"2007-08-30T07:45:38.0000000Z","BLOCKED_INSIDE_FORBIDDEN_SOURCE_FOLDER","C:\Users\ssare\Desktop\KORG_PA3X_RECOVERY_BACKUP_20260619-150450\sar.SET\PCM\RAM14.PCM"
"sar.SET\PCM\RAM15.PCM","RAM15.PCM",".pcm","sar.SET",3633676,"2007-08-30T07:45:38.0000000Z","BLOCKED_INSIDE_FORBIDDEN_SOURCE_FOLDER","C:\Users\ssare\Desktop\KORG_PA3X_RECOVERY_BACKUP_20260619-150450\sar.SET\PCM\RAM15.PCM"
"sar.SET\PCM\RAM16.PCM","RAM16.PCM",".pcm","sar.SET",3098360,"2007-08-30T07:45:40.0000000Z","BLOCKED_INSIDE_FORBIDDEN_SOURCE_FOLDER","C:\Users\ssare\Desktop\KORG_PA3X_RECOVERY_BACKUP_20260619-150450\sar.SET\PCM\RAM16.PCM"
"sar.SET\PCM\RAM17.PCM","RAM17.PCM",".pcm","sar.SET",2876209,"2007-08-30T07:45:42.0000000Z","BLOCKED_INSIDE_FORBIDDEN_SOURCE_FOLDER","C:\Users\ssare\Desktop\KORG_PA3X_RECOVERY_BACKUP_20260619-150450\sar.SET\PCM\RAM17.PCM"
"sar.SET\PCM\RAM18.PCM","RAM18.PCM",".pcm","sar.SET",1852638,"2007-08-30T07:45:42.0000000Z","BLOCKED_INSIDE_FORBIDDEN_SOURCE_FOLDER","C:\Users\ssare\Desktop\KORG_PA3X_RECOVERY_BACKUP_20260619-150450\sar.SET\PCM\RAM18.PCM"
"sar.SET\PCM\RAM19.PCM","RAM19.PCM",".pcm","sar.SET",2220968,"2007-08-30T07:45:44.0000000Z","BLOCKED_INSIDE_FORBIDDEN_SOURCE_FOLDER","C:\Users\ssare\Desktop\KORG_PA3X_RECOVERY_BACKUP_20260619-150450\sar.SET\PCM\RAM19.PCM"
"sar.SET\PCM\RAM20.PCM","RAM20.PCM",".pcm","sar.SET",1722445,"2007-08-30T07:45:46.0000000Z","BLOCKED_INSIDE_FORBIDDEN_SOURCE_FOLDER","C:\Users\ssare\Desktop\KORG_PA3X_RECOVERY_BACKUP_20260619-150450\sar.SET\PCM\RAM20.PCM"
"sar.SET\PCM\RAM21.PCM","RAM21.PCM",".pcm","sar.SET",2595382,"2007-08-30T07:45:46.0000000Z","BLOCKED_INSIDE_FORBIDDEN_SOURCE_FOLDER","C:\Users\ssare\Desktop\KORG_PA3X_RECOVERY_BACKUP_20260619-150450\sar.SET\PCM\RAM21.PCM"
"sar.SET\PCM\RAM22.PCM","RAM22.PCM",".pcm","sar.SET",2060104,"2007-08-30T07:45:48.0000000Z","BLOCKED_INSIDE_FORBIDDEN_SOURCE_FOLDER","C:\Users\ssare\Desktop\KORG_PA3X_RECOVERY_BACKUP_20260619-150450\sar.SET\PCM\RAM22.PCM"
"sar.SET\PCM\RAM23.PCM","RAM23.PCM",".pcm","sar.SET",2531710,"2007-08-30T07:45:48.0000000Z","BLOCKED_INSIDE_FORBIDDEN_SOURCE_FOLDER","C:\Users\ssare\Desktop\KORG_PA3X_RECOVERY_BACKUP_20260619-150450\sar.SET\PCM\RAM23.PCM"
"sar.SET\PCM\RAM24.PCM","RAM24.PCM",".pcm","sar.SET",2142487,"2007-08-30T07:45:50.0000000Z","BLOCKED_INSIDE_FORBIDDEN_SOURCE_FOLDER","C:\Users\ssare\Desktop\KORG_PA3X_RECOVERY_BACKUP_20260619-150450\sar.SET\PCM\RAM24.PCM"
"sar.SET\PCM\RAM25.PCM","RAM25.PCM",".pcm","sar.SET",2164534,"2007-08-30T07:45:50.0000000Z","BLOCKED_INSIDE_FORBIDDEN_SOURCE_FOLDER","C:\Users\ssare\Desktop\KORG_PA3X_RECOVERY_BACKUP_20260619-150450\sar.SET\PCM\RAM25.PCM"
"sar.SET\PCM\RAM26.PCM","RAM26.PCM",".pcm","sar.SET",2565758,"2007-08-30T07:45:52.0000000Z","BLOCKED_INSIDE_FORBIDDEN_SOURCE_FOLDER","C:\Users\ssare\Desktop\KORG_PA3X_RECOVERY_BACKUP_20260619-150450\sar.SET\PCM\RAM26.PCM"
"sar.SET\PCM\RAM27.PCM","RAM27.PCM",".pcm","sar.SET",2287978,"2007-08-30T07:45:54.0000000Z","BLOCKED_INSIDE_FORBIDDEN_SOURCE_FOLDER","C:\Users\ssare\Desktop\KORG_PA3X_RECOVERY_BACKUP_20260619-150450\sar.SET\PCM\RAM27.PCM"
"sar.SET\PCM\RAM28.PCM","RAM28.PCM",".pcm","sar.SET",2594508,"2007-08-30T07:45:54.0000000Z","BLOCKED_INSIDE_FORBIDDEN_SOURCE_FOLDER","C:\Users\ssare\Desktop\KORG_PA3X_RECOVERY_BACKUP_20260619-150450\sar.SET\PCM\RAM28.PCM"
"sar.SET\PCM\RAM29.PCM","RAM29.PCM",".pcm","sar.SET",1785173,"2007-08-30T07:45:56.0000000Z","BLOCKED_INSIDE_FORBIDDEN_SOURCE_FOLDER","C:\Users\ssare\Desktop\KORG_PA3X_RECOVERY_BACKUP_20260619-150450\sar.SET\PCM\RAM29.PCM"
"sar.SET\PCM\RAM30.PCM","RAM30.PCM",".pcm","sar.SET",2270183,"2007-08-30T07:45:56.0000000Z","BLOCKED_INSIDE_FORBIDDEN_SOURCE_FOLDER","C:\Users\ssare\Desktop\KORG_PA3X_RECOVERY_BACKUP_20260619-150450\sar.SET\PCM\RAM30.PCM"
"sar.SET\PCM\RAM31.PCM","RAM31.PCM",".pcm","sar.SET",3137802,"2007-08-30T07:45:58.0000000Z","BLOCKED_INSIDE_FORBIDDEN_SOURCE_FOLDER","C:\Users\ssare\Desktop\KORG_PA3X_RECOVERY_BACKUP_20260619-150450\sar.SET\PCM\RAM31.PCM"
"sar.SET\PCM\RAM32.PCM","RAM32.PCM",".pcm","sar.SET",3074903,"2007-08-30T07:46:00.0000000Z","BLOCKED_INSIDE_FORBIDDEN_SOURCE_FOLDER","C:\Users\ssare\Desktop\KORG_PA3X_RECOVERY_BACKUP_20260619-150450\sar.SET\PCM\RAM32.PCM"
"sar.SET\PCM\RAM33.PCM","RAM33.PCM",".pcm","sar.SET",2897098,"2007-08-30T07:46:02.0000000Z","BLOCKED_INSIDE_FORBIDDEN_SOURCE_FOLDER","C:\Users\ssare\Desktop\KORG_PA3X_RECOVERY_BACKUP_20260619-150450\sar.SET\PCM\RAM33.PCM"
"sar.SET\PCM\RAM34.PCM","RAM34.PCM",".pcm","sar.SET",2405864,"2007-08-30T07:46:02.0000000Z","BLOCKED_INSIDE_FORBIDDEN_SOURCE_FOLDER","C:\Users\ssare\Desktop\KORG_PA3X_RECOVERY_BACKUP_20260619-150450\sar.SET\PCM\RAM34.PCM"
"sar.SET\PCM\RAM35.PCM","RAM35.PCM",".pcm","sar.SET",1940526,"2007-08-30T07:46:04.0000000Z","BLOCKED_INSIDE_FORBIDDEN_SOURCE_FOLDER","C:\Users\ssare\Desktop\KORG_PA3X_RECOVERY_BACKUP_20260619-150450\sar.SET\PCM\RAM35.PCM"
"sar.SET\PCM\RAM36.PCM","RAM36.PCM",".pcm","sar.SET",2273202,"2007-08-30T07:46:04.0000000Z","BLOCKED_INSIDE_FORBIDDEN_SOURCE_FOLDER","C:\Users\ssare\Desktop\KORG_PA3X_RECOVERY_BACKUP_20260619-150450\sar.SET\PCM\RAM36.PCM"
"sar.SET\PCM\RAM37.PCM","RAM37.PCM",".pcm","sar.SET",1823568,"2007-08-30T07:46:06.0000000Z","BLOCKED_INSIDE_FORBIDDEN_SOURCE_FOLDER","C:\Users\ssare\Desktop\KORG_PA3X_RECOVERY_BACKUP_20260619-150450\sar.SET\PCM\RAM37.PCM"
"sar.SET\PCM\RAM38.PCM","RAM38.PCM",".pcm","sar.SET",2826353,"2007-08-30T07:46:06.0000000Z","BLOCKED_INSIDE_FORBIDDEN_SOURCE_FOLDER","C:\Users\ssare\Desktop\KORG_PA3X_RECOVERY_BACKUP_20260619-150450\sar.SET\PCM\RAM38.PCM"
"sar.SET\PCM\RAM39.PCM","RAM39.PCM",".pcm","sar.SET",1708270,"2007-08-30T07:46:08.0000000Z","BLOCKED_INSIDE_FORBIDDEN_SOURCE_FOLDER","C:\Users\ssare\Desktop\KORG_PA3X_RECOVERY_BACKUP_20260619-150450\sar.SET\PCM\RAM39.PCM"
"sar.SET\PCM\RAM40.PCM","RAM40.PCM",".pcm","sar.SET",2202160,"2007-08-30T07:46:08.0000000Z","BLOCKED_INSIDE_FORBIDDEN_SOURCE_FOLDER","C:\Users\ssare\Desktop\KORG_PA3X_RECOVERY_BACKUP_20260619-150450\sar.SET\PCM\RAM40.PCM"
"sar.SET\PCM\RAM41.PCM","RAM41.PCM",".pcm","sar.SET",2326367,"2007-08-30T07:46:10.0000000Z","BLOCKED_INSIDE_FORBIDDEN_SOURCE_FOLDER","C:\Users\ssare\Desktop\KORG_PA3X_RECOVERY_BACKUP_20260619-150450\sar.SET\PCM\RAM41.PCM"
"sar.SET\PCM\RAM42.PCM","RAM42.PCM",".pcm","sar.SET",3891457,"2007-08-30T07:46:12.0000000Z","BLOCKED_INSIDE_FORBIDDEN_SOURCE_FOLDER","C:\Users\ssare\Desktop\KORG_PA3X_RECOVERY_BACKUP_20260619-150450\sar.SET\PCM\RAM42.PCM"
"sar.SET\PCM\RAM43.PCM","RAM43.PCM",".pcm","sar.SET",2400009,"2007-08-30T07:46:12.0000000Z","BLOCKED_INSIDE_FORBIDDEN_SOURCE_FOLDER","C:\Users\ssare\Desktop\KORG_PA3X_RECOVERY_BACKUP_20260619-150450\sar.SET\PCM\RAM43.PCM"
"sar.SET\PCM\RAM44.PCM","RAM44.PCM",".pcm","sar.SET",1897894,"2007-08-30T07:46:14.0000000Z","BLOCKED_INSIDE_FORBIDDEN_SOURCE_FOLDER","C:\Users\ssare\Desktop\KORG_PA3X_RECOVERY_BACKUP_20260619-150450\sar.SET\PCM\RAM44.PCM"
"sar.SET\PCM\RAM45.PCM","RAM45.PCM",".pcm","sar.SET",2798354,"2007-08-30T07:46:16.0000000Z","BLOCKED_INSIDE_FORBIDDEN_SOURCE_FOLDER","C:\Users\ssare\Desktop\KORG_PA3X_RECOVERY_BACKUP_20260619-150450\sar.SET\PCM\RAM45.PCM"
"sar.SET\PCM\RAM46.PCM","RAM46.PCM",".pcm","sar.SET",2014208,"2007-08-30T07:46:16.0000000Z","BLOCKED_INSIDE_FORBIDDEN_SOURCE_FOLDER","C:\Users\ssare\Desktop\KORG_PA3X_RECOVERY_BACKUP_20260619-150450\sar.SET\PCM\RAM46.PCM"
"sar.SET\PCM\RAM47.PCM","RAM47.PCM",".pcm","sar.SET",2376024,"2007-08-30T07:46:18.0000000Z","BLOCKED_INSIDE_FORBIDDEN_SOURCE_FOLDER","C:\Users\ssare\Desktop\KORG_PA3X_RECOVERY_BACKUP_20260619-150450\sar.SET\PCM\RAM47.PCM"
"sar.SET\PCM\RAM48.PCM","RAM48.PCM",".pcm","sar.SET",2499607,"2007-08-30T07:46:20.0000000Z","BLOCKED_INSIDE_FORBIDDEN_SOURCE_FOLDER","C:\Users\ssare\Desktop\KORG_PA3X_RECOVERY_BACKUP_20260619-150450\sar.SET\PCM\RAM48.PCM"
"sar.SET\PCM\RAM49.PCM","RAM49.PCM",".pcm","sar.SET",2222014,"2007-08-30T07:46:20.0000000Z","BLOCKED_INSIDE_FORBIDDEN_SOURCE_FOLDER","C:\Users\ssare\Desktop\KORG_PA3X_RECOVERY_BACKUP_20260619-150450\sar.SET\PCM\RAM49.PCM"
"sar.SET\PCM\RAM50.PCM","RAM50.PCM",".pcm","sar.SET",2718071,"2007-08-30T07:46:22.0000000Z","BLOCKED_INSIDE_FORBIDDEN_SOURCE_FOLDER","C:\Users\ssare\Desktop\KORG_PA3X_RECOVERY_BACKUP_20260619-150450\sar.SET\PCM\RAM50.PCM"
"sar.SET\PCM\RAM51.PCM","RAM51.PCM",".pcm","sar.SET",2661361,"2007-08-30T07:46:24.0000000Z","BLOCKED_INSIDE_FORBIDDEN_SOURCE_FOLDER","C:\Users\ssare\Desktop\KORG_PA3X_RECOVERY_BACKUP_20260619-150450\sar.SET\PCM\RAM51.PCM"
"sar.SET\PCM\RAM52.PCM","RAM52.PCM",".pcm","sar.SET",2520392,"2007-08-30T07:46:24.0000000Z","BLOCKED_INSIDE_FORBIDDEN_SOURCE_FOLDER","C:\Users\ssare\Desktop\KORG_PA3X_RECOVERY_BACKUP_20260619-150450\sar.SET\PCM\RAM52.PCM"
"sar.SET\PCM\RAM53.PCM","RAM53.PCM",".pcm","sar.SET",3180334,"2007-08-30T07:46:26.0000000Z","BLOCKED_INSIDE_FORBIDDEN_SOURCE_FOLDER","C:\Users\ssare\Desktop\KORG_PA3X_RECOVERY_BACKUP_20260619-150450\sar.SET\PCM\RAM53.PCM"
"sar.SET\PCM\RAM54.PCM","RAM54.PCM",".pcm","sar.SET",2146314,"2007-08-30T07:46:26.0000000Z","BLOCKED_INSIDE_FORBIDDEN_SOURCE_FOLDER","C:\Users\ssare\Desktop\KORG_PA3X_RECOVERY_BACKUP_20260619-150450\sar.SET\PCM\RAM54.PCM"
"sar.SET\PCM\RAM55.PCM","RAM55.PCM",".pcm","sar.SET",2243332,"2007-08-30T07:46:28.0000000Z","BLOCKED_INSIDE_FORBIDDEN_SOURCE_FOLDER","C:\Users\ssare\Desktop\KORG_PA3X_RECOVERY_BACKUP_20260619-150450\sar.SET\PCM\RAM55.PCM"
"sar.SET\PCM\RAM56.PCM","RAM56.PCM",".pcm","sar.SET",2131284,"2007-08-30T07:46:28.0000000Z","BLOCKED_INSIDE_FORBIDDEN_SOURCE_FOLDER","C:\Users\ssare\Desktop\KORG_PA3X_RECOVERY_BACKUP_20260619-150450\sar.SET\PCM\RAM56.PCM"
"sar.SET\PCM\RAM57.PCM","RAM57.PCM",".pcm","sar.SET",3810854,"2007-08-30T07:46:32.0000000Z","BLOCKED_INSIDE_FORBIDDEN_SOURCE_FOLDER","C:\Users\ssare\Desktop\KORG_PA3X_RECOVERY_BACKUP_20260619-150450\sar.SET\PCM\RAM57.PCM"
"sar.SET\PCM\RAM58.PCM","RAM58.PCM",".pcm","sar.SET",2158382,"2007-08-30T07:46:32.0000000Z","BLOCKED_INSIDE_FORBIDDEN_SOURCE_FOLDER","C:\Users\ssare\Desktop\KORG_PA3X_RECOVERY_BACKUP_20260619-150450\sar.SET\PCM\RAM58.PCM"
"sar.SET\PCM\RAM59.PCM","RAM59.PCM",".pcm","sar.SET",2029138,"2007-08-30T07:46:34.0000000Z","BLOCKED_INSIDE_FORBIDDEN_SOURCE_FOLDER","C:\Users\ssare\Desktop\KORG_PA3X_RECOVERY_BACKUP_20260619-150450\sar.SET\PCM\RAM59.PCM"
"sar.SET\PCM\RAM60.PCM","RAM60.PCM",".pcm","sar.SET",2967115,"2007-08-30T07:46:34.0000000Z","BLOCKED_INSIDE_FORBIDDEN_SOURCE_FOLDER","C:\Users\ssare\Desktop\KORG_PA3X_RECOVERY_BACKUP_20260619-150450\sar.SET\PCM\RAM60.PCM"
"sar.SET\PCM\RAM61.PCM","RAM61.PCM",".pcm","sar.SET",2104894,"2007-08-30T07:46:36.0000000Z","BLOCKED_INSIDE_FORBIDDEN_SOURCE_FOLDER","C:\Users\ssare\Desktop\KORG_PA3X_RECOVERY_BACKUP_20260619-150450\sar.SET\PCM\RAM61.PCM"
"sar.SET\PCM\RAM62.PCM","RAM62.PCM",".pcm","sar.SET",2926341,"2007-08-30T07:46:38.0000000Z","BLOCKED_INSIDE_FORBIDDEN_SOURCE_FOLDER","C:\Users\ssare\Desktop\KORG_PA3X_RECOVERY_BACKUP_20260619-150450\sar.SET\PCM\RAM62.PCM"
"sar.SET\PCM\RAM63.PCM","RAM63.PCM",".pcm","sar.SET",2164118,"2007-08-30T07:46:38.0000000Z","BLOCKED_INSIDE_FORBIDDEN_SOURCE_FOLDER","C:\Users\ssare\Desktop\KORG_PA3X_RECOVERY_BACKUP_20260619-150450\sar.SET\PCM\RAM63.PCM"
"sar.SET\PCM\RAM64.PCM","RAM64.PCM",".pcm","sar.SET",2000496,"2007-08-30T07:46:40.0000000Z","BLOCKED_INSIDE_FORBIDDEN_SOURCE_FOLDER","C:\Users\ssare\Desktop\KORG_PA3X_RECOVERY_BACKUP_20260619-150450\sar.SET\PCM\RAM64.PCM"
"sar.SET\PCM\RAM65.PCM","RAM65.PCM",".pcm","sar.SET",2099301,"2007-08-30T07:46:40.0000000Z","BLOCKED_INSIDE_FORBIDDEN_SOURCE_FOLDER","C:\Users\ssare\Desktop\KORG_PA3X_RECOVERY_BACKUP_20260619-150450\sar.SET\PCM\RAM65.PCM"
"sar.SET\PCM\RAM66.PCM","RAM66.PCM",".pcm","sar.SET",2401302,"2007-08-30T07:46:42.0000000Z","BLOCKED_INSIDE_FORBIDDEN_SOURCE_FOLDER","C:\Users\ssare\Desktop\KORG_PA3X_RECOVERY_BACKUP_20260619-150450\sar.SET\PCM\RAM66.PCM"
"sar.SET\PCM\RAM67.PCM","RAM67.PCM",".pcm","sar.SET",2156897,"2007-08-30T07:46:42.0000000Z","BLOCKED_INSIDE_FORBIDDEN_SOURCE_FOLDER","C:\Users\ssare\Desktop\KORG_PA3X_RECOVERY_BACKUP_20260619-150450\sar.SET\PCM\RAM67.PCM"
"sar.SET\PCM\RAM68.PCM","RAM68.PCM",".pcm","sar.SET",1782222,"2007-08-30T07:46:44.0000000Z","BLOCKED_INSIDE_FORBIDDEN_SOURCE_FOLDER","C:\Users\ssare\Desktop\KORG_PA3X_RECOVERY_BACKUP_20260619-150450\sar.SET\PCM\RAM68.PCM"
"sar.SET\PCM\RAM69.PCM","RAM69.PCM",".pcm","sar.SET",1864001,"2007-08-30T07:46:44.0000000Z","BLOCKED_INSIDE_FORBIDDEN_SOURCE_FOLDER","C:\Users\ssare\Desktop\KORG_PA3X_RECOVERY_BACKUP_20260619-150450\sar.SET\PCM\RAM69.PCM"
"sar.SET\PCM\RAM70.PCM","RAM70.PCM",".pcm","sar.SET",2403658,"2007-08-30T07:46:46.0000000Z","BLOCKED_INSIDE_FORBIDDEN_SOURCE_FOLDER","C:\Users\ssare\Desktop\KORG_PA3X_RECOVERY_BACKUP_20260619-150450\sar.SET\PCM\RAM70.PCM"
"sar.SET\PCM\RAM71.PCM","RAM71.PCM",".pcm","sar.SET",1988276,"2007-08-30T07:46:46.0000000Z","BLOCKED_INSIDE_FORBIDDEN_SOURCE_FOLDER","C:\Users\ssare\Desktop\KORG_PA3X_RECOVERY_BACKUP_20260619-150450\sar.SET\PCM\RAM71.PCM"
"sar.SET\PCM\RAM72.PCM","RAM72.PCM",".pcm","sar.SET",3120497,"2007-08-30T07:46:48.0000000Z","BLOCKED_INSIDE_FORBIDDEN_SOURCE_FOLDER","C:\Users\ssare\Desktop\KORG_PA3X_RECOVERY_BACKUP_20260619-150450\sar.SET\PCM\RAM72.PCM"
"sar.SET\PCM\RAM73.PCM","RAM73.PCM",".pcm","sar.SET",1656312,"2007-08-30T07:46:50.0000000Z","BLOCKED_INSIDE_FORBIDDEN_SOURCE_FOLDER","C:\Users\ssare\Desktop\KORG_PA3X_RECOVERY_BACKUP_20260619-150450\sar.SET\PCM\RAM73.PCM"
"sar.SET\PCM\RAM74.PCM","RAM74.PCM",".pcm","sar.SET",2290068,"2007-08-30T07:46:50.0000000Z","BLOCKED_INSIDE_FORBIDDEN_SOURCE_FOLDER","C:\Users\ssare\Desktop\KORG_PA3X_RECOVERY_BACKUP_20260619-150450\sar.SET\PCM\RAM74.PCM"
"sar.SET\PCM\RAM75.PCM","RAM75.PCM",".pcm","sar.SET",2364428,"2007-08-30T07:46:52.0000000Z","BLOCKED_INSIDE_FORBIDDEN_SOURCE_FOLDER","C:\Users\ssare\Desktop\KORG_PA3X_RECOVERY_BACKUP_20260619-150450\sar.SET\PCM\RAM75.PCM"
"sar.SET\PCM\RAM76.PCM","RAM76.PCM",".pcm","sar.SET",1882532,"2007-08-30T07:46:52.0000000Z","BLOCKED_INSIDE_FORBIDDEN_SOURCE_FOLDER","C:\Users\ssare\Desktop\KORG_PA3X_RECOVERY_BACKUP_20260619-150450\sar.SET\PCM\RAM76.PCM"
"sar.SET\PCM\RAM77.PCM","RAM77.PCM",".pcm","sar.SET",2258324,"2007-08-30T07:46:54.0000000Z","BLOCKED_INSIDE_FORBIDDEN_SOURCE_FOLDER","C:\Users\ssare\Desktop\KORG_PA3X_RECOVERY_BACKUP_20260619-150450\sar.SET\PCM\RAM77.PCM"
"sar.SET\PCM\RAM78.PCM","RAM78.PCM",".pcm","sar.SET",1643401,"2007-08-30T07:46:54.0000000Z","BLOCKED_INSIDE_FORBIDDEN_SOURCE_FOLDER","C:\Users\ssare\Desktop\KORG_PA3X_RECOVERY_BACKUP_20260619-150450\sar.SET\PCM\RAM78.PCM"
"sar.SET\PCM\RAM79.PCM","RAM79.PCM",".pcm","sar.SET",1953674,"2007-08-30T07:46:56.0000000Z","BLOCKED_INSIDE_FORBIDDEN_SOURCE_FOLDER","C:\Users\ssare\Desktop\KORG_PA3X_RECOVERY_BACKUP_20260619-150450\sar.SET\PCM\RAM79.PCM"
"sar.SET\PCM\RAM80.PCM","RAM80.PCM",".pcm","sar.SET",1821451,"2007-08-30T07:46:56.0000000Z","BLOCKED_INSIDE_FORBIDDEN_SOURCE_FOLDER","C:\Users\ssare\Desktop\KORG_PA3X_RECOVERY_BACKUP_20260619-150450\sar.SET\PCM\RAM80.PCM"
"sar.SET\PCM\RAM81.PCM","RAM81.PCM",".pcm","sar.SET",2898977,"2007-08-30T07:46:58.0000000Z","BLOCKED_INSIDE_FORBIDDEN_SOURCE_FOLDER","C:\Users\ssare\Desktop\KORG_PA3X_RECOVERY_BACKUP_20260619-150450\sar.SET\PCM\RAM81.PCM"
"sar.SET\PCM\RAM82.PCM","RAM82.PCM",".pcm","sar.SET",1649618,"2007-08-30T07:46:58.0000000Z","BLOCKED_INSIDE_FORBIDDEN_SOURCE_FOLDER","C:\Users\ssare\Desktop\KORG_PA3X_RECOVERY_BACKUP_20260619-150450\sar.SET\PCM\RAM82.PCM"
"sar.SET\PCM\RAM83.PCM","RAM83.PCM",".pcm","sar.SET",2059079,"2007-08-30T07:47:00.0000000Z","BLOCKED_INSIDE_FORBIDDEN_SOURCE_FOLDER","C:\Users\ssare\Desktop\KORG_PA3X_RECOVERY_BACKUP_20260619-150450\sar.SET\PCM\RAM83.PCM"
"sar.SET\PCM\RAM84.PCM","RAM84.PCM",".pcm","sar.SET",2140754,"2007-08-30T07:47:00.0000000Z","BLOCKED_INSIDE_FORBIDDEN_SOURCE_FOLDER","C:\Users\ssare\Desktop\KORG_PA3X_RECOVERY_BACKUP_20260619-150450\sar.SET\PCM\RAM84.PCM"
"sar.SET\PCM\RAM85.PCM","RAM85.PCM",".pcm","sar.SET",2075814,"2007-08-30T07:47:02.0000000Z","BLOCKED_INSIDE_FORBIDDEN_SOURCE_FOLDER","C:\Users\ssare\Desktop\KORG_PA3X_RECOVERY_BACKUP_20260619-150450\sar.SET\PCM\RAM85.PCM"
"sar.SET\PCM\RAM86.PCM","RAM86.PCM",".pcm","sar.SET",2596803,"2007-08-30T07:47:04.0000000Z","BLOCKED_INSIDE_FORBIDDEN_SOURCE_FOLDER","C:\Users\ssare\Desktop\KORG_PA3X_RECOVERY_BACKUP_20260619-150450\sar.SET\PCM\RAM86.PCM"
"sar.SET\PCM\RAM87.PCM","RAM87.PCM",".pcm","sar.SET",3024325,"2007-08-30T07:47:04.0000000Z","BLOCKED_INSIDE_FORBIDDEN_SOURCE_FOLDER","C:\Users\ssare\Desktop\KORG_PA3X_RECOVERY_BACKUP_20260619-150450\sar.SET\PCM\RAM87.PCM"
"sar.SET\PCM\RAM88.PCM","RAM88.PCM",".pcm","sar.SET",1829250,"2007-08-30T07:47:06.0000000Z","BLOCKED_INSIDE_FORBIDDEN_SOURCE_FOLDER","C:\Users\ssare\Desktop\KORG_PA3X_RECOVERY_BACKUP_20260619-150450\sar.SET\PCM\RAM88.PCM"
"sar.SET\PCM\RAM89.PCM","RAM89.PCM",".pcm","sar.SET",1956771,"2007-08-30T07:47:06.0000000Z","BLOCKED_INSIDE_FORBIDDEN_SOURCE_FOLDER","C:\Users\ssare\Desktop\KORG_PA3X_RECOVERY_BACKUP_20260619-150450\sar.SET\PCM\RAM89.PCM"
"sar.SET\PCM\RAM90.PCM","RAM90.PCM",".pcm","sar.SET",3058875,"2007-08-30T07:47:08.0000000Z","BLOCKED_INSIDE_FORBIDDEN_SOURCE_FOLDER","C:\Users\ssare\Desktop\KORG_PA3X_RECOVERY_BACKUP_20260619-150450\sar.SET\PCM\RAM90.PCM"
"sar.SET\PCM\RAM91.PCM","RAM91.PCM",".pcm","sar.SET",2328815,"2007-08-30T07:47:10.0000000Z","BLOCKED_INSIDE_FORBIDDEN_SOURCE_FOLDER","C:\Users\ssare\Desktop\KORG_PA3X_RECOVERY_BACKUP_20260619-150450\sar.SET\PCM\RAM91.PCM"
"sar.SET\PCM\RAM92.PCM","RAM92.PCM",".pcm","sar.SET",2197581,"2007-08-30T07:47:10.0000000Z","BLOCKED_INSIDE_FORBIDDEN_SOURCE_FOLDER","C:\Users\ssare\Desktop\KORG_PA3X_RECOVERY_BACKUP_20260619-150450\sar.SET\PCM\RAM92.PCM"
"sar.SET\PCM\RAM93.PCM","RAM93.PCM",".pcm","sar.SET",2100209,"2007-08-30T07:47:12.0000000Z","BLOCKED_INSIDE_FORBIDDEN_SOURCE_FOLDER","C:\Users\ssare\Desktop\KORG_PA3X_RECOVERY_BACKUP_20260619-150450\sar.SET\PCM\RAM93.PCM"
"sar.SET\PCM\RAM94.PCM","RAM94.PCM",".pcm","sar.SET",2631154,"2007-08-30T07:47:14.0000000Z","BLOCKED_INSIDE_FORBIDDEN_SOURCE_FOLDER","C:\Users\ssare\Desktop\KORG_PA3X_RECOVERY_BACKUP_20260619-150450\sar.SET\PCM\RAM94.PCM"
"sar.SET\PCM\RAM95.PCM","RAM95.PCM",".pcm","sar.SET",4251732,"2007-08-30T07:47:16.0000000Z","BLOCKED_INSIDE_FORBIDDEN_SOURCE_FOLDER","C:\Users\ssare\Desktop\KORG_PA3X_RECOVERY_BACKUP_20260619-150450\sar.SET\PCM\RAM95.PCM"
"sar.SET\PCM\RAM96.PCM","RAM96.PCM",".pcm","sar.SET",3700130,"2007-08-30T07:47:16.0000000Z","BLOCKED_INSIDE_FORBIDDEN_SOURCE_FOLDER","C:\Users\ssare\Desktop\KORG_PA3X_RECOVERY_BACKUP_20260619-150450\sar.SET\PCM\RAM96.PCM"
"sar.SET\PCM\RAM97.PCM","RAM97.PCM",".pcm","sar.SET",3866196,"2007-08-30T07:47:20.0000000Z","BLOCKED_INSIDE_FORBIDDEN_SOURCE_FOLDER","C:\Users\ssare\Desktop\KORG_PA3X_RECOVERY_BACKUP_20260619-150450\sar.SET\PCM\RAM97.PCM"
"sar.SET\PCM\RAM98.PCM","RAM98.PCM",".pcm","sar.SET",2860792,"2007-08-30T07:47:20.0000000Z","BLOCKED_INSIDE_FORBIDDEN_SOURCE_FOLDER","C:\Users\ssare\Desktop\KORG_PA3X_RECOVERY_BACKUP_20260619-150450\sar.SET\PCM\RAM98.PCM"
"sar.SET\PCM\RAM99.PCM","RAM99.PCM",".pcm","sar.SET",2008717,"2007-08-30T07:47:22.0000000Z","BLOCKED_INSIDE_FORBIDDEN_SOURCE_FOLDER","C:\Users\ssare\Desktop\KORG_PA3X_RECOVERY_BACKUP_20260619-150450\sar.SET\PCM\RAM99.PCM"
"sar.SET\PERFORM\BANK01.PRF","BANK01.PRF",".prf","sar.SET",26387,"2007-08-30T07:45:04.0000000Z","BLOCKED_FORBIDDEN_FILE_EXTENSION","C:\Users\ssare\Desktop\KORG_PA3X_RECOVERY_BACKUP_20260619-150450\sar.SET\PERFORM\BANK01.PRF"
"sar.SET\PERFORM\BANK02.PRF","BANK02.PRF",".prf","sar.SET",22420,"2007-08-30T07:45:04.0000000Z","BLOCKED_FORBIDDEN_FILE_EXTENSION","C:\Users\ssare\Desktop\KORG_PA3X_RECOVERY_BACKUP_20260619-150450\sar.SET\PERFORM\BANK02.PRF"
"sar.SET\PERFORM\BANK03.PRF","BANK03.PRF",".prf","sar.SET",24679,"2007-08-30T07:45:06.0000000Z","BLOCKED_FORBIDDEN_FILE_EXTENSION","C:\Users\ssare\Desktop\KORG_PA3X_RECOVERY_BACKUP_20260619-150450\sar.SET\PERFORM\BANK03.PRF"
"sar.SET\PERFORM\BANK04.PRF","BANK04.PRF",".prf","sar.SET",24427,"2007-08-30T07:45:06.0000000Z","BLOCKED_FORBIDDEN_FILE_EXTENSION","C:\Users\ssare\Desktop\KORG_PA3X_RECOVERY_BACKUP_20260619-150450\sar.SET\PERFORM\BANK04.PRF"
"sar.SET\PERFORM\BANK05.PRF","BANK05.PRF",".prf","sar.SET",22723,"2007-08-30T07:45:06.0000000Z","BLOCKED_FORBIDDEN_FILE_EXTENSION","C:\Users\ssare\Desktop\KORG_PA3X_RECOVERY_BACKUP_20260619-150450\sar.SET\PERFORM\BANK05.PRF"
"sar.SET\PERFORM\BANK06.PRF","BANK06.PRF",".prf","sar.SET",22328,"2007-08-30T07:45:06.0000000Z","BLOCKED_FORBIDDEN_FILE_EXTENSION","C:\Users\ssare\Desktop\KORG_PA3X_RECOVERY_BACKUP_20260619-150450\sar.SET\PERFORM\BANK06.PRF"
"sar.SET\PERFORM\BANK07.PRF","BANK07.PRF",".prf","sar.SET",21596,"2007-08-30T07:45:06.0000000Z","BLOCKED_FORBIDDEN_FILE_EXTENSION","C:\Users\ssare\Desktop\KORG_PA3X_RECOVERY_BACKUP_20260619-150450\sar.SET\PERFORM\BANK07.PRF"
"sar.SET\PERFORM\BANK08.PRF","BANK08.PRF",".prf","sar.SET",22182,"2007-08-30T07:45:06.0000000Z","BLOCKED_FORBIDDEN_FILE_EXTENSION","C:\Users\ssare\Desktop\KORG_PA3X_RECOVERY_BACKUP_20260619-150450\sar.SET\PERFORM\BANK08.PRF"
"sar.SET\PERFORM\BANK09.PRF","BANK09.PRF",".prf","sar.SET",31835,"2007-08-30T07:45:06.0000000Z","BLOCKED_FORBIDDEN_FILE_EXTENSION","C:\Users\ssare\Desktop\KORG_PA3X_RECOVERY_BACKUP_20260619-150450\sar.SET\PERFORM\BANK09.PRF"
"sar.SET\PERFORM\BANK10.PRF","BANK10.PRF",".prf","sar.SET",31370,"2007-08-30T07:45:06.0000000Z","BLOCKED_FORBIDDEN_FILE_EXTENSION","C:\Users\ssare\Desktop\KORG_PA3X_RECOVERY_BACKUP_20260619-150450\sar.SET\PERFORM\BANK10.PRF"
"sar.SET\PERFORM\BANK11.PRF","BANK11.PRF",".prf","sar.SET",28564,"2007-08-30T07:45:06.0000000Z","BLOCKED_FORBIDDEN_FILE_EXTENSION","C:\Users\ssare\Desktop\KORG_PA3X_RECOVERY_BACKUP_20260619-150450\sar.SET\PERFORM\BANK11.PRF"
"sar.SET\PERFORM\BANK12.PRF","BANK12.PRF",".prf","sar.SET",25703,"2007-08-30T07:45:06.0000000Z","BLOCKED_FORBIDDEN_FILE_EXTENSION","C:\Users\ssare\Desktop\KORG_PA3X_RECOVERY_BACKUP_20260619-150450\sar.SET\PERFORM\BANK12.PRF"
"sar.SET\PERFORM\BANK13.PRF","BANK13.PRF",".prf","sar.SET",31453,"2007-08-30T07:45:06.0000000Z","BLOCKED_FORBIDDEN_FILE_EXTENSION","C:\Users\ssare\Desktop\KORG_PA3X_RECOVERY_BACKUP_20260619-150450\sar.SET\PERFORM\BANK13.PRF"
"sar.SET\PERFORM\BANK14.PRF","BANK14.PRF",".prf","sar.SET",22598,"2007-08-30T07:45:06.0000000Z","BLOCKED_FORBIDDEN_FILE_EXTENSION","C:\Users\ssare\Desktop\KORG_PA3X_RECOVERY_BACKUP_20260619-150450\sar.SET\PERFORM\BANK14.PRF"
"sar.SET\PERFORM\BANK15.PRF","BANK15.PRF",".prf","sar.SET",30112,"2007-08-30T07:45:06.0000000Z","BLOCKED_FORBIDDEN_FILE_EXTENSION","C:\Users\ssare\Desktop\KORG_PA3X_RECOVERY_BACKUP_20260619-150450\sar.SET\PERFORM\BANK15.PRF"
"sar.SET\PERFORM\BANK16.PRF","BANK16.PRF",".prf","sar.SET",21718,"2007-08-30T07:45:06.0000000Z","BLOCKED_FORBIDDEN_FILE_EXTENSION","C:\Users\ssare\Desktop\KORG_PA3X_RECOVERY_BACKUP_20260619-150450\sar.SET\PERFORM\BANK16.PRF"
"sar.SET\SONGBOOK\LISTDB.SBL","LISTDB.SBL",".sbl","sar.SET",2915,"2007-08-30T07:45:04.0000000Z","BLOCKED_INSIDE_FORBIDDEN_SOURCE_FOLDER","C:\Users\ssare\Desktop\KORG_PA3X_RECOVERY_BACKUP_20260619-150450\sar.SET\SONGBOOK\LISTDB.SBL"
"sar.SET\SONGBOOK\SONGDB.SBD\BANK01.SBD","BANK01.SBD",".sbd","sar.SET",46514,"2007-08-30T07:45:04.0000000Z","BLOCKED_INSIDE_FORBIDDEN_SOURCE_FOLDER","C:\Users\ssare\Desktop\KORG_PA3X_RECOVERY_BACKUP_20260619-150450\sar.SET\SONGBOOK\SONGDB.SBD\BANK01.SBD"
"sar.SET\SONGBOOK\SONGDB.SBD\BANK02.SBD","BANK02.SBD",".sbd","sar.SET",47582,"2007-08-30T07:45:04.0000000Z","BLOCKED_INSIDE_FORBIDDEN_SOURCE_FOLDER","C:\Users\ssare\Desktop\KORG_PA3X_RECOVERY_BACKUP_20260619-150450\sar.SET\SONGBOOK\SONGDB.SBD\BANK02.SBD"
"sar.SET\SONGBOOK\SONGDB.SBD\BANK03.SBD","BANK03.SBD",".sbd","sar.SET",47913,"2007-08-30T07:45:04.0000000Z","BLOCKED_INSIDE_FORBIDDEN_SOURCE_FOLDER","C:\Users\ssare\Desktop\KORG_PA3X_RECOVERY_BACKUP_20260619-150450\sar.SET\SONGBOOK\SONGDB.SBD\BANK03.SBD"
"sar.SET\SONGBOOK\SONGDB.SBD\BANK04.SBD","BANK04.SBD",".sbd","sar.SET",47200,"2007-08-30T07:45:04.0000000Z","BLOCKED_INSIDE_FORBIDDEN_SOURCE_FOLDER","C:\Users\ssare\Desktop\KORG_PA3X_RECOVERY_BACKUP_20260619-150450\sar.SET\SONGBOOK\SONGDB.SBD\BANK04.SBD"
"sar.SET\SONGBOOK\SONGDB.SBD\BANK05.SBD","BANK05.SBD",".sbd","sar.SET",46636,"2007-08-30T07:45:04.0000000Z","BLOCKED_INSIDE_FORBIDDEN_SOURCE_FOLDER","C:\Users\ssare\Desktop\KORG_PA3X_RECOVERY_BACKUP_20260619-150450\sar.SET\SONGBOOK\SONGDB.SBD\BANK05.SBD"
"sar.SET\SONGBOOK\SONGDB.SBD\BANK06.SBD","BANK06.SBD",".sbd","sar.SET",51534,"2007-08-30T07:45:04.0000000Z","BLOCKED_INSIDE_FORBIDDEN_SOURCE_FOLDER","C:\Users\ssare\Desktop\KORG_PA3X_RECOVERY_BACKUP_20260619-150450\sar.SET\SONGBOOK\SONGDB.SBD\BANK06.SBD"
"sar.SET\SONGBOOK\SONGDB.SBD\BANK07.SBD","BANK07.SBD",".sbd","sar.SET",2557,"2007-08-30T07:45:04.0000000Z","BLOCKED_INSIDE_FORBIDDEN_SOURCE_FOLDER","C:\Users\ssare\Desktop\KORG_PA3X_RECOVERY_BACKUP_20260619-150450\sar.SET\SONGBOOK\SONGDB.SBD\BANK07.SBD"
"sar.SET\SOUND\USER01.PCG","USER01.PCG",".pcg","sar.SET",42631,"2007-08-30T07:45:20.0000000Z","BLOCKED_INSIDE_FORBIDDEN_SOURCE_FOLDER","C:\Users\ssare\Desktop\KORG_PA3X_RECOVERY_BACKUP_20260619-150450\sar.SET\SOUND\USER01.PCG"
"sar.SET\SOUND\USER02.PCG","USER02.PCG",".pcg","sar.SET",42857,"2007-08-30T07:45:20.0000000Z","BLOCKED_INSIDE_FORBIDDEN_SOURCE_FOLDER","C:\Users\ssare\Desktop\KORG_PA3X_RECOVERY_BACKUP_20260619-150450\sar.SET\SOUND\USER02.PCG"
"sar.SET\SOUND\USER03.PCG","USER03.PCG",".pcg","sar.SET",24772,"2007-08-30T07:45:20.0000000Z","BLOCKED_INSIDE_FORBIDDEN_SOURCE_FOLDER","C:\Users\ssare\Desktop\KORG_PA3X_RECOVERY_BACKUP_20260619-150450\sar.SET\SOUND\USER03.PCG"
"sar.SET\SOUND\USER04.PCG","USER04.PCG",".pcg","sar.SET",12031,"2007-08-30T07:45:20.0000000Z","BLOCKED_INSIDE_FORBIDDEN_SOURCE_FOLDER","C:\Users\ssare\Desktop\KORG_PA3X_RECOVERY_BACKUP_20260619-150450\sar.SET\SOUND\USER04.PCG"
"sar.SET\SOUND\USERDK.PCG","USERDK.PCG",".pcg","sar.SET",113296,"2007-08-30T07:45:20.0000000Z","BLOCKED_INSIDE_FORBIDDEN_SOURCE_FOLDER","C:\Users\ssare\Desktop\KORG_PA3X_RECOVERY_BACKUP_20260619-150450\sar.SET\SOUND\USERDK.PCG"
"sar.SET\STYLE\FAVORITE01.STY","FAVORITE01.STY",".sty","sar.SET",1620547,"2007-08-30T07:45:10.0000000Z","BLOCKED_FORBIDDEN_FILE_EXTENSION","C:\Users\ssare\Desktop\KORG_PA3X_RECOVERY_BACKUP_20260619-150450\sar.SET\STYLE\FAVORITE01.STY"
"sar.SET\STYLE\FAVORITE02.STY","FAVORITE02.STY",".sty","sar.SET",1313446,"2007-08-30T07:45:10.0000000Z","BLOCKED_FORBIDDEN_FILE_EXTENSION","C:\Users\ssare\Desktop\KORG_PA3X_RECOVERY_BACKUP_20260619-150450\sar.SET\STYLE\FAVORITE02.STY"
"sar.SET\STYLE\FAVORITE03.STY","FAVORITE03.STY",".sty","sar.SET",721337,"2007-08-30T07:45:12.0000000Z","BLOCKED_FORBIDDEN_FILE_EXTENSION","C:\Users\ssare\Desktop\KORG_PA3X_RECOVERY_BACKUP_20260619-150450\sar.SET\STYLE\FAVORITE03.STY"
"sar.SET\STYLE\FAVORITE04.STY","FAVORITE04.STY",".sty","sar.SET",1371390,"2007-08-30T07:45:12.0000000Z","BLOCKED_FORBIDDEN_FILE_EXTENSION","C:\Users\ssare\Desktop\KORG_PA3X_RECOVERY_BACKUP_20260619-150450\sar.SET\STYLE\FAVORITE04.STY"
"sar.SET\STYLE\FAVORITE05.STY","FAVORITE05.STY",".sty","sar.SET",2669779,"2007-08-30T07:45:14.0000000Z","BLOCKED_FORBIDDEN_FILE_EXTENSION","C:\Users\ssare\Desktop\KORG_PA3X_RECOVERY_BACKUP_20260619-150450\sar.SET\STYLE\FAVORITE05.STY"
"sar.SET\STYLE\FAVORITE06.STY","FAVORITE06.STY",".sty","sar.SET",1830145,"2007-08-30T07:45:16.0000000Z","BLOCKED_FORBIDDEN_FILE_EXTENSION","C:\Users\ssare\Desktop\KORG_PA3X_RECOVERY_BACKUP_20260619-150450\sar.SET\STYLE\FAVORITE06.STY"
"sar.SET\STYLE\FAVORITE07.STY","FAVORITE07.STY",".sty","sar.SET",1997824,"2007-08-30T07:45:16.0000000Z","BLOCKED_FORBIDDEN_FILE_EXTENSION","C:\Users\ssare\Desktop\KORG_PA3X_RECOVERY_BACKUP_20260619-150450\sar.SET\STYLE\FAVORITE07.STY"
"sar.SET\STYLE\FAVORITE08.STY","FAVORITE08.STY",".sty","sar.SET",1309764,"2007-08-30T07:45:16.0000000Z","BLOCKED_FORBIDDEN_FILE_EXTENSION","C:\Users\ssare\Desktop\KORG_PA3X_RECOVERY_BACKUP_20260619-150450\sar.SET\STYLE\FAVORITE08.STY"
"sar.SET\STYLE\FAVORITE09.STY","FAVORITE09.STY",".sty","sar.SET",1309700,"2007-08-30T07:45:18.0000000Z","BLOCKED_FORBIDDEN_FILE_EXTENSION","C:\Users\ssare\Desktop\KORG_PA3X_RECOVERY_BACKUP_20260619-150450\sar.SET\STYLE\FAVORITE09.STY"
"sar.SET\STYLE\FAVORITE10.STY","FAVORITE10.STY",".sty","sar.SET",1582136,"2007-08-30T07:45:18.0000000Z","BLOCKED_FORBIDDEN_FILE_EXTENSION","C:\Users\ssare\Desktop\KORG_PA3X_RECOVERY_BACKUP_20260619-150450\sar.SET\STYLE\FAVORITE10.STY"
"sar.SET\STYLE\FAVORITE11.STY","FAVORITE11.STY",".sty","sar.SET",959112,"2007-08-30T07:45:18.0000000Z","BLOCKED_FORBIDDEN_FILE_EXTENSION","C:\Users\ssare\Desktop\KORG_PA3X_RECOVERY_BACKUP_20260619-150450\sar.SET\STYLE\FAVORITE11.STY"
"sar.SET\STYLE\FAVORITE12.STY","FAVORITE12.STY",".sty","sar.SET",569741,"2007-08-30T07:45:20.0000000Z","BLOCKED_FORBIDDEN_FILE_EXTENSION","C:\Users\ssare\Desktop\KORG_PA3X_RECOVERY_BACKUP_20260619-150450\sar.SET\STYLE\FAVORITE12.STY"
"sar.SET\STYLE\USER01.STY","USER01.STY",".sty","sar.SET",767611,"2007-08-30T07:45:08.0000000Z","BLOCKED_FORBIDDEN_FILE_EXTENSION","C:\Users\ssare\Desktop\KORG_PA3X_RECOVERY_BACKUP_20260619-150450\sar.SET\STYLE\USER01.STY"
"sar.SET\STYLE\USER02.STY","USER02.STY",".sty","sar.SET",549046,"2007-08-30T07:45:08.0000000Z","BLOCKED_FORBIDDEN_FILE_EXTENSION","C:\Users\ssare\Desktop\KORG_PA3X_RECOVERY_BACKUP_20260619-150450\sar.SET\STYLE\USER02.STY"
"sar.SET\STYLE\USER03.STY","USER03.STY",".sty","sar.SET",518175,"2007-08-30T07:45:10.0000000Z","BLOCKED_FORBIDDEN_FILE_EXTENSION","C:\Users\ssare\Desktop\KORG_PA3X_RECOVERY_BACKUP_20260619-150450\sar.SET\STYLE\USER03.STY"

