"page","path","open","local_only"
"UAOS_FINAL_OWNER_ONE_CLICK_LAUNCH_ROOM.html","E:\keyboard-manager-clean\uaos-ai-factory\uaos-v2517-v2566-big-launch-train-16-final-owner-one-click-launch-room\01-owner-one-click-room\UAOS_FINAL_OWNER_ONE_CLICK_LAUNCH_ROOM.html","file:///E:/keyboard-manager-clean/uaos-ai-factory/uaos-v2517-v2566-big-launch-train-16-final-owner-one-click-launch-room/01-owner-one-click-room/UAOS_FINAL_OWNER_ONE_CLICK_LAUNCH_ROOM.html","True"
"UAOS_FINAL_CUSTOMER_FACING_PREVIEW.html","E:\keyboard-manager-clean\uaos-ai-factory\uaos-v2367-v2416-big-launch-train-13-final-local-rehearsal-evidence-pack\07-final-customer-facing-preview\UAOS_FINAL_CUSTOMER_FACING_PREVIEW.html","file:///E:/keyboard-manager-clean/uaos-ai-factory/uaos-v2367-v2416-big-launch-train-13-final-local-rehearsal-evidence-pack/07-final-customer-facing-preview/UAOS_FINAL_CUSTOMER_FACING_PREVIEW.html","True"
"safety.html","E:\keyboard-manager-clean\uaos-ai-factory\uaos-v2217-v2266-big-launch-train-10-final-launch-assets-consolidation\01-static-site-export-candidate\safety.html","file:///E:/keyboard-manager-clean/uaos-ai-factory/uaos-v2217-v2266-big-launch-train-10-final-launch-assets-consolidation/01-static-site-export-candidate/safety.html","True"
"buy-request.html","E:\keyboard-manager-clean\uaos-ai-factory\uaos-v2217-v2266-big-launch-train-10-final-launch-assets-consolidation\01-static-site-export-candidate\buy-request.html","file:///E:/keyboard-manager-clean/uaos-ai-factory/uaos-v2217-v2266-big-launch-train-10-final-launch-assets-consolidation/01-static-site-export-candidate/buy-request.html","True"
"pricing.html","E:\keyboard-manager-clean\uaos-ai-factory\uaos-v2217-v2266-big-launch-train-10-final-launch-assets-consolidation\01-static-site-export-candidate\pricing.html","file:///E:/keyboard-manager-clean/uaos-ai-factory/uaos-v2217-v2266-big-launch-train-10-final-launch-assets-consolidation/01-static-site-export-candidate/pricing.html","True"
"products.html","E:\keyboard-manager-clean\uaos-ai-factory\uaos-v2217-v2266-big-launch-train-10-final-launch-assets-consolidation\01-static-site-export-candidate\products.html","file:///E:/keyboard-manager-clean/uaos-ai-factory/uaos-v2217-v2266-big-launch-train-10-final-launch-assets-consolidation/01-static-site-export-candidate/products.html","True"
"index.html","E:\keyboard-manager-clean\uaos-ai-factory\uaos-v2217-v2266-big-launch-train-10-final-launch-assets-consolidation\01-static-site-export-candidate\index.html","file:///E:/keyboard-manager-clean/uaos-ai-factory/uaos-v2217-v2266-big-launch-train-10-final-launch-assets-consolidation/01-static-site-export-candidate/index.html","True"
"products.html","E:\keyboard-manager-clean\uaos-ai-factory\uaos-v2117-v2166-big-launch-train-08-public-candidate-assembly\01-site-candidate\products.html","file:///E:/keyboard-manager-clean/uaos-ai-factory/uaos-v2117-v2166-big-launch-train-08-public-candidate-assembly/01-site-candidate/products.html","True"
"index.html","E:\keyboard-manager-clean\uaos-ai-factory\uaos-v2117-v2166-big-launch-train-08-public-candidate-assembly\01-site-candidate\index.html","file:///E:/keyboard-manager-clean/uaos-ai-factory/uaos-v2117-v2166-big-launch-train-08-public-candidate-assembly/01-site-candidate/index.html","True"
