"file_name","full_path","relative_path","extension","bytes","sha256","classification","handling"
"._.DS_Store","E:\UAOS_OPEN_LIBRARY_SOURCE\pa3x\2020 pa1000 pa4x.SET\__MACOSX\2020 pa1000 pa4x.SET\._.DS_Store","pa3x\2020 pa1000 pa4x.SET\__MACOSX\2020 pa1000 pa4x.SET\._.DS_Store",".ds_store","120","2F380F4A3D05A8D90C2106F50DA75064E9CE57A598599DC5404F8F69A0223AA9","UNSUPPORTED_OR_DOCUMENT","METADATA_ONLY"
".DS_Store","E:\UAOS_OPEN_LIBRARY_SOURCE\pa3x\2020 pa1000 pa4x.SET\2020 pa1000 pa4x.SET\.DS_Store","pa3x\2020 pa1000 pa4x.SET\2020 pa1000 pa4x.SET\.DS_Store",".ds_store","14340","13C8EE329878FBDF9EB613CE98D202A68D56CD26C2DD7EA4B97CE5FF5CDAC1BB","UNSUPPORTED_OR_DOCUMENT","METADATA_ONLY"
"LIMITER.AUD","E:\UAOS_OPEN_LIBRARY_SOURCE\pa3x\2020 pa1000 pa4x.SET\2020 pa1000 pa4x.SET\GLOBAL\LIMITER.AUD","pa3x\2020 pa1000 pa4x.SET\2020 pa1000 pa4x.SET\GLOBAL\LIMITER.AUD",".aud","522","035745F58A37F7766EAFA6CD8DABA74AEC178EB976FB7E61E15C815E621A6ED7","UNSUPPORTED_OR_DOCUMENT","METADATA_ONLY"
"MASTEREQ.AUD","E:\UAOS_OPEN_LIBRARY_SOURCE\pa3x\2020 pa1000 pa4x.SET\2020 pa1000 pa4x.SET\GLOBAL\MASTEREQ.AUD","pa3x\2020 pa1000 pa4x.SET\2020 pa1000 pa4x.SET\GLOBAL\MASTEREQ.AUD",".aud","1921","81F216C6872288985C41635EF3CAD5E83EDDC4162EFB8285BA3E5CAEB43D8AE5","UNSUPPORTED_OR_DOCUMENT","METADATA_ONLY"
"MIDI.MPR","E:\UAOS_OPEN_LIBRARY_SOURCE\pa3x\2020 pa1000 pa4x.SET\2020 pa1000 pa4x.SET\GLOBAL\MIDI.MPR","pa3x\2020 pa1000 pa4x.SET\2020 pa1000 pa4x.SET\GLOBAL\MIDI.MPR",".mpr","1572","5DBAA2706992A4D06264B859C80D828DA1B09B4543972D1CF2894A8BF3BF5BF5","UNSUPPORTED_OR_DOCUMENT","METADATA_ONLY"
"QTPRESET.QTP","E:\UAOS_OPEN_LIBRARY_SOURCE\pa3x\2020 pa1000 pa4x.SET\2020 pa1000 pa4x.SET\GLOBAL\QTPRESET.QTP","pa3x\2020 pa1000 pa4x.SET\2020 pa1000 pa4x.SET\GLOBAL\QTPRESET.QTP",".qtp","512","BB96C4D20DBC32175C237335FCF07B11652C7D284EC1E28E5AFDE174A0FD3076","UNSUPPORTED_OR_DOCUMENT","METADATA_ONLY"
"MIDI.MPR","E:\UAOS_OPEN_LIBRARY_SOURCE\pa3x\a1111.SET\a1111.SET\GLOBAL\MIDI.MPR","pa3x\a1111.SET\a1111.SET\GLOBAL\MIDI.MPR",".mpr","1093","A7353F555C7DC4B2B462C43AB7C7E1FA59C92289A8D1E0136036791F3B690DBB","UNSUPPORTED_OR_DOCUMENT","METADATA_ONLY"
"QTPRESET.QTP","E:\UAOS_OPEN_LIBRARY_SOURCE\pa3x\a1111.SET\a1111.SET\GLOBAL\QTPRESET.QTP","pa3x\a1111.SET\a1111.SET\GLOBAL\QTPRESET.QTP",".qtp","1720","F1C58E5035D8E46C6E0CBCFC7B6926DB958636BD68A1D1B3A869CAC2A8C4649A","UNSUPPORTED_OR_DOCUMENT","METADATA_ONLY"
"LIMITER.AUD","E:\UAOS_OPEN_LIBRARY_SOURCE\pa3x\LIVE CHARKI 3 2.SET\LIVE CHARKI 3 2.SET\GLOBAL\LIMITER.AUD","pa3x\LIVE CHARKI 3 2.SET\LIVE CHARKI 3 2.SET\GLOBAL\LIMITER.AUD",".aud","603","6AFDD08975486F1F9DC40F3FE7B8BBFF621448C2E58BDCA51020B745A69ED047","UNSUPPORTED_OR_DOCUMENT","METADATA_ONLY"
"MASTEREQ.AUD","E:\UAOS_OPEN_LIBRARY_SOURCE\pa3x\LIVE CHARKI 3 2.SET\LIVE CHARKI 3 2.SET\GLOBAL\MASTEREQ.AUD","pa3x\LIVE CHARKI 3 2.SET\LIVE CHARKI 3 2.SET\GLOBAL\MASTEREQ.AUD",".aud","1572","6B0CE5EFAA41F17BA48D73C6E356243F950C5D09E95F3A339CF5236988C77A19","UNSUPPORTED_OR_DOCUMENT","METADATA_ONLY"
"MIDI.MPR","E:\UAOS_OPEN_LIBRARY_SOURCE\pa3x\LIVE CHARKI 3 2.SET\LIVE CHARKI 3 2.SET\GLOBAL\MIDI.MPR","pa3x\LIVE CHARKI 3 2.SET\LIVE CHARKI 3 2.SET\GLOBAL\MIDI.MPR",".mpr","1602","97F1036B6323B957E3AB3EE46ED7F5D19B70F5F5CC2262268CA21D07E9DD7E0E","UNSUPPORTED_OR_DOCUMENT","METADATA_ONLY"
"QTPRESET.QTP","E:\UAOS_OPEN_LIBRARY_SOURCE\pa3x\LIVE CHARKI 3 2.SET\LIVE CHARKI 3 2.SET\GLOBAL\QTPRESET.QTP","pa3x\LIVE CHARKI 3 2.SET\LIVE CHARKI 3 2.SET\GLOBAL\QTPRESET.QTP",".qtp","652","07491998AF82732DED7719FE76C5E8B37182044F4CC7036DDCAF2B098F8B0C4B","UNSUPPORTED_OR_DOCUMENT","METADATA_ONLY"
"MIDI.MPR","E:\UAOS_OPEN_LIBRARY_SOURCE\pa3x\omar44.SET\omar44.SET\GLOBAL\MIDI.MPR","pa3x\omar44.SET\omar44.SET\GLOBAL\MIDI.MPR",".mpr","1573","CB7CB08F9C897C79A8555B0A764BE79B8EBA10A15BE1D57413D149A3ED8E9BCC","UNSUPPORTED_OR_DOCUMENT","METADATA_ONLY"
"QTPRESET.QTP","E:\UAOS_OPEN_LIBRARY_SOURCE\pa3x\omar44.SET\omar44.SET\GLOBAL\QTPRESET.QTP","pa3x\omar44.SET\omar44.SET\GLOBAL\QTPRESET.QTP",".qtp","1780","A8DFE1CDE2FA786452DD82243C7113C60D2E2262B3DA4B5C309D79003960CDD7","UNSUPPORTED_OR_DOCUMENT","METADATA_ONLY"
"MIDI.MPR","E:\UAOS_OPEN_LIBRARY_SOURCE\pa3x\ROTANA. 2022.SET\ROTANA. 2022.SET\GLOBAL\MIDI.MPR","pa3x\ROTANA. 2022.SET\ROTANA. 2022.SET\GLOBAL\MIDI.MPR",".mpr","1093","A7353F555C7DC4B2B462C43AB7C7E1FA59C92289A8D1E0136036791F3B690DBB","UNSUPPORTED_OR_DOCUMENT","METADATA_ONLY"
"QTPRESET.QTP","E:\UAOS_OPEN_LIBRARY_SOURCE\pa3x\ROTANA. 2022.SET\ROTANA. 2022.SET\GLOBAL\QTPRESET.QTP","pa3x\ROTANA. 2022.SET\ROTANA. 2022.SET\GLOBAL\QTPRESET.QTP",".qtp","1548","5A599C3304A4341B71B6D5920BE6E79EB0220D51B9037C17F149A3D878BB9445","UNSUPPORTED_OR_DOCUMENT","METADATA_ONLY"
