"review_group_id","source_group_id","kmp_id","kmp_file","top_pcm_file","top_pcm_name","top_pcm_exists","top_pcm_bytes","top_pcm_size_band","top_pcm_sha256","set_context","directory_key","relation_candidate_count","top_score","top_confidence","parser_tier","feasibility_status","review_status","safety_status"
"V1722_PCM_GROUP_001","V1721_GROUP_001","V1720_KMP_001","E:\UAOS_OPEN_LIBRARY_SOURCE\pa3x\omar44.SET\omar44.SET\MULTISMP\RAM.KMP","E:\UAOS_OPEN_LIBRARY_SOURCE\pa3x\omar44.SET\omar44.SET\PCM\RAM65.PCM","RAM65.PCM","True","4737430","MEDIUM_PCM","405D10CC65F638B9FA63861F80BCD061CB57E19997E041C293A69F26BC80C5F5","omar44.SET","e:\uaos_open_library_source\pa3x\omar44.set\omar44.set\pcm","8","50","LOW_MEDIUM_HINT","TIER_4_HOLD_LOW_CONFIDENCE","HOLD","READONLY_PCM_GROUP_REVIEW_NOT_CONFIRMED","NO_CRACKING_NO_BINARY_OUTPUT"
"V1722_PCM_GROUP_002","V1721_GROUP_002","V1720_KMP_002","E:\UAOS_OPEN_LIBRARY_SOURCE\pa3x\2020 pa1000 pa4x.SET\2020 pa1000 pa4x.SET\MULTISMP\RAM.KMP","E:\UAOS_OPEN_LIBRARY_SOURCE\pa3x\2020 pa1000 pa4x.SET\2020 pa1000 pa4x.SET\PCM\RAM65.PCM","RAM65.PCM","True","2894634","MEDIUM_PCM","8A62269C9CAA8801C5BF00BEFD2C735D98BC7E4A674F69AF41A1A0C084E78276","2020 pa1000 pa4x.SET","e:\uaos_open_library_source\pa3x\2020 pa1000 pa4x.set\2020 pa1000 pa4x.set\pcm","8","50","LOW_MEDIUM_HINT","TIER_4_HOLD_LOW_CONFIDENCE","HOLD","READONLY_PCM_GROUP_REVIEW_NOT_CONFIRMED","NO_CRACKING_NO_BINARY_OUTPUT"
"V1722_PCM_GROUP_003","V1721_GROUP_003","V1720_KMP_003","E:\UAOS_OPEN_LIBRARY_SOURCE\pa3x\‏‏RoTaNa(1) pa3x.SET - نسخة\tareq pa3x.SET\MULTISMP\RAM.KMP","E:\UAOS_OPEN_LIBRARY_SOURCE\pa3x\‏‏RoTaNa(1) pa3x.SET - نسخة\tareq pa3x.SET\PCM\RAM65.PCM","RAM65.PCM","True","2614555","MEDIUM_PCM","E78DD4CCCD87114F9C1723524A18FD3FFFAA903D019573F4C76AB59E2433AD14","tareq pa3x.SET","e:\uaos_open_library_source\pa3x\‏‏rotana(1) pa3x.set - نسخة\tareq pa3x.set\pcm","8","50","LOW_MEDIUM_HINT","TIER_4_HOLD_LOW_CONFIDENCE","HOLD","READONLY_PCM_GROUP_REVIEW_NOT_CONFIRMED","NO_CRACKING_NO_BINARY_OUTPUT"
"V1722_PCM_GROUP_004","V1721_GROUP_004","V1720_KMP_004","E:\UAOS_OPEN_LIBRARY_SOURCE\pa3x\3xxxxx.SET\3xxxxx.SET\MULTISMP\RAM.KMP","E:\UAOS_OPEN_LIBRARY_SOURCE\pa3x\3xxxxx.SET\3xxxxx.SET\PCM\RAM65.PCM","RAM65.PCM","True","2697680","MEDIUM_PCM","33F02DDB5B2671A2D72BBC2224D5376ABB9E0070D863B6F04E5D802DB785FE38","3xxxxx.SET","e:\uaos_open_library_source\pa3x\3xxxxx.set\3xxxxx.set\pcm","8","50","LOW_MEDIUM_HINT","TIER_4_HOLD_LOW_CONFIDENCE","HOLD","READONLY_PCM_GROUP_REVIEW_NOT_CONFIRMED","NO_CRACKING_NO_BINARY_OUTPUT"
"V1722_PCM_GROUP_005","V1721_GROUP_005","V1720_KMP_005","E:\UAOS_OPEN_LIBRARY_SOURCE\pa3x\ABOUD NEXT-MG.SET\ABOUD NEXT-MG.SET\MULTISMP\RAM.KMP","E:\UAOS_OPEN_LIBRARY_SOURCE\pa3x\ABOUD NEXT-MG.SET\ABOUD NEXT-MG.SET\PCM\RAM65.PCM","RAM65.PCM","True","5602506","MEDIUM_PCM","4BE610314131909A60FE602494E7F967C7F1EFC5A3461752C4BEE76E5BC709B5","ABOUD NEXT-MG.SET","e:\uaos_open_library_source\pa3x\aboud next-mg.set\aboud next-mg.set\pcm","8","50","LOW_MEDIUM_HINT","TIER_4_HOLD_LOW_CONFIDENCE","HOLD","READONLY_PCM_GROUP_REVIEW_NOT_CONFIRMED","NO_CRACKING_NO_BINARY_OUTPUT"
"V1722_PCM_GROUP_006","V1721_GROUP_006","V1720_KMP_006","E:\UAOS_OPEN_LIBRARY_SOURCE\pa3x\rahm pa3x.SET\rahm pa3x.SET\MULTISMP\RAM.KMP","E:\UAOS_OPEN_LIBRARY_SOURCE\pa3x\rahm pa3x.SET\rahm pa3x.SET\PCM\RAM65.PCM","RAM65.PCM","True","2104508","MEDIUM_PCM","64A20A1E764D6E3B3D28A21A1D1248B03D1307A585ADA3FAB1BAD5AC10A630E6","rahm pa3x.SET","e:\uaos_open_library_source\pa3x\rahm pa3x.set\rahm pa3x.set\pcm","8","50","LOW_MEDIUM_HINT","TIER_4_HOLD_LOW_CONFIDENCE","HOLD","READONLY_PCM_GROUP_REVIEW_NOT_CONFIRMED","NO_CRACKING_NO_BINARY_OUTPUT"
"V1722_PCM_GROUP_007","V1721_GROUP_007","V1720_KMP_007","E:\UAOS_OPEN_LIBRARY_SOURCE\pa3x\RoTaNa(1) pa3x.SET\tareq pa3x.SET\MULTISMP\RAM.KMP","E:\UAOS_OPEN_LIBRARY_SOURCE\pa3x\RoTaNa(1) pa3x.SET\tareq pa3x.SET\PCM\RAM65.PCM","RAM65.PCM","True","2614555","MEDIUM_PCM","E78DD4CCCD87114F9C1723524A18FD3FFFAA903D019573F4C76AB59E2433AD14","RoTaNa(1) pa3x.SET","e:\uaos_open_library_source\pa3x\rotana(1) pa3x.set\tareq pa3x.set\pcm","8","50","LOW_MEDIUM_HINT","TIER_4_HOLD_LOW_CONFIDENCE","HOLD","READONLY_PCM_GROUP_REVIEW_NOT_CONFIRMED","NO_CRACKING_NO_BINARY_OUTPUT"
"V1722_PCM_GROUP_008","V1721_GROUP_008","V1720_KMP_008","E:\UAOS_OPEN_LIBRARY_SOURCE\pa3x\a1111.SET\a1111.SET\MULTISMP\RAM.KMP","E:\UAOS_OPEN_LIBRARY_SOURCE\pa3x\a1111.SET\a1111.SET\PCM\RAM65.PCM","RAM65.PCM","True","5581068","MEDIUM_PCM","E8793113100D0A50FDA16EED1D68F208C2586BAD0746EFE6EA5BA0BB0C6D2A97","a1111.SET","e:\uaos_open_library_source\pa3x\a1111.set\a1111.set\pcm","8","50","LOW_MEDIUM_HINT","TIER_4_HOLD_LOW_CONFIDENCE","HOLD","READONLY_PCM_GROUP_REVIEW_NOT_CONFIRMED","NO_CRACKING_NO_BINARY_OUTPUT"
"V1722_PCM_GROUP_009","V1721_GROUP_009","V1720_KMP_009","E:\UAOS_OPEN_LIBRARY_SOURCE\pa3x\ROTANA. 2022.SET\ROTANA. 2022.SET\MULTISMP\RAM.KMP","E:\UAOS_OPEN_LIBRARY_SOURCE\pa3x\ROTANA. 2022.SET\ROTANA. 2022.SET\PCM\RAM65.PCM","RAM65.PCM","True","5273012","MEDIUM_PCM","D9DB4192214D2EDBF1B2C1A6F7704A9C74DE31F8A671F68BC741B7F200F2E38E","ROTANA. 2022.SET","e:\uaos_open_library_source\pa3x\rotana. 2022.set\rotana. 2022.set\pcm","8","50","LOW_MEDIUM_HINT","TIER_4_HOLD_LOW_CONFIDENCE","HOLD","READONLY_PCM_GROUP_REVIEW_NOT_CONFIRMED","NO_CRACKING_NO_BINARY_OUTPUT"
"V1722_PCM_GROUP_010","V1721_GROUP_010","V1720_KMP_010","E:\UAOS_OPEN_LIBRARY_SOURCE\pa3x\LIVE CHARKI 3 2.SET\LIVE CHARKI 3 2.SET\MULTISMP\RAM.KMP","E:\UAOS_OPEN_LIBRARY_SOURCE\pa3x\LIVE CHARKI 3 2.SET\LIVE CHARKI 3 2.SET\PCM\RAM65.PCM","RAM65.PCM","True","1022941","SMALL_PCM","468E3A7B58CC366DEDDEFB011F91E20953882670B566BB4716D09744CBF20CDF","LIVE CHARKI 3 2.SET","e:\uaos_open_library_source\pa3x\live charki 3 2.set\live charki 3 2.set\pcm","8","50","LOW_MEDIUM_HINT","TIER_4_HOLD_LOW_CONFIDENCE","HOLD","READONLY_PCM_GROUP_REVIEW_NOT_CONFIRMED","NO_CRACKING_NO_BINARY_OUTPUT"
"V1722_PCM_GROUP_011","V1721_GROUP_011","V1720_KMP_011","E:\UAOS_OPEN_LIBRARY_SOURCE\pa3x\SUPER4X.3X ASLY2018.SET\SUPER4X.3X ASLY2018.SET\MULTISMP\RAM.KMP","E:\UAOS_OPEN_LIBRARY_SOURCE\pa3x\SUPER4X.3X ASLY2018.SET\SUPER4X.3X ASLY2018.SET\PCM\RAM65.PCM","RAM65.PCM","True","2701640","MEDIUM_PCM","53276CBBB4F6E36A0E86A9A94910B7D21A7753320D185B32C642C12A824C35D9","SUPER4X.3X ASLY2018.SET","e:\uaos_open_library_source\pa3x\super4x.3x asly2018.set\super4x.3x asly2018.set\pcm","8","50","LOW_MEDIUM_HINT","TIER_4_HOLD_LOW_CONFIDENCE","HOLD","READONLY_PCM_GROUP_REVIEW_NOT_CONFIRMED","NO_CRACKING_NO_BINARY_OUTPUT"
