"feasibility_id","review_group_id","kmp_id","kmp_file","pcm_file","pcm_name","pcm_exists","pcm_bytes","pcm_size_band","score","confidence_band","reason","parser_tier","feasibility_status","required_next_action","safety_status"
"V1722_FEAS_00001","V1722_PCM_GROUP_001","V1720_KMP_001","E:\UAOS_OPEN_LIBRARY_SOURCE\pa3x\omar44.SET\omar44.SET\MULTISMP\RAM.KMP","E:\UAOS_OPEN_LIBRARY_SOURCE\pa3x\omar44.SET\omar44.SET\PCM\RAM66.PCM","RAM66.PCM","True","4344064","MEDIUM_PCM","50","LOW_MEDIUM_HINT","same_set_context","TIER_4_HOLD_LOW_CONFIDENCE","HOLD","OWNER_DECISION_BEFORE_V1723_PARSER_FEASIBILITY","READ_ONLY_NO_BINARY_OUTPUT"
"V1722_FEAS_00002","V1722_PCM_GROUP_001","V1720_KMP_001","E:\UAOS_OPEN_LIBRARY_SOURCE\pa3x\omar44.SET\omar44.SET\MULTISMP\RAM.KMP","E:\UAOS_OPEN_LIBRARY_SOURCE\pa3x\omar44.SET\omar44.SET\PCM\RAM67.PCM","RAM67.PCM","True","4350503","MEDIUM_PCM","50","LOW_MEDIUM_HINT","same_set_context","TIER_4_HOLD_LOW_CONFIDENCE","HOLD","OWNER_DECISION_BEFORE_V1723_PARSER_FEASIBILITY","READ_ONLY_NO_BINARY_OUTPUT"
"V1722_FEAS_00003","V1722_PCM_GROUP_001","V1720_KMP_001","E:\UAOS_OPEN_LIBRARY_SOURCE\pa3x\omar44.SET\omar44.SET\MULTISMP\RAM.KMP","E:\UAOS_OPEN_LIBRARY_SOURCE\pa3x\omar44.SET\omar44.SET\PCM\RAM68.PCM","RAM68.PCM","True","4265735","MEDIUM_PCM","50","LOW_MEDIUM_HINT","same_set_context","TIER_4_HOLD_LOW_CONFIDENCE","HOLD","OWNER_DECISION_BEFORE_V1723_PARSER_FEASIBILITY","READ_ONLY_NO_BINARY_OUTPUT"
"V1722_FEAS_00004","V1722_PCM_GROUP_001","V1720_KMP_001","E:\UAOS_OPEN_LIBRARY_SOURCE\pa3x\omar44.SET\omar44.SET\MULTISMP\RAM.KMP","E:\UAOS_OPEN_LIBRARY_SOURCE\pa3x\omar44.SET\omar44.SET\PCM\RAM63.PCM","RAM63.PCM","True","4195152","MEDIUM_PCM","50","LOW_MEDIUM_HINT","same_set_context","TIER_4_HOLD_LOW_CONFIDENCE","HOLD","OWNER_DECISION_BEFORE_V1723_PARSER_FEASIBILITY","READ_ONLY_NO_BINARY_OUTPUT"
"V1722_FEAS_00005","V1722_PCM_GROUP_001","V1720_KMP_001","E:\UAOS_OPEN_LIBRARY_SOURCE\pa3x\omar44.SET\omar44.SET\MULTISMP\RAM.KMP","E:\UAOS_OPEN_LIBRARY_SOURCE\pa3x\omar44.SET\omar44.SET\PCM\RAM64.PCM","RAM64.PCM","True","4736137","MEDIUM_PCM","50","LOW_MEDIUM_HINT","same_set_context","TIER_4_HOLD_LOW_CONFIDENCE","HOLD","OWNER_DECISION_BEFORE_V1723_PARSER_FEASIBILITY","READ_ONLY_NO_BINARY_OUTPUT"
"V1722_FEAS_00006","V1722_PCM_GROUP_001","V1720_KMP_001","E:\UAOS_OPEN_LIBRARY_SOURCE\pa3x\omar44.SET\omar44.SET\MULTISMP\RAM.KMP","E:\UAOS_OPEN_LIBRARY_SOURCE\pa3x\omar44.SET\omar44.SET\PCM\RAM65.PCM","RAM65.PCM","True","4737430","MEDIUM_PCM","50","LOW_MEDIUM_HINT","same_set_context","TIER_4_HOLD_LOW_CONFIDENCE","HOLD","OWNER_DECISION_BEFORE_V1723_PARSER_FEASIBILITY","READ_ONLY_NO_BINARY_OUTPUT"
"V1722_FEAS_00007","V1722_PCM_GROUP_001","V1720_KMP_001","E:\UAOS_OPEN_LIBRARY_SOURCE\pa3x\omar44.SET\omar44.SET\MULTISMP\RAM.KMP","E:\UAOS_OPEN_LIBRARY_SOURCE\pa3x\omar44.SET\omar44.SET\PCM\RAM72.PCM","RAM72.PCM","True","4216747","MEDIUM_PCM","50","LOW_MEDIUM_HINT","same_set_context","TIER_4_HOLD_LOW_CONFIDENCE","HOLD","OWNER_DECISION_BEFORE_V1723_PARSER_FEASIBILITY","READ_ONLY_NO_BINARY_OUTPUT"
"V1722_FEAS_00008","V1722_PCM_GROUP_001","V1720_KMP_001","E:\UAOS_OPEN_LIBRARY_SOURCE\pa3x\omar44.SET\omar44.SET\MULTISMP\RAM.KMP","E:\UAOS_OPEN_LIBRARY_SOURCE\pa3x\omar44.SET\omar44.SET\PCM\RAM73.PCM","RAM73.PCM","True","4157643","MEDIUM_PCM","50","LOW_MEDIUM_HINT","same_set_context","TIER_4_HOLD_LOW_CONFIDENCE","HOLD","OWNER_DECISION_BEFORE_V1723_PARSER_FEASIBILITY","READ_ONLY_NO_BINARY_OUTPUT"
"V1722_FEAS_00009","V1722_PCM_GROUP_002","V1720_KMP_002","E:\UAOS_OPEN_LIBRARY_SOURCE\pa3x\2020 pa1000 pa4x.SET\2020 pa1000 pa4x.SET\MULTISMP\RAM.KMP","E:\UAOS_OPEN_LIBRARY_SOURCE\pa3x\2020 pa1000 pa4x.SET\2020 pa1000 pa4x.SET\PCM\RAM66.PCM","RAM66.PCM","True","3140580","MEDIUM_PCM","50","LOW_MEDIUM_HINT","same_set_context","TIER_4_HOLD_LOW_CONFIDENCE","HOLD","OWNER_DECISION_BEFORE_V1723_PARSER_FEASIBILITY","READ_ONLY_NO_BINARY_OUTPUT"
"V1722_FEAS_00010","V1722_PCM_GROUP_002","V1720_KMP_002","E:\UAOS_OPEN_LIBRARY_SOURCE\pa3x\2020 pa1000 pa4x.SET\2020 pa1000 pa4x.SET\MULTISMP\RAM.KMP","E:\UAOS_OPEN_LIBRARY_SOURCE\pa3x\2020 pa1000 pa4x.SET\2020 pa1000 pa4x.SET\PCM\RAM67.PCM","RAM67.PCM","True","2898297","MEDIUM_PCM","50","LOW_MEDIUM_HINT","same_set_context","TIER_4_HOLD_LOW_CONFIDENCE","HOLD","OWNER_DECISION_BEFORE_V1723_PARSER_FEASIBILITY","READ_ONLY_NO_BINARY_OUTPUT"
"V1722_FEAS_00011","V1722_PCM_GROUP_002","V1720_KMP_002","E:\UAOS_OPEN_LIBRARY_SOURCE\pa3x\2020 pa1000 pa4x.SET\2020 pa1000 pa4x.SET\MULTISMP\RAM.KMP","E:\UAOS_OPEN_LIBRARY_SOURCE\pa3x\2020 pa1000 pa4x.SET\2020 pa1000 pa4x.SET\PCM\RAM68.PCM","RAM68.PCM","True","2929268","MEDIUM_PCM","50","LOW_MEDIUM_HINT","same_set_context","TIER_4_HOLD_LOW_CONFIDENCE","HOLD","OWNER_DECISION_BEFORE_V1723_PARSER_FEASIBILITY","READ_ONLY_NO_BINARY_OUTPUT"
"V1722_FEAS_00012","V1722_PCM_GROUP_002","V1720_KMP_002","E:\UAOS_OPEN_LIBRARY_SOURCE\pa3x\2020 pa1000 pa4x.SET\2020 pa1000 pa4x.SET\MULTISMP\RAM.KMP","E:\UAOS_OPEN_LIBRARY_SOURCE\pa3x\2020 pa1000 pa4x.SET\2020 pa1000 pa4x.SET\PCM\RAM63.PCM","RAM63.PCM","True","2894734","MEDIUM_PCM","50","LOW_MEDIUM_HINT","same_set_context","TIER_4_HOLD_LOW_CONFIDENCE","HOLD","OWNER_DECISION_BEFORE_V1723_PARSER_FEASIBILITY","READ_ONLY_NO_BINARY_OUTPUT"
"V1722_FEAS_00013","V1722_PCM_GROUP_002","V1720_KMP_002","E:\UAOS_OPEN_LIBRARY_SOURCE\pa3x\2020 pa1000 pa4x.SET\2020 pa1000 pa4x.SET\MULTISMP\RAM.KMP","E:\UAOS_OPEN_LIBRARY_SOURCE\pa3x\2020 pa1000 pa4x.SET\2020 pa1000 pa4x.SET\PCM\RAM64.PCM","RAM64.PCM","True","3123447","MEDIUM_PCM","50","LOW_MEDIUM_HINT","same_set_context","TIER_4_HOLD_LOW_CONFIDENCE","HOLD","OWNER_DECISION_BEFORE_V1723_PARSER_FEASIBILITY","READ_ONLY_NO_BINARY_OUTPUT"
"V1722_FEAS_00014","V1722_PCM_GROUP_002","V1720_KMP_002","E:\UAOS_OPEN_LIBRARY_SOURCE\pa3x\2020 pa1000 pa4x.SET\2020 pa1000 pa4x.SET\MULTISMP\RAM.KMP","E:\UAOS_OPEN_LIBRARY_SOURCE\pa3x\2020 pa1000 pa4x.SET\2020 pa1000 pa4x.SET\PCM\RAM65.PCM","RAM65.PCM","True","2894634","MEDIUM_PCM","50","LOW_MEDIUM_HINT","same_set_context","TIER_4_HOLD_LOW_CONFIDENCE","HOLD","OWNER_DECISION_BEFORE_V1723_PARSER_FEASIBILITY","READ_ONLY_NO_BINARY_OUTPUT"
"V1722_FEAS_00015","V1722_PCM_GROUP_002","V1720_KMP_002","E:\UAOS_OPEN_LIBRARY_SOURCE\pa3x\2020 pa1000 pa4x.SET\2020 pa1000 pa4x.SET\MULTISMP\RAM.KMP","E:\UAOS_OPEN_LIBRARY_SOURCE\pa3x\2020 pa1000 pa4x.SET\2020 pa1000 pa4x.SET\PCM\RAM72.PCM","RAM72.PCM","True","2925557","MEDIUM_PCM","50","LOW_MEDIUM_HINT","same_set_context","TIER_4_HOLD_LOW_CONFIDENCE","HOLD","OWNER_DECISION_BEFORE_V1723_PARSER_FEASIBILITY","READ_ONLY_NO_BINARY_OUTPUT"
"V1722_FEAS_00016","V1722_PCM_GROUP_002","V1720_KMP_002","E:\UAOS_OPEN_LIBRARY_SOURCE\pa3x\2020 pa1000 pa4x.SET\2020 pa1000 pa4x.SET\MULTISMP\RAM.KMP","E:\UAOS_OPEN_LIBRARY_SOURCE\pa3x\2020 pa1000 pa4x.SET\2020 pa1000 pa4x.SET\PCM\RAM73.PCM","RAM73.PCM","True","3142937","MEDIUM_PCM","50","LOW_MEDIUM_HINT","same_set_context","TIER_4_HOLD_LOW_CONFIDENCE","HOLD","OWNER_DECISION_BEFORE_V1723_PARSER_FEASIBILITY","READ_ONLY_NO_BINARY_OUTPUT"
"V1722_FEAS_00017","V1722_PCM_GROUP_003","V1720_KMP_003","E:\UAOS_OPEN_LIBRARY_SOURCE\pa3x\‏‏RoTaNa(1) pa3x.SET - نسخة\tareq pa3x.SET\MULTISMP\RAM.KMP","E:\UAOS_OPEN_LIBRARY_SOURCE\pa3x\‏‏RoTaNa(1) pa3x.SET - نسخة\tareq pa3x.SET\PCM\RAM66.PCM","RAM66.PCM","True","2584842","MEDIUM_PCM","50","LOW_MEDIUM_HINT","same_set_context","TIER_4_HOLD_LOW_CONFIDENCE","HOLD","OWNER_DECISION_BEFORE_V1723_PARSER_FEASIBILITY","READ_ONLY_NO_BINARY_OUTPUT"
"V1722_FEAS_00018","V1722_PCM_GROUP_003","V1720_KMP_003","E:\UAOS_OPEN_LIBRARY_SOURCE\pa3x\‏‏RoTaNa(1) pa3x.SET - نسخة\tareq pa3x.SET\MULTISMP\RAM.KMP","E:\UAOS_OPEN_LIBRARY_SOURCE\pa3x\‏‏RoTaNa(1) pa3x.SET - نسخة\tareq pa3x.SET\PCM\RAM67.PCM","RAM67.PCM","True","2603681","MEDIUM_PCM","50","LOW_MEDIUM_HINT","same_set_context","TIER_4_HOLD_LOW_CONFIDENCE","HOLD","OWNER_DECISION_BEFORE_V1723_PARSER_FEASIBILITY","READ_ONLY_NO_BINARY_OUTPUT"
"V1722_FEAS_00019","V1722_PCM_GROUP_003","V1720_KMP_003","E:\UAOS_OPEN_LIBRARY_SOURCE\pa3x\‏‏RoTaNa(1) pa3x.SET - نسخة\tareq pa3x.SET\MULTISMP\RAM.KMP","E:\UAOS_OPEN_LIBRARY_SOURCE\pa3x\‏‏RoTaNa(1) pa3x.SET - نسخة\tareq pa3x.SET\PCM\RAM68.PCM","RAM68.PCM","True","2595614","MEDIUM_PCM","50","LOW_MEDIUM_HINT","same_set_context","TIER_4_HOLD_LOW_CONFIDENCE","HOLD","OWNER_DECISION_BEFORE_V1723_PARSER_FEASIBILITY","READ_ONLY_NO_BINARY_OUTPUT"
"V1722_FEAS_00020","V1722_PCM_GROUP_003","V1720_KMP_003","E:\UAOS_OPEN_LIBRARY_SOURCE\pa3x\‏‏RoTaNa(1) pa3x.SET - نسخة\tareq pa3x.SET\MULTISMP\RAM.KMP","E:\UAOS_OPEN_LIBRARY_SOURCE\pa3x\‏‏RoTaNa(1) pa3x.SET - نسخة\tareq pa3x.SET\PCM\RAM63.PCM","RAM63.PCM","True","2582262","MEDIUM_PCM","50","LOW_MEDIUM_HINT","same_set_context","TIER_4_HOLD_LOW_CONFIDENCE","HOLD","OWNER_DECISION_BEFORE_V1723_PARSER_FEASIBILITY","READ_ONLY_NO_BINARY_OUTPUT"
"V1722_FEAS_00021","V1722_PCM_GROUP_003","V1720_KMP_003","E:\UAOS_OPEN_LIBRARY_SOURCE\pa3x\‏‏RoTaNa(1) pa3x.SET - نسخة\tareq pa3x.SET\MULTISMP\RAM.KMP","E:\UAOS_OPEN_LIBRARY_SOURCE\pa3x\‏‏RoTaNa(1) pa3x.SET - نسخة\tareq pa3x.SET\PCM\RAM64.PCM","RAM64.PCM","True","2587783","MEDIUM_PCM","50","LOW_MEDIUM_HINT","same_set_context","TIER_4_HOLD_LOW_CONFIDENCE","HOLD","OWNER_DECISION_BEFORE_V1723_PARSER_FEASIBILITY","READ_ONLY_NO_BINARY_OUTPUT"
"V1722_FEAS_00022","V1722_PCM_GROUP_003","V1720_KMP_003","E:\UAOS_OPEN_LIBRARY_SOURCE\pa3x\‏‏RoTaNa(1) pa3x.SET - نسخة\tareq pa3x.SET\MULTISMP\RAM.KMP","E:\UAOS_OPEN_LIBRARY_SOURCE\pa3x\‏‏RoTaNa(1) pa3x.SET - نسخة\tareq pa3x.SET\PCM\RAM65.PCM","RAM65.PCM","True","2614555","MEDIUM_PCM","50","LOW_MEDIUM_HINT","same_set_context","TIER_4_HOLD_LOW_CONFIDENCE","HOLD","OWNER_DECISION_BEFORE_V1723_PARSER_FEASIBILITY","READ_ONLY_NO_BINARY_OUTPUT"
"V1722_FEAS_00023","V1722_PCM_GROUP_003","V1720_KMP_003","E:\UAOS_OPEN_LIBRARY_SOURCE\pa3x\‏‏RoTaNa(1) pa3x.SET - نسخة\tareq pa3x.SET\MULTISMP\RAM.KMP","E:\UAOS_OPEN_LIBRARY_SOURCE\pa3x\‏‏RoTaNa(1) pa3x.SET - نسخة\tareq pa3x.SET\PCM\RAM72.PCM","RAM72.PCM","True","2613019","MEDIUM_PCM","50","LOW_MEDIUM_HINT","same_set_context","TIER_4_HOLD_LOW_CONFIDENCE","HOLD","OWNER_DECISION_BEFORE_V1723_PARSER_FEASIBILITY","READ_ONLY_NO_BINARY_OUTPUT"
"V1722_FEAS_00024","V1722_PCM_GROUP_003","V1720_KMP_003","E:\UAOS_OPEN_LIBRARY_SOURCE\pa3x\‏‏RoTaNa(1) pa3x.SET - نسخة\tareq pa3x.SET\MULTISMP\RAM.KMP","E:\UAOS_OPEN_LIBRARY_SOURCE\pa3x\‏‏RoTaNa(1) pa3x.SET - نسخة\tareq pa3x.SET\PCM\RAM73.PCM","RAM73.PCM","True","2578310","MEDIUM_PCM","50","LOW_MEDIUM_HINT","same_set_context","TIER_4_HOLD_LOW_CONFIDENCE","HOLD","OWNER_DECISION_BEFORE_V1723_PARSER_FEASIBILITY","READ_ONLY_NO_BINARY_OUTPUT"
"V1722_FEAS_00025","V1722_PCM_GROUP_004","V1720_KMP_004","E:\UAOS_OPEN_LIBRARY_SOURCE\pa3x\3xxxxx.SET\3xxxxx.SET\MULTISMP\RAM.KMP","E:\UAOS_OPEN_LIBRARY_SOURCE\pa3x\3xxxxx.SET\3xxxxx.SET\PCM\RAM66.PCM","RAM66.PCM","True","2549660","MEDIUM_PCM","50","LOW_MEDIUM_HINT","same_set_context","TIER_4_HOLD_LOW_CONFIDENCE","HOLD","OWNER_DECISION_BEFORE_V1723_PARSER_FEASIBILITY","READ_ONLY_NO_BINARY_OUTPUT"
"V1722_FEAS_00026","V1722_PCM_GROUP_004","V1720_KMP_004","E:\UAOS_OPEN_LIBRARY_SOURCE\pa3x\3xxxxx.SET\3xxxxx.SET\MULTISMP\RAM.KMP","E:\UAOS_OPEN_LIBRARY_SOURCE\pa3x\3xxxxx.SET\3xxxxx.SET\PCM\RAM67.PCM","RAM67.PCM","True","2693913","MEDIUM_PCM","50","LOW_MEDIUM_HINT","same_set_context","TIER_4_HOLD_LOW_CONFIDENCE","HOLD","OWNER_DECISION_BEFORE_V1723_PARSER_FEASIBILITY","READ_ONLY_NO_BINARY_OUTPUT"
"V1722_FEAS_00027","V1722_PCM_GROUP_004","V1720_KMP_004","E:\UAOS_OPEN_LIBRARY_SOURCE\pa3x\3xxxxx.SET\3xxxxx.SET\MULTISMP\RAM.KMP","E:\UAOS_OPEN_LIBRARY_SOURCE\pa3x\3xxxxx.SET\3xxxxx.SET\PCM\RAM68.PCM","RAM68.PCM","True","2561503","MEDIUM_PCM","50","LOW_MEDIUM_HINT","same_set_context","TIER_4_HOLD_LOW_CONFIDENCE","HOLD","OWNER_DECISION_BEFORE_V1723_PARSER_FEASIBILITY","READ_ONLY_NO_BINARY_OUTPUT"
"V1722_FEAS_00028","V1722_PCM_GROUP_004","V1720_KMP_004","E:\UAOS_OPEN_LIBRARY_SOURCE\pa3x\3xxxxx.SET\3xxxxx.SET\MULTISMP\RAM.KMP","E:\UAOS_OPEN_LIBRARY_SOURCE\pa3x\3xxxxx.SET\3xxxxx.SET\PCM\RAM63.PCM","RAM63.PCM","True","3248252","MEDIUM_PCM","50","LOW_MEDIUM_HINT","same_set_context","TIER_4_HOLD_LOW_CONFIDENCE","HOLD","OWNER_DECISION_BEFORE_V1723_PARSER_FEASIBILITY","READ_ONLY_NO_BINARY_OUTPUT"
"V1722_FEAS_00029","V1722_PCM_GROUP_004","V1720_KMP_004","E:\UAOS_OPEN_LIBRARY_SOURCE\pa3x\3xxxxx.SET\3xxxxx.SET\MULTISMP\RAM.KMP","E:\UAOS_OPEN_LIBRARY_SOURCE\pa3x\3xxxxx.SET\3xxxxx.SET\PCM\RAM64.PCM","RAM64.PCM","True","2538332","MEDIUM_PCM","50","LOW_MEDIUM_HINT","same_set_context","TIER_4_HOLD_LOW_CONFIDENCE","HOLD","OWNER_DECISION_BEFORE_V1723_PARSER_FEASIBILITY","READ_ONLY_NO_BINARY_OUTPUT"
"V1722_FEAS_00030","V1722_PCM_GROUP_004","V1720_KMP_004","E:\UAOS_OPEN_LIBRARY_SOURCE\pa3x\3xxxxx.SET\3xxxxx.SET\MULTISMP\RAM.KMP","E:\UAOS_OPEN_LIBRARY_SOURCE\pa3x\3xxxxx.SET\3xxxxx.SET\PCM\RAM65.PCM","RAM65.PCM","True","2697680","MEDIUM_PCM","50","LOW_MEDIUM_HINT","same_set_context","TIER_4_HOLD_LOW_CONFIDENCE","HOLD","OWNER_DECISION_BEFORE_V1723_PARSER_FEASIBILITY","READ_ONLY_NO_BINARY_OUTPUT"
"V1722_FEAS_00031","V1722_PCM_GROUP_004","V1720_KMP_004","E:\UAOS_OPEN_LIBRARY_SOURCE\pa3x\3xxxxx.SET\3xxxxx.SET\MULTISMP\RAM.KMP","E:\UAOS_OPEN_LIBRARY_SOURCE\pa3x\3xxxxx.SET\3xxxxx.SET\PCM\RAM72.PCM","RAM72.PCM","True","2541169","MEDIUM_PCM","50","LOW_MEDIUM_HINT","same_set_context","TIER_4_HOLD_LOW_CONFIDENCE","HOLD","OWNER_DECISION_BEFORE_V1723_PARSER_FEASIBILITY","READ_ONLY_NO_BINARY_OUTPUT"
"V1722_FEAS_00032","V1722_PCM_GROUP_004","V1720_KMP_004","E:\UAOS_OPEN_LIBRARY_SOURCE\pa3x\3xxxxx.SET\3xxxxx.SET\MULTISMP\RAM.KMP","E:\UAOS_OPEN_LIBRARY_SOURCE\pa3x\3xxxxx.SET\3xxxxx.SET\PCM\RAM73.PCM","RAM73.PCM","True","2566126","MEDIUM_PCM","50","LOW_MEDIUM_HINT","same_set_context","TIER_4_HOLD_LOW_CONFIDENCE","HOLD","OWNER_DECISION_BEFORE_V1723_PARSER_FEASIBILITY","READ_ONLY_NO_BINARY_OUTPUT"
"V1722_FEAS_00033","V1722_PCM_GROUP_005","V1720_KMP_005","E:\UAOS_OPEN_LIBRARY_SOURCE\pa3x\ABOUD NEXT-MG.SET\ABOUD NEXT-MG.SET\MULTISMP\RAM.KMP","E:\UAOS_OPEN_LIBRARY_SOURCE\pa3x\ABOUD NEXT-MG.SET\ABOUD NEXT-MG.SET\PCM\RAM66.PCM","RAM66.PCM","True","4577818","MEDIUM_PCM","50","LOW_MEDIUM_HINT","same_set_context","TIER_4_HOLD_LOW_CONFIDENCE","HOLD","OWNER_DECISION_BEFORE_V1723_PARSER_FEASIBILITY","READ_ONLY_NO_BINARY_OUTPUT"
"V1722_FEAS_00034","V1722_PCM_GROUP_005","V1720_KMP_005","E:\UAOS_OPEN_LIBRARY_SOURCE\pa3x\ABOUD NEXT-MG.SET\ABOUD NEXT-MG.SET\MULTISMP\RAM.KMP","E:\UAOS_OPEN_LIBRARY_SOURCE\pa3x\ABOUD NEXT-MG.SET\ABOUD NEXT-MG.SET\PCM\RAM67.PCM","RAM67.PCM","True","6683345","MEDIUM_PCM","50","LOW_MEDIUM_HINT","same_set_context","TIER_4_HOLD_LOW_CONFIDENCE","HOLD","OWNER_DECISION_BEFORE_V1723_PARSER_FEASIBILITY","READ_ONLY_NO_BINARY_OUTPUT"
"V1722_FEAS_00035","V1722_PCM_GROUP_005","V1720_KMP_005","E:\UAOS_OPEN_LIBRARY_SOURCE\pa3x\ABOUD NEXT-MG.SET\ABOUD NEXT-MG.SET\MULTISMP\RAM.KMP","E:\UAOS_OPEN_LIBRARY_SOURCE\pa3x\ABOUD NEXT-MG.SET\ABOUD NEXT-MG.SET\PCM\RAM68.PCM","RAM68.PCM","True","4172060","MEDIUM_PCM","50","LOW_MEDIUM_HINT","same_set_context","TIER_4_HOLD_LOW_CONFIDENCE","HOLD","OWNER_DECISION_BEFORE_V1723_PARSER_FEASIBILITY","READ_ONLY_NO_BINARY_OUTPUT"
"V1722_FEAS_00036","V1722_PCM_GROUP_005","V1720_KMP_005","E:\UAOS_OPEN_LIBRARY_SOURCE\pa3x\ABOUD NEXT-MG.SET\ABOUD NEXT-MG.SET\MULTISMP\RAM.KMP","E:\UAOS_OPEN_LIBRARY_SOURCE\pa3x\ABOUD NEXT-MG.SET\ABOUD NEXT-MG.SET\PCM\RAM63.PCM","RAM63.PCM","True","3946998","MEDIUM_PCM","50","LOW_MEDIUM_HINT","same_set_context","TIER_4_HOLD_LOW_CONFIDENCE","HOLD","OWNER_DECISION_BEFORE_V1723_PARSER_FEASIBILITY","READ_ONLY_NO_BINARY_OUTPUT"
"V1722_FEAS_00037","V1722_PCM_GROUP_005","V1720_KMP_005","E:\UAOS_OPEN_LIBRARY_SOURCE\pa3x\ABOUD NEXT-MG.SET\ABOUD NEXT-MG.SET\MULTISMP\RAM.KMP","E:\UAOS_OPEN_LIBRARY_SOURCE\pa3x\ABOUD NEXT-MG.SET\ABOUD NEXT-MG.SET\PCM\RAM64.PCM","RAM64.PCM","True","3986717","MEDIUM_PCM","50","LOW_MEDIUM_HINT","same_set_context","TIER_4_HOLD_LOW_CONFIDENCE","HOLD","OWNER_DECISION_BEFORE_V1723_PARSER_FEASIBILITY","READ_ONLY_NO_BINARY_OUTPUT"
"V1722_FEAS_00038","V1722_PCM_GROUP_005","V1720_KMP_005","E:\UAOS_OPEN_LIBRARY_SOURCE\pa3x\ABOUD NEXT-MG.SET\ABOUD NEXT-MG.SET\MULTISMP\RAM.KMP","E:\UAOS_OPEN_LIBRARY_SOURCE\pa3x\ABOUD NEXT-MG.SET\ABOUD NEXT-MG.SET\PCM\RAM65.PCM","RAM65.PCM","True","5602506","MEDIUM_PCM","50","LOW_MEDIUM_HINT","same_set_context","TIER_4_HOLD_LOW_CONFIDENCE","HOLD","OWNER_DECISION_BEFORE_V1723_PARSER_FEASIBILITY","READ_ONLY_NO_BINARY_OUTPUT"
"V1722_FEAS_00039","V1722_PCM_GROUP_005","V1720_KMP_005","E:\UAOS_OPEN_LIBRARY_SOURCE\pa3x\ABOUD NEXT-MG.SET\ABOUD NEXT-MG.SET\MULTISMP\RAM.KMP","E:\UAOS_OPEN_LIBRARY_SOURCE\pa3x\ABOUD NEXT-MG.SET\ABOUD NEXT-MG.SET\PCM\RAM72.PCM","RAM72.PCM","True","3859510","MEDIUM_PCM","50","LOW_MEDIUM_HINT","same_set_context","TIER_4_HOLD_LOW_CONFIDENCE","HOLD","OWNER_DECISION_BEFORE_V1723_PARSER_FEASIBILITY","READ_ONLY_NO_BINARY_OUTPUT"
"V1722_FEAS_00040","V1722_PCM_GROUP_005","V1720_KMP_005","E:\UAOS_OPEN_LIBRARY_SOURCE\pa3x\ABOUD NEXT-MG.SET\ABOUD NEXT-MG.SET\MULTISMP\RAM.KMP","E:\UAOS_OPEN_LIBRARY_SOURCE\pa3x\ABOUD NEXT-MG.SET\ABOUD NEXT-MG.SET\PCM\RAM73.PCM","RAM73.PCM","True","3935243","MEDIUM_PCM","50","LOW_MEDIUM_HINT","same_set_context","TIER_4_HOLD_LOW_CONFIDENCE","HOLD","OWNER_DECISION_BEFORE_V1723_PARSER_FEASIBILITY","READ_ONLY_NO_BINARY_OUTPUT"
"V1722_FEAS_00041","V1722_PCM_GROUP_006","V1720_KMP_006","E:\UAOS_OPEN_LIBRARY_SOURCE\pa3x\rahm pa3x.SET\rahm pa3x.SET\MULTISMP\RAM.KMP","E:\UAOS_OPEN_LIBRARY_SOURCE\pa3x\rahm pa3x.SET\rahm pa3x.SET\PCM\RAM66.PCM","RAM66.PCM","True","2234762","MEDIUM_PCM","50","LOW_MEDIUM_HINT","same_set_context","TIER_4_HOLD_LOW_CONFIDENCE","HOLD","OWNER_DECISION_BEFORE_V1723_PARSER_FEASIBILITY","READ_ONLY_NO_BINARY_OUTPUT"
"V1722_FEAS_00042","V1722_PCM_GROUP_006","V1720_KMP_006","E:\UAOS_OPEN_LIBRARY_SOURCE\pa3x\rahm pa3x.SET\rahm pa3x.SET\MULTISMP\RAM.KMP","E:\UAOS_OPEN_LIBRARY_SOURCE\pa3x\rahm pa3x.SET\rahm pa3x.SET\PCM\RAM67.PCM","RAM67.PCM","True","2142780","MEDIUM_PCM","50","LOW_MEDIUM_HINT","same_set_context","TIER_4_HOLD_LOW_CONFIDENCE","HOLD","OWNER_DECISION_BEFORE_V1723_PARSER_FEASIBILITY","READ_ONLY_NO_BINARY_OUTPUT"
"V1722_FEAS_00043","V1722_PCM_GROUP_006","V1720_KMP_006","E:\UAOS_OPEN_LIBRARY_SOURCE\pa3x\rahm pa3x.SET\rahm pa3x.SET\MULTISMP\RAM.KMP","E:\UAOS_OPEN_LIBRARY_SOURCE\pa3x\rahm pa3x.SET\rahm pa3x.SET\PCM\RAM68.PCM","RAM68.PCM","True","2664604","MEDIUM_PCM","50","LOW_MEDIUM_HINT","same_set_context","TIER_4_HOLD_LOW_CONFIDENCE","HOLD","OWNER_DECISION_BEFORE_V1723_PARSER_FEASIBILITY","READ_ONLY_NO_BINARY_OUTPUT"
"V1722_FEAS_00044","V1722_PCM_GROUP_006","V1720_KMP_006","E:\UAOS_OPEN_LIBRARY_SOURCE\pa3x\rahm pa3x.SET\rahm pa3x.SET\MULTISMP\RAM.KMP","E:\UAOS_OPEN_LIBRARY_SOURCE\pa3x\rahm pa3x.SET\rahm pa3x.SET\PCM\RAM63.PCM","RAM63.PCM","True","2159944","MEDIUM_PCM","50","LOW_MEDIUM_HINT","same_set_context","TIER_4_HOLD_LOW_CONFIDENCE","HOLD","OWNER_DECISION_BEFORE_V1723_PARSER_FEASIBILITY","READ_ONLY_NO_BINARY_OUTPUT"
"V1722_FEAS_00045","V1722_PCM_GROUP_006","V1720_KMP_006","E:\UAOS_OPEN_LIBRARY_SOURCE\pa3x\rahm pa3x.SET\rahm pa3x.SET\MULTISMP\RAM.KMP","E:\UAOS_OPEN_LIBRARY_SOURCE\pa3x\rahm pa3x.SET\rahm pa3x.SET\PCM\RAM64.PCM","RAM64.PCM","True","2105212","MEDIUM_PCM","50","LOW_MEDIUM_HINT","same_set_context","TIER_4_HOLD_LOW_CONFIDENCE","HOLD","OWNER_DECISION_BEFORE_V1723_PARSER_FEASIBILITY","READ_ONLY_NO_BINARY_OUTPUT"
"V1722_FEAS_00046","V1722_PCM_GROUP_006","V1720_KMP_006","E:\UAOS_OPEN_LIBRARY_SOURCE\pa3x\rahm pa3x.SET\rahm pa3x.SET\MULTISMP\RAM.KMP","E:\UAOS_OPEN_LIBRARY_SOURCE\pa3x\rahm pa3x.SET\rahm pa3x.SET\PCM\RAM65.PCM","RAM65.PCM","True","2104508","MEDIUM_PCM","50","LOW_MEDIUM_HINT","same_set_context","TIER_4_HOLD_LOW_CONFIDENCE","HOLD","OWNER_DECISION_BEFORE_V1723_PARSER_FEASIBILITY","READ_ONLY_NO_BINARY_OUTPUT"
"V1722_FEAS_00047","V1722_PCM_GROUP_006","V1720_KMP_006","E:\UAOS_OPEN_LIBRARY_SOURCE\pa3x\rahm pa3x.SET\rahm pa3x.SET\MULTISMP\RAM.KMP","E:\UAOS_OPEN_LIBRARY_SOURCE\pa3x\rahm pa3x.SET\rahm pa3x.SET\PCM\RAM72.PCM","RAM72.PCM","True","2104818","MEDIUM_PCM","50","LOW_MEDIUM_HINT","same_set_context","TIER_4_HOLD_LOW_CONFIDENCE","HOLD","OWNER_DECISION_BEFORE_V1723_PARSER_FEASIBILITY","READ_ONLY_NO_BINARY_OUTPUT"
"V1722_FEAS_00048","V1722_PCM_GROUP_006","V1720_KMP_006","E:\UAOS_OPEN_LIBRARY_SOURCE\pa3x\rahm pa3x.SET\rahm pa3x.SET\MULTISMP\RAM.KMP","E:\UAOS_OPEN_LIBRARY_SOURCE\pa3x\rahm pa3x.SET\rahm pa3x.SET\PCM\RAM73.PCM","RAM73.PCM","True","2563920","MEDIUM_PCM","50","LOW_MEDIUM_HINT","same_set_context","TIER_4_HOLD_LOW_CONFIDENCE","HOLD","OWNER_DECISION_BEFORE_V1723_PARSER_FEASIBILITY","READ_ONLY_NO_BINARY_OUTPUT"
"V1722_FEAS_00049","V1722_PCM_GROUP_007","V1720_KMP_007","E:\UAOS_OPEN_LIBRARY_SOURCE\pa3x\RoTaNa(1) pa3x.SET\tareq pa3x.SET\MULTISMP\RAM.KMP","E:\UAOS_OPEN_LIBRARY_SOURCE\pa3x\RoTaNa(1) pa3x.SET\tareq pa3x.SET\PCM\RAM66.PCM","RAM66.PCM","True","2584842","MEDIUM_PCM","50","LOW_MEDIUM_HINT","same_set_context","TIER_4_HOLD_LOW_CONFIDENCE","HOLD","OWNER_DECISION_BEFORE_V1723_PARSER_FEASIBILITY","READ_ONLY_NO_BINARY_OUTPUT"
"V1722_FEAS_00050","V1722_PCM_GROUP_007","V1720_KMP_007","E:\UAOS_OPEN_LIBRARY_SOURCE\pa3x\RoTaNa(1) pa3x.SET\tareq pa3x.SET\MULTISMP\RAM.KMP","E:\UAOS_OPEN_LIBRARY_SOURCE\pa3x\RoTaNa(1) pa3x.SET\tareq pa3x.SET\PCM\RAM67.PCM","RAM67.PCM","True","2603681","MEDIUM_PCM","50","LOW_MEDIUM_HINT","same_set_context","TIER_4_HOLD_LOW_CONFIDENCE","HOLD","OWNER_DECISION_BEFORE_V1723_PARSER_FEASIBILITY","READ_ONLY_NO_BINARY_OUTPUT"
"V1722_FEAS_00051","V1722_PCM_GROUP_007","V1720_KMP_007","E:\UAOS_OPEN_LIBRARY_SOURCE\pa3x\RoTaNa(1) pa3x.SET\tareq pa3x.SET\MULTISMP\RAM.KMP","E:\UAOS_OPEN_LIBRARY_SOURCE\pa3x\RoTaNa(1) pa3x.SET\tareq pa3x.SET\PCM\RAM68.PCM","RAM68.PCM","True","2595614","MEDIUM_PCM","50","LOW_MEDIUM_HINT","same_set_context","TIER_4_HOLD_LOW_CONFIDENCE","HOLD","OWNER_DECISION_BEFORE_V1723_PARSER_FEASIBILITY","READ_ONLY_NO_BINARY_OUTPUT"
"V1722_FEAS_00052","V1722_PCM_GROUP_007","V1720_KMP_007","E:\UAOS_OPEN_LIBRARY_SOURCE\pa3x\RoTaNa(1) pa3x.SET\tareq pa3x.SET\MULTISMP\RAM.KMP","E:\UAOS_OPEN_LIBRARY_SOURCE\pa3x\RoTaNa(1) pa3x.SET\tareq pa3x.SET\PCM\RAM63.PCM","RAM63.PCM","True","2582262","MEDIUM_PCM","50","LOW_MEDIUM_HINT","same_set_context","TIER_4_HOLD_LOW_CONFIDENCE","HOLD","OWNER_DECISION_BEFORE_V1723_PARSER_FEASIBILITY","READ_ONLY_NO_BINARY_OUTPUT"
"V1722_FEAS_00053","V1722_PCM_GROUP_007","V1720_KMP_007","E:\UAOS_OPEN_LIBRARY_SOURCE\pa3x\RoTaNa(1) pa3x.SET\tareq pa3x.SET\MULTISMP\RAM.KMP","E:\UAOS_OPEN_LIBRARY_SOURCE\pa3x\RoTaNa(1) pa3x.SET\tareq pa3x.SET\PCM\RAM64.PCM","RAM64.PCM","True","2587783","MEDIUM_PCM","50","LOW_MEDIUM_HINT","same_set_context","TIER_4_HOLD_LOW_CONFIDENCE","HOLD","OWNER_DECISION_BEFORE_V1723_PARSER_FEASIBILITY","READ_ONLY_NO_BINARY_OUTPUT"
"V1722_FEAS_00054","V1722_PCM_GROUP_007","V1720_KMP_007","E:\UAOS_OPEN_LIBRARY_SOURCE\pa3x\RoTaNa(1) pa3x.SET\tareq pa3x.SET\MULTISMP\RAM.KMP","E:\UAOS_OPEN_LIBRARY_SOURCE\pa3x\RoTaNa(1) pa3x.SET\tareq pa3x.SET\PCM\RAM65.PCM","RAM65.PCM","True","2614555","MEDIUM_PCM","50","LOW_MEDIUM_HINT","same_set_context","TIER_4_HOLD_LOW_CONFIDENCE","HOLD","OWNER_DECISION_BEFORE_V1723_PARSER_FEASIBILITY","READ_ONLY_NO_BINARY_OUTPUT"
"V1722_FEAS_00055","V1722_PCM_GROUP_007","V1720_KMP_007","E:\UAOS_OPEN_LIBRARY_SOURCE\pa3x\RoTaNa(1) pa3x.SET\tareq pa3x.SET\MULTISMP\RAM.KMP","E:\UAOS_OPEN_LIBRARY_SOURCE\pa3x\RoTaNa(1) pa3x.SET\tareq pa3x.SET\PCM\RAM72.PCM","RAM72.PCM","True","2613019","MEDIUM_PCM","50","LOW_MEDIUM_HINT","same_set_context","TIER_4_HOLD_LOW_CONFIDENCE","HOLD","OWNER_DECISION_BEFORE_V1723_PARSER_FEASIBILITY","READ_ONLY_NO_BINARY_OUTPUT"
"V1722_FEAS_00056","V1722_PCM_GROUP_007","V1720_KMP_007","E:\UAOS_OPEN_LIBRARY_SOURCE\pa3x\RoTaNa(1) pa3x.SET\tareq pa3x.SET\MULTISMP\RAM.KMP","E:\UAOS_OPEN_LIBRARY_SOURCE\pa3x\RoTaNa(1) pa3x.SET\tareq pa3x.SET\PCM\RAM73.PCM","RAM73.PCM","True","2578310","MEDIUM_PCM","50","LOW_MEDIUM_HINT","same_set_context","TIER_4_HOLD_LOW_CONFIDENCE","HOLD","OWNER_DECISION_BEFORE_V1723_PARSER_FEASIBILITY","READ_ONLY_NO_BINARY_OUTPUT"
"V1722_FEAS_00057","V1722_PCM_GROUP_008","V1720_KMP_008","E:\UAOS_OPEN_LIBRARY_SOURCE\pa3x\a1111.SET\a1111.SET\MULTISMP\RAM.KMP","E:\UAOS_OPEN_LIBRARY_SOURCE\pa3x\a1111.SET\a1111.SET\PCM\RAM66.PCM","RAM66.PCM","True","6069274","MEDIUM_PCM","50","LOW_MEDIUM_HINT","same_set_context","TIER_4_HOLD_LOW_CONFIDENCE","HOLD","OWNER_DECISION_BEFORE_V1723_PARSER_FEASIBILITY","READ_ONLY_NO_BINARY_OUTPUT"
"V1722_FEAS_00058","V1722_PCM_GROUP_008","V1720_KMP_008","E:\UAOS_OPEN_LIBRARY_SOURCE\pa3x\a1111.SET\a1111.SET\MULTISMP\RAM.KMP","E:\UAOS_OPEN_LIBRARY_SOURCE\pa3x\a1111.SET\a1111.SET\PCM\RAM67.PCM","RAM67.PCM","True","7015501","MEDIUM_PCM","50","LOW_MEDIUM_HINT","same_set_context","TIER_4_HOLD_LOW_CONFIDENCE","HOLD","OWNER_DECISION_BEFORE_V1723_PARSER_FEASIBILITY","READ_ONLY_NO_BINARY_OUTPUT"
"V1722_FEAS_00059","V1722_PCM_GROUP_008","V1720_KMP_008","E:\UAOS_OPEN_LIBRARY_SOURCE\pa3x\a1111.SET\a1111.SET\MULTISMP\RAM.KMP","E:\UAOS_OPEN_LIBRARY_SOURCE\pa3x\a1111.SET\a1111.SET\PCM\RAM68.PCM","RAM68.PCM","True","6629968","MEDIUM_PCM","50","LOW_MEDIUM_HINT","same_set_context","TIER_4_HOLD_LOW_CONFIDENCE","HOLD","OWNER_DECISION_BEFORE_V1723_PARSER_FEASIBILITY","READ_ONLY_NO_BINARY_OUTPUT"
"V1722_FEAS_00060","V1722_PCM_GROUP_008","V1720_KMP_008","E:\UAOS_OPEN_LIBRARY_SOURCE\pa3x\a1111.SET\a1111.SET\MULTISMP\RAM.KMP","E:\UAOS_OPEN_LIBRARY_SOURCE\pa3x\a1111.SET\a1111.SET\PCM\RAM63.PCM","RAM63.PCM","True","4768386","MEDIUM_PCM","50","LOW_MEDIUM_HINT","same_set_context","TIER_4_HOLD_LOW_CONFIDENCE","HOLD","OWNER_DECISION_BEFORE_V1723_PARSER_FEASIBILITY","READ_ONLY_NO_BINARY_OUTPUT"
"V1722_FEAS_00061","V1722_PCM_GROUP_008","V1720_KMP_008","E:\UAOS_OPEN_LIBRARY_SOURCE\pa3x\a1111.SET\a1111.SET\MULTISMP\RAM.KMP","E:\UAOS_OPEN_LIBRARY_SOURCE\pa3x\a1111.SET\a1111.SET\PCM\RAM64.PCM","RAM64.PCM","True","6022311","MEDIUM_PCM","50","LOW_MEDIUM_HINT","same_set_context","TIER_4_HOLD_LOW_CONFIDENCE","HOLD","OWNER_DECISION_BEFORE_V1723_PARSER_FEASIBILITY","READ_ONLY_NO_BINARY_OUTPUT"
"V1722_FEAS_00062","V1722_PCM_GROUP_008","V1720_KMP_008","E:\UAOS_OPEN_LIBRARY_SOURCE\pa3x\a1111.SET\a1111.SET\MULTISMP\RAM.KMP","E:\UAOS_OPEN_LIBRARY_SOURCE\pa3x\a1111.SET\a1111.SET\PCM\RAM65.PCM","RAM65.PCM","True","5581068","MEDIUM_PCM","50","LOW_MEDIUM_HINT","same_set_context","TIER_4_HOLD_LOW_CONFIDENCE","HOLD","OWNER_DECISION_BEFORE_V1723_PARSER_FEASIBILITY","READ_ONLY_NO_BINARY_OUTPUT"
"V1722_FEAS_00063","V1722_PCM_GROUP_008","V1720_KMP_008","E:\UAOS_OPEN_LIBRARY_SOURCE\pa3x\a1111.SET\a1111.SET\MULTISMP\RAM.KMP","E:\UAOS_OPEN_LIBRARY_SOURCE\pa3x\a1111.SET\a1111.SET\PCM\RAM72.PCM","RAM72.PCM","True","6648384","MEDIUM_PCM","50","LOW_MEDIUM_HINT","same_set_context","TIER_4_HOLD_LOW_CONFIDENCE","HOLD","OWNER_DECISION_BEFORE_V1723_PARSER_FEASIBILITY","READ_ONLY_NO_BINARY_OUTPUT"
"V1722_FEAS_00064","V1722_PCM_GROUP_008","V1720_KMP_008","E:\UAOS_OPEN_LIBRARY_SOURCE\pa3x\a1111.SET\a1111.SET\MULTISMP\RAM.KMP","E:\UAOS_OPEN_LIBRARY_SOURCE\pa3x\a1111.SET\a1111.SET\PCM\RAM73.PCM","RAM73.PCM","True","5860730","MEDIUM_PCM","50","LOW_MEDIUM_HINT","same_set_context","TIER_4_HOLD_LOW_CONFIDENCE","HOLD","OWNER_DECISION_BEFORE_V1723_PARSER_FEASIBILITY","READ_ONLY_NO_BINARY_OUTPUT"
"V1722_FEAS_00065","V1722_PCM_GROUP_009","V1720_KMP_009","E:\UAOS_OPEN_LIBRARY_SOURCE\pa3x\ROTANA. 2022.SET\ROTANA. 2022.SET\MULTISMP\RAM.KMP","E:\UAOS_OPEN_LIBRARY_SOURCE\pa3x\ROTANA. 2022.SET\ROTANA. 2022.SET\PCM\RAM66.PCM","RAM66.PCM","True","4917364","MEDIUM_PCM","50","LOW_MEDIUM_HINT","same_set_context","TIER_4_HOLD_LOW_CONFIDENCE","HOLD","OWNER_DECISION_BEFORE_V1723_PARSER_FEASIBILITY","READ_ONLY_NO_BINARY_OUTPUT"
"V1722_FEAS_00066","V1722_PCM_GROUP_009","V1720_KMP_009","E:\UAOS_OPEN_LIBRARY_SOURCE\pa3x\ROTANA. 2022.SET\ROTANA. 2022.SET\MULTISMP\RAM.KMP","E:\UAOS_OPEN_LIBRARY_SOURCE\pa3x\ROTANA. 2022.SET\ROTANA. 2022.SET\PCM\RAM67.PCM","RAM67.PCM","True","5677087","MEDIUM_PCM","50","LOW_MEDIUM_HINT","same_set_context","TIER_4_HOLD_LOW_CONFIDENCE","HOLD","OWNER_DECISION_BEFORE_V1723_PARSER_FEASIBILITY","READ_ONLY_NO_BINARY_OUTPUT"
"V1722_FEAS_00067","V1722_PCM_GROUP_009","V1720_KMP_009","E:\UAOS_OPEN_LIBRARY_SOURCE\pa3x\ROTANA. 2022.SET\ROTANA. 2022.SET\MULTISMP\RAM.KMP","E:\UAOS_OPEN_LIBRARY_SOURCE\pa3x\ROTANA. 2022.SET\ROTANA. 2022.SET\PCM\RAM68.PCM","RAM68.PCM","True","5393014","MEDIUM_PCM","50","LOW_MEDIUM_HINT","same_set_context","TIER_4_HOLD_LOW_CONFIDENCE","HOLD","OWNER_DECISION_BEFORE_V1723_PARSER_FEASIBILITY","READ_ONLY_NO_BINARY_OUTPUT"
"V1722_FEAS_00068","V1722_PCM_GROUP_009","V1720_KMP_009","E:\UAOS_OPEN_LIBRARY_SOURCE\pa3x\ROTANA. 2022.SET\ROTANA. 2022.SET\MULTISMP\RAM.KMP","E:\UAOS_OPEN_LIBRARY_SOURCE\pa3x\ROTANA. 2022.SET\ROTANA. 2022.SET\PCM\RAM63.PCM","RAM63.PCM","True","6478612","MEDIUM_PCM","50","LOW_MEDIUM_HINT","same_set_context","TIER_4_HOLD_LOW_CONFIDENCE","HOLD","OWNER_DECISION_BEFORE_V1723_PARSER_FEASIBILITY","READ_ONLY_NO_BINARY_OUTPUT"
"V1722_FEAS_00069","V1722_PCM_GROUP_009","V1720_KMP_009","E:\UAOS_OPEN_LIBRARY_SOURCE\pa3x\ROTANA. 2022.SET\ROTANA. 2022.SET\MULTISMP\RAM.KMP","E:\UAOS_OPEN_LIBRARY_SOURCE\pa3x\ROTANA. 2022.SET\ROTANA. 2022.SET\PCM\RAM64.PCM","RAM64.PCM","True","6232684","MEDIUM_PCM","50","LOW_MEDIUM_HINT","same_set_context","TIER_4_HOLD_LOW_CONFIDENCE","HOLD","OWNER_DECISION_BEFORE_V1723_PARSER_FEASIBILITY","READ_ONLY_NO_BINARY_OUTPUT"
"V1722_FEAS_00070","V1722_PCM_GROUP_009","V1720_KMP_009","E:\UAOS_OPEN_LIBRARY_SOURCE\pa3x\ROTANA. 2022.SET\ROTANA. 2022.SET\MULTISMP\RAM.KMP","E:\UAOS_OPEN_LIBRARY_SOURCE\pa3x\ROTANA. 2022.SET\ROTANA. 2022.SET\PCM\RAM65.PCM","RAM65.PCM","True","5273012","MEDIUM_PCM","50","LOW_MEDIUM_HINT","same_set_context","TIER_4_HOLD_LOW_CONFIDENCE","HOLD","OWNER_DECISION_BEFORE_V1723_PARSER_FEASIBILITY","READ_ONLY_NO_BINARY_OUTPUT"
"V1722_FEAS_00071","V1722_PCM_GROUP_009","V1720_KMP_009","E:\UAOS_OPEN_LIBRARY_SOURCE\pa3x\ROTANA. 2022.SET\ROTANA. 2022.SET\MULTISMP\RAM.KMP","E:\UAOS_OPEN_LIBRARY_SOURCE\pa3x\ROTANA. 2022.SET\ROTANA. 2022.SET\PCM\RAM72.PCM","RAM72.PCM","True","4125076","MEDIUM_PCM","50","LOW_MEDIUM_HINT","same_set_context","TIER_4_HOLD_LOW_CONFIDENCE","HOLD","OWNER_DECISION_BEFORE_V1723_PARSER_FEASIBILITY","READ_ONLY_NO_BINARY_OUTPUT"
"V1722_FEAS_00072","V1722_PCM_GROUP_009","V1720_KMP_009","E:\UAOS_OPEN_LIBRARY_SOURCE\pa3x\ROTANA. 2022.SET\ROTANA. 2022.SET\MULTISMP\RAM.KMP","E:\UAOS_OPEN_LIBRARY_SOURCE\pa3x\ROTANA. 2022.SET\ROTANA. 2022.SET\PCM\RAM73.PCM","RAM73.PCM","True","5561348","MEDIUM_PCM","50","LOW_MEDIUM_HINT","same_set_context","TIER_4_HOLD_LOW_CONFIDENCE","HOLD","OWNER_DECISION_BEFORE_V1723_PARSER_FEASIBILITY","READ_ONLY_NO_BINARY_OUTPUT"
"V1722_FEAS_00073","V1722_PCM_GROUP_010","V1720_KMP_010","E:\UAOS_OPEN_LIBRARY_SOURCE\pa3x\LIVE CHARKI 3 2.SET\LIVE CHARKI 3 2.SET\MULTISMP\RAM.KMP","E:\UAOS_OPEN_LIBRARY_SOURCE\pa3x\LIVE CHARKI 3 2.SET\LIVE CHARKI 3 2.SET\PCM\RAM66.PCM","RAM66.PCM","True","1351098","MEDIUM_PCM","50","LOW_MEDIUM_HINT","same_set_context","TIER_4_HOLD_LOW_CONFIDENCE","HOLD","OWNER_DECISION_BEFORE_V1723_PARSER_FEASIBILITY","READ_ONLY_NO_BINARY_OUTPUT"
"V1722_FEAS_00074","V1722_PCM_GROUP_010","V1720_KMP_010","E:\UAOS_OPEN_LIBRARY_SOURCE\pa3x\LIVE CHARKI 3 2.SET\LIVE CHARKI 3 2.SET\MULTISMP\RAM.KMP","E:\UAOS_OPEN_LIBRARY_SOURCE\pa3x\LIVE CHARKI 3 2.SET\LIVE CHARKI 3 2.SET\PCM\RAM67.PCM","RAM67.PCM","True","1393205","MEDIUM_PCM","50","LOW_MEDIUM_HINT","same_set_context","TIER_4_HOLD_LOW_CONFIDENCE","HOLD","OWNER_DECISION_BEFORE_V1723_PARSER_FEASIBILITY","READ_ONLY_NO_BINARY_OUTPUT"
"V1722_FEAS_00075","V1722_PCM_GROUP_010","V1720_KMP_010","E:\UAOS_OPEN_LIBRARY_SOURCE\pa3x\LIVE CHARKI 3 2.SET\LIVE CHARKI 3 2.SET\MULTISMP\RAM.KMP","E:\UAOS_OPEN_LIBRARY_SOURCE\pa3x\LIVE CHARKI 3 2.SET\LIVE CHARKI 3 2.SET\PCM\RAM68.PCM","RAM68.PCM","True","1123903","MEDIUM_PCM","50","LOW_MEDIUM_HINT","same_set_context","TIER_4_HOLD_LOW_CONFIDENCE","HOLD","OWNER_DECISION_BEFORE_V1723_PARSER_FEASIBILITY","READ_ONLY_NO_BINARY_OUTPUT"
"V1722_FEAS_00076","V1722_PCM_GROUP_010","V1720_KMP_010","E:\UAOS_OPEN_LIBRARY_SOURCE\pa3x\LIVE CHARKI 3 2.SET\LIVE CHARKI 3 2.SET\MULTISMP\RAM.KMP","E:\UAOS_OPEN_LIBRARY_SOURCE\pa3x\LIVE CHARKI 3 2.SET\LIVE CHARKI 3 2.SET\PCM\RAM63.PCM","RAM63.PCM","True","1277809","MEDIUM_PCM","50","LOW_MEDIUM_HINT","same_set_context","TIER_4_HOLD_LOW_CONFIDENCE","HOLD","OWNER_DECISION_BEFORE_V1723_PARSER_FEASIBILITY","READ_ONLY_NO_BINARY_OUTPUT"
"V1722_FEAS_00077","V1722_PCM_GROUP_010","V1720_KMP_010","E:\UAOS_OPEN_LIBRARY_SOURCE\pa3x\LIVE CHARKI 3 2.SET\LIVE CHARKI 3 2.SET\MULTISMP\RAM.KMP","E:\UAOS_OPEN_LIBRARY_SOURCE\pa3x\LIVE CHARKI 3 2.SET\LIVE CHARKI 3 2.SET\PCM\RAM64.PCM","RAM64.PCM","True","1400511","MEDIUM_PCM","50","LOW_MEDIUM_HINT","same_set_context","TIER_4_HOLD_LOW_CONFIDENCE","HOLD","OWNER_DECISION_BEFORE_V1723_PARSER_FEASIBILITY","READ_ONLY_NO_BINARY_OUTPUT"
"V1722_FEAS_00078","V1722_PCM_GROUP_010","V1720_KMP_010","E:\UAOS_OPEN_LIBRARY_SOURCE\pa3x\LIVE CHARKI 3 2.SET\LIVE CHARKI 3 2.SET\MULTISMP\RAM.KMP","E:\UAOS_OPEN_LIBRARY_SOURCE\pa3x\LIVE CHARKI 3 2.SET\LIVE CHARKI 3 2.SET\PCM\RAM65.PCM","RAM65.PCM","True","1022941","SMALL_PCM","50","LOW_MEDIUM_HINT","same_set_context","TIER_4_HOLD_LOW_CONFIDENCE","HOLD","OWNER_DECISION_BEFORE_V1723_PARSER_FEASIBILITY","READ_ONLY_NO_BINARY_OUTPUT"
"V1722_FEAS_00079","V1722_PCM_GROUP_010","V1720_KMP_010","E:\UAOS_OPEN_LIBRARY_SOURCE\pa3x\LIVE CHARKI 3 2.SET\LIVE CHARKI 3 2.SET\MULTISMP\RAM.KMP","E:\UAOS_OPEN_LIBRARY_SOURCE\pa3x\LIVE CHARKI 3 2.SET\LIVE CHARKI 3 2.SET\PCM\RAM72.PCM","RAM72.PCM","True","1273762","MEDIUM_PCM","50","LOW_MEDIUM_HINT","same_set_context","TIER_4_HOLD_LOW_CONFIDENCE","HOLD","OWNER_DECISION_BEFORE_V1723_PARSER_FEASIBILITY","READ_ONLY_NO_BINARY_OUTPUT"
"V1722_FEAS_00080","V1722_PCM_GROUP_010","V1720_KMP_010","E:\UAOS_OPEN_LIBRARY_SOURCE\pa3x\LIVE CHARKI 3 2.SET\LIVE CHARKI 3 2.SET\MULTISMP\RAM.KMP","E:\UAOS_OPEN_LIBRARY_SOURCE\pa3x\LIVE CHARKI 3 2.SET\LIVE CHARKI 3 2.SET\PCM\RAM73.PCM","RAM73.PCM","True","1304429","MEDIUM_PCM","50","LOW_MEDIUM_HINT","same_set_context","TIER_4_HOLD_LOW_CONFIDENCE","HOLD","OWNER_DECISION_BEFORE_V1723_PARSER_FEASIBILITY","READ_ONLY_NO_BINARY_OUTPUT"
"V1722_FEAS_00081","V1722_PCM_GROUP_011","V1720_KMP_011","E:\UAOS_OPEN_LIBRARY_SOURCE\pa3x\SUPER4X.3X ASLY2018.SET\SUPER4X.3X ASLY2018.SET\MULTISMP\RAM.KMP","E:\UAOS_OPEN_LIBRARY_SOURCE\pa3x\SUPER4X.3X ASLY2018.SET\SUPER4X.3X ASLY2018.SET\PCM\RAM66.PCM","RAM66.PCM","True","2691823","MEDIUM_PCM","50","LOW_MEDIUM_HINT","same_set_context","TIER_4_HOLD_LOW_CONFIDENCE","HOLD","OWNER_DECISION_BEFORE_V1723_PARSER_FEASIBILITY","READ_ONLY_NO_BINARY_OUTPUT"
"V1722_FEAS_00082","V1722_PCM_GROUP_011","V1720_KMP_011","E:\UAOS_OPEN_LIBRARY_SOURCE\pa3x\SUPER4X.3X ASLY2018.SET\SUPER4X.3X ASLY2018.SET\MULTISMP\RAM.KMP","E:\UAOS_OPEN_LIBRARY_SOURCE\pa3x\SUPER4X.3X ASLY2018.SET\SUPER4X.3X ASLY2018.SET\PCM\RAM67.PCM","RAM67.PCM","True","2687660","MEDIUM_PCM","50","LOW_MEDIUM_HINT","same_set_context","TIER_4_HOLD_LOW_CONFIDENCE","HOLD","OWNER_DECISION_BEFORE_V1723_PARSER_FEASIBILITY","READ_ONLY_NO_BINARY_OUTPUT"
"V1722_FEAS_00083","V1722_PCM_GROUP_011","V1720_KMP_011","E:\UAOS_OPEN_LIBRARY_SOURCE\pa3x\SUPER4X.3X ASLY2018.SET\SUPER4X.3X ASLY2018.SET\MULTISMP\RAM.KMP","E:\UAOS_OPEN_LIBRARY_SOURCE\pa3x\SUPER4X.3X ASLY2018.SET\SUPER4X.3X ASLY2018.SET\PCM\RAM68.PCM","RAM68.PCM","True","2712994","MEDIUM_PCM","50","LOW_MEDIUM_HINT","same_set_context","TIER_4_HOLD_LOW_CONFIDENCE","HOLD","OWNER_DECISION_BEFORE_V1723_PARSER_FEASIBILITY","READ_ONLY_NO_BINARY_OUTPUT"
"V1722_FEAS_00084","V1722_PCM_GROUP_011","V1720_KMP_011","E:\UAOS_OPEN_LIBRARY_SOURCE\pa3x\SUPER4X.3X ASLY2018.SET\SUPER4X.3X ASLY2018.SET\MULTISMP\RAM.KMP","E:\UAOS_OPEN_LIBRARY_SOURCE\pa3x\SUPER4X.3X ASLY2018.SET\SUPER4X.3X ASLY2018.SET\PCM\RAM63.PCM","RAM63.PCM","True","2928100","MEDIUM_PCM","50","LOW_MEDIUM_HINT","same_set_context","TIER_4_HOLD_LOW_CONFIDENCE","HOLD","OWNER_DECISION_BEFORE_V1723_PARSER_FEASIBILITY","READ_ONLY_NO_BINARY_OUTPUT"
"V1722_FEAS_00085","V1722_PCM_GROUP_011","V1720_KMP_011","E:\UAOS_OPEN_LIBRARY_SOURCE\pa3x\SUPER4X.3X ASLY2018.SET\SUPER4X.3X ASLY2018.SET\MULTISMP\RAM.KMP","E:\UAOS_OPEN_LIBRARY_SOURCE\pa3x\SUPER4X.3X ASLY2018.SET\SUPER4X.3X ASLY2018.SET\PCM\RAM64.PCM","RAM64.PCM","True","2717748","MEDIUM_PCM","50","LOW_MEDIUM_HINT","same_set_context","TIER_4_HOLD_LOW_CONFIDENCE","HOLD","OWNER_DECISION_BEFORE_V1723_PARSER_FEASIBILITY","READ_ONLY_NO_BINARY_OUTPUT"
"V1722_FEAS_00086","V1722_PCM_GROUP_011","V1720_KMP_011","E:\UAOS_OPEN_LIBRARY_SOURCE\pa3x\SUPER4X.3X ASLY2018.SET\SUPER4X.3X ASLY2018.SET\MULTISMP\RAM.KMP","E:\UAOS_OPEN_LIBRARY_SOURCE\pa3x\SUPER4X.3X ASLY2018.SET\SUPER4X.3X ASLY2018.SET\PCM\RAM65.PCM","RAM65.PCM","True","2701640","MEDIUM_PCM","50","LOW_MEDIUM_HINT","same_set_context","TIER_4_HOLD_LOW_CONFIDENCE","HOLD","OWNER_DECISION_BEFORE_V1723_PARSER_FEASIBILITY","READ_ONLY_NO_BINARY_OUTPUT"
"V1722_FEAS_00087","V1722_PCM_GROUP_011","V1720_KMP_011","E:\UAOS_OPEN_LIBRARY_SOURCE\pa3x\SUPER4X.3X ASLY2018.SET\SUPER4X.3X ASLY2018.SET\MULTISMP\RAM.KMP","E:\UAOS_OPEN_LIBRARY_SOURCE\pa3x\SUPER4X.3X ASLY2018.SET\SUPER4X.3X ASLY2018.SET\PCM\RAM72.PCM","RAM72.PCM","True","2690448","MEDIUM_PCM","50","LOW_MEDIUM_HINT","same_set_context","TIER_4_HOLD_LOW_CONFIDENCE","HOLD","OWNER_DECISION_BEFORE_V1723_PARSER_FEASIBILITY","READ_ONLY_NO_BINARY_OUTPUT"
"V1722_FEAS_00088","V1722_PCM_GROUP_011","V1720_KMP_011","E:\UAOS_OPEN_LIBRARY_SOURCE\pa3x\SUPER4X.3X ASLY2018.SET\SUPER4X.3X ASLY2018.SET\MULTISMP\RAM.KMP","E:\UAOS_OPEN_LIBRARY_SOURCE\pa3x\SUPER4X.3X ASLY2018.SET\SUPER4X.3X ASLY2018.SET\PCM\RAM73.PCM","RAM73.PCM","True","2709322","MEDIUM_PCM","50","LOW_MEDIUM_HINT","same_set_context","TIER_4_HOLD_LOW_CONFIDENCE","HOLD","OWNER_DECISION_BEFORE_V1723_PARSER_FEASIBILITY","READ_ONLY_NO_BINARY_OUTPUT"
