"name","path","file_uri","size_bytes","updated"
"UAOS_V2017_V2066_FINAL_SEAL.md","E:\keyboard-manager-clean\uaos-ai-factory\uaos-v2017-v2066-big-launch-train-06-final-command-center\14-seal\UAOS_V2017_V2066_FINAL_SEAL.md","file:///E:/keyboard-manager-clean/uaos-ai-factory/uaos-v2017-v2066-big-launch-train-06-final-command-center/14-seal/UAOS_V2017_V2066_FINAL_SEAL.md","400","2026-07-08T08:12:53"
"UAOS_V2017_V2066_AGENT_H_FINAL_VALIDATION_SEAL.md","E:\keyboard-manager-clean\uaos-ai-factory\uaos-v2017-v2066-big-launch-train-06-final-command-center\10-agents\UAOS_V2017_V2066_AGENT_H_FINAL_VALIDATION_SEAL.md","file:///E:/keyboard-manager-clean/uaos-ai-factory/uaos-v2017-v2066-big-launch-train-06-final-command-center/10-agents/UAOS_V2017_V2066_AGENT_H_FINAL_VALIDATION_SEAL.md","703","2026-07-08T08:12:52"
"UAOS_V1967_V2016_AGENT_H_FINAL_VALIDATION_SEAL.md","E:\keyboard-manager-clean\uaos-ai-factory\uaos-v1967-v2016-big-launch-train-05-freeze-qa-rehearsal\10-agents\UAOS_V1967_V2016_AGENT_H_FINAL_VALIDATION_SEAL.md","file:///E:/keyboard-manager-clean/uaos-ai-factory/uaos-v1967-v2016-big-launch-train-05-freeze-qa-rehearsal/10-agents/UAOS_V1967_V2016_AGENT_H_FINAL_VALIDATION_SEAL.md","652","2026-07-08T08:05:06"
"UAOS_V1967_V2016_FINAL_SEAL.md","E:\keyboard-manager-clean\uaos-ai-factory\uaos-v1967-v2016-big-launch-train-05-freeze-qa-rehearsal\14-seal\UAOS_V1967_V2016_FINAL_SEAL.md","file:///E:/keyboard-manager-clean/uaos-ai-factory/uaos-v1967-v2016-big-launch-train-05-freeze-qa-rehearsal/14-seal/UAOS_V1967_V2016_FINAL_SEAL.md","374","2026-07-08T08:05:06"
"UAOS_V1917_V1966_FINAL_SEAL.md","E:\keyboard-manager-clean\uaos-ai-factory\uaos-v1917-v1966-big-launch-train-04-libraries-offers-delivery\13-seal\UAOS_V1917_V1966_FINAL_SEAL.md","file:///E:/keyboard-manager-clean/uaos-ai-factory/uaos-v1917-v1966-big-launch-train-04-libraries-offers-delivery/13-seal/UAOS_V1917_V1966_FINAL_SEAL.md","326","2026-07-08T08:00:51"
"UAOS_V1917_V1966_AGENT_H_QA_VALIDATION_SEAL.md","E:\keyboard-manager-clean\uaos-ai-factory\uaos-v1917-v1966-big-launch-train-04-libraries-offers-delivery\08-agent-handoffs\UAOS_V1917_V1966_AGENT_H_QA_VALIDATION_SEAL.md","file:///E:/keyboard-manager-clean/uaos-ai-factory/uaos-v1917-v1966-big-launch-train-04-libraries-offers-delivery/08-agent-handoffs/UAOS_V1917_V1966_AGENT_H_QA_VALIDATION_SEAL.md","689","2026-07-08T08:00:50"
"UAOS_V1867_V1916_AGENT_H_QA_VALIDATION_SEAL.md","E:\keyboard-manager-clean\uaos-ai-factory\uaos-v1867-v1916-big-launch-train-03-legal-orders-support\09-agents\UAOS_V1867_V1916_AGENT_H_QA_VALIDATION_SEAL.md","file:///E:/keyboard-manager-clean/uaos-ai-factory/uaos-v1867-v1916-big-launch-train-03-legal-orders-support/09-agents/UAOS_V1867_V1916_AGENT_H_QA_VALIDATION_SEAL.md","777","2026-07-08T07:46:49"
"UAOS_V1867_V1916_FINAL_SEAL.md","E:\keyboard-manager-clean\uaos-ai-factory\uaos-v1867-v1916-big-launch-train-03-legal-orders-support\13-seal\UAOS_V1867_V1916_FINAL_SEAL.md","file:///E:/keyboard-manager-clean/uaos-ai-factory/uaos-v1867-v1916-big-launch-train-03-legal-orders-support/13-seal/UAOS_V1867_V1916_FINAL_SEAL.md","334","2026-07-08T07:46:49"
"UAOS_V1817_V1866_FINAL_SEAL.md","E:\keyboard-manager-clean\uaos-ai-factory\uaos-v1817-v1866-big-launch-train-02-website-sales-products\13-seal\UAOS_V1817_V1866_FINAL_SEAL.md","file:///E:/keyboard-manager-clean/uaos-ai-factory/uaos-v1817-v1866-big-launch-train-02-website-sales-products/13-seal/UAOS_V1817_V1866_FINAL_SEAL.md","236","2026-07-08T07:44:38"
"UAOS_V1817_V1866_AGENT_H_QA_VALIDATION_SEAL.md","E:\keyboard-manager-clean\uaos-ai-factory\uaos-v1817-v1866-big-launch-train-02-website-sales-products\09-agents\UAOS_V1817_V1866_AGENT_H_QA_VALIDATION_SEAL.md","file:///E:/keyboard-manager-clean/uaos-ai-factory/uaos-v1817-v1866-big-launch-train-02-website-sales-products/09-agents/UAOS_V1817_V1866_AGENT_H_QA_VALIDATION_SEAL.md","570","2026-07-08T07:44:37"
"UAOS_V1767_V1816_FINAL_SEAL.md","E:\keyboard-manager-clean\uaos-ai-factory\uaos-v1767-v1816-big-launch-train-01\11-seal\UAOS_V1767_V1816_FINAL_SEAL.md","file:///E:/keyboard-manager-clean/uaos-ai-factory/uaos-v1767-v1816-big-launch-train-01/11-seal/UAOS_V1767_V1816_FINAL_SEAL.md","323","2026-07-08T07:40:58"
"UAOS_V1767_V1816_AGENT_H_QA_VALIDATION_SEAL.md","E:\keyboard-manager-clean\uaos-ai-factory\uaos-v1767-v1816-big-launch-train-01\07-agents\UAOS_V1767_V1816_AGENT_H_QA_VALIDATION_SEAL.md","file:///E:/keyboard-manager-clean/uaos-ai-factory/uaos-v1767-v1816-big-launch-train-01/07-agents/UAOS_V1767_V1816_AGENT_H_QA_VALIDATION_SEAL.md","516","2026-07-08T07:40:58"
"UAOS_V1757_V1766_FINAL_SEAL.md","E:\keyboard-manager-clean\uaos-ai-factory\uaos-v1757-v1766-safe-library-factory-mega-04\seal\UAOS_V1757_V1766_FINAL_SEAL.md","file:///E:/keyboard-manager-clean/uaos-ai-factory/uaos-v1757-v1766-safe-library-factory-mega-04/seal/UAOS_V1757_V1766_FINAL_SEAL.md","188","2026-07-08T07:24:13"
"UAOS_V1747_V1756_FINAL_SEAL.md","E:\keyboard-manager-clean\uaos-ai-factory\uaos-v1747-v1756-safe-library-factory-mega-03\seal\UAOS_V1747_V1756_FINAL_SEAL.md","file:///E:/keyboard-manager-clean/uaos-ai-factory/uaos-v1747-v1756-safe-library-factory-mega-03/seal/UAOS_V1747_V1756_FINAL_SEAL.md","188","2026-07-08T07:16:45"
"UAOS_V1737_V1746_FINAL_SEAL.md","E:\keyboard-manager-clean\uaos-ai-factory\uaos-v1737-v1746-safe-library-factory-mega-02\seal\UAOS_V1737_V1746_FINAL_SEAL.md","file:///E:/keyboard-manager-clean/uaos-ai-factory/uaos-v1737-v1746-safe-library-factory-mega-02/seal/UAOS_V1737_V1746_FINAL_SEAL.md","188","2026-07-08T06:50:48"
"UAOS_V1727_V1736_FINAL_SEAL.md","E:\keyboard-manager-clean\uaos-ai-factory\uaos-v1727-v1736-safe-library-factory-mega-01\seal\UAOS_V1727_V1736_FINAL_SEAL.md","file:///E:/keyboard-manager-clean/uaos-ai-factory/uaos-v1727-v1736-safe-library-factory-mega-01/seal/UAOS_V1727_V1736_FINAL_SEAL.md","188","2026-07-08T06:26:59"
"UAOS_V1726_FINAL_SEAL.md","E:\keyboard-manager-clean\uaos-ai-factory\uaos-v1726-catalog-review-dashboard-owner-decision-workflow\seal\UAOS_V1726_FINAL_SEAL.md","file:///E:/keyboard-manager-clean/uaos-ai-factory/uaos-v1726-catalog-review-dashboard-owner-decision-workflow/seal/UAOS_V1726_FINAL_SEAL.md","246","2026-07-08T06:03:10"
"UAOS_V1725_FINAL_SEAL.md","E:\keyboard-manager-clean\uaos-ai-factory\uaos-v1725-safe-library-product-factory-without-parser\seal\UAOS_V1725_FINAL_SEAL.md","file:///E:/keyboard-manager-clean/uaos-ai-factory/uaos-v1725-safe-library-product-factory-without-parser/seal/UAOS_V1725_FINAL_SEAL.md","172","2026-07-08T05:34:18"
"UAOS_V1724C_FINAL_SEAL.md","E:\keyboard-manager-clean\uaos-ai-factory\uaos-v1724c-multi-agent-parallel-project-factory\seal\UAOS_V1724C_FINAL_SEAL.md","file:///E:/keyboard-manager-clean/uaos-ai-factory/uaos-v1724c-multi-agent-parallel-project-factory/seal/UAOS_V1724C_FINAL_SEAL.md","185","2026-07-08T05:22:55"
"UAOS_V1723B_PCM_TIER_DIAGNOSIS_SEAL.md","E:\keyboard-manager-clean\uaos-ai-factory\uaos-v1723b-readonly-pcm-tier-diagnosis-owner-override-gate\seal\UAOS_V1723B_PCM_TIER_DIAGNOSIS_SEAL.md","file:///E:/keyboard-manager-clean/uaos-ai-factory/uaos-v1723b-readonly-pcm-tier-diagnosis-owner-override-gate/seal/UAOS_V1723B_PCM_TIER_DIAGNOSIS_SEAL.md","251","2026-07-07T21:57:50"
"UAOS_V1723_PCM_PARSER_FEASIBILITY_SEAL.md","E:\keyboard-manager-clean\uaos-ai-factory\uaos-v1723-readonly-pcm-parser-feasibility-map\seal\UAOS_V1723_PCM_PARSER_FEASIBILITY_SEAL.md","file:///E:/keyboard-manager-clean/uaos-ai-factory/uaos-v1723-readonly-pcm-parser-feasibility-map/seal/UAOS_V1723_PCM_PARSER_FEASIBILITY_SEAL.md","211","2026-07-07T21:06:24"
"UAOS_V1722_PCM_GROUP_REVIEW_SEAL.md","E:\keyboard-manager-clean\uaos-ai-factory\uaos-v1722-readonly-pcm-group-review\seal\UAOS_V1722_PCM_GROUP_REVIEW_SEAL.md","file:///E:/keyboard-manager-clean/uaos-ai-factory/uaos-v1722-readonly-pcm-group-review/seal/UAOS_V1722_PCM_GROUP_REVIEW_SEAL.md","240","2026-07-07T20:17:55"
"UAOS_V1721_KMP_PCM_RELATION_REVIEW_SEAL.md","E:\keyboard-manager-clean\uaos-ai-factory\uaos-v1721-readonly-kmp-pcm-relation-review\seal\UAOS_V1721_KMP_PCM_RELATION_REVIEW_SEAL.md","file:///E:/keyboard-manager-clean/uaos-ai-factory/uaos-v1721-readonly-kmp-pcm-relation-review/seal/UAOS_V1721_KMP_PCM_RELATION_REVIEW_SEAL.md","260","2026-07-07T19:08:43"
"UAOS_LIGHT_ENGINE_FINAL_SEAL.json","E:\keyboard-manager-clean\uaos-ai-factory\uaos-light-engine-v1\generated\v4-full-product-expansion-20260708_070754\BACKUP_BEFORE_V4\generated\final-seal-20260707_190645\UAOS_LIGHT_ENGINE_FINAL_SEAL.json","file:///E:/keyboard-manager-clean/uaos-ai-factory/uaos-light-engine-v1/generated/v4-full-product-expansion-20260708_070754/BACKUP_BEFORE_V4/generated/final-seal-20260707_190645/UAOS_LIGHT_ENGINE_FINAL_SEAL.json","881","2026-07-07T19:06:48"
"UAOS_LIGHT_ENGINE_FINAL_SEAL.json","E:\keyboard-manager-clean\uaos-ai-factory\uaos-light-engine-v1\generated\v3-hybrid-sync-pro-20260707_205236\BACKUP_BEFORE_V3\generated\v3-hybrid-sync-pro-20260707_205236\BACKUP_BEFORE_V3\generated\final-seal-20260707_190645\UAOS_LIGHT_ENGINE_FINAL_SEAL.json","file:///E:/keyboard-manager-clean/uaos-ai-factory/uaos-light-engine-v1/generated/v3-hybrid-sync-pro-20260707_205236/BACKUP_BEFORE_V3/generated/v3-hybrid-sync-pro-20260707_205236/BACKUP_BEFORE_V3/generated/final-seal-20260707_190645/UAOS_LIGHT_ENGINE_FINAL_SEAL.json","881","2026-07-07T19:06:48"
"UAOS_LIGHT_ENGINE_FINAL_SEAL.md","E:\keyboard-manager-clean\uaos-ai-factory\uaos-light-engine-v1\generated\v3-hybrid-sync-pro-20260707_205236\BACKUP_BEFORE_V3\generated\final-seal-20260707_190645\UAOS_LIGHT_ENGINE_FINAL_SEAL.md","file:///E:/keyboard-manager-clean/uaos-ai-factory/uaos-light-engine-v1/generated/v3-hybrid-sync-pro-20260707_205236/BACKUP_BEFORE_V3/generated/final-seal-20260707_190645/UAOS_LIGHT_ENGINE_FINAL_SEAL.md","1018","2026-07-07T19:06:48"
"UAOS_LIGHT_ENGINE_FINAL_SEAL.json","E:\keyboard-manager-clean\uaos-ai-factory\uaos-light-engine-v1\generated\v3-hybrid-sync-pro-20260707_205236\BACKUP_BEFORE_V3\generated\final-seal-20260707_190645\UAOS_LIGHT_ENGINE_FINAL_SEAL.json","file:///E:/keyboard-manager-clean/uaos-ai-factory/uaos-light-engine-v1/generated/v3-hybrid-sync-pro-20260707_205236/BACKUP_BEFORE_V3/generated/final-seal-20260707_190645/UAOS_LIGHT_ENGINE_FINAL_SEAL.json","881","2026-07-07T19:06:48"
"UAOS_LIGHT_ENGINE_FINAL_SEAL.md","E:\keyboard-manager-clean\uaos-ai-factory\uaos-light-engine-v1\generated\v3-hybrid-sync-pro-20260707_205236\BACKUP_BEFORE_V3\generated\v3-hybrid-sync-pro-20260707_205236\BACKUP_BEFORE_V3\generated\final-seal-20260707_190645\UAOS_LIGHT_ENGINE_FINAL_SEAL.md","file:///E:/keyboard-manager-clean/uaos-ai-factory/uaos-light-engine-v1/generated/v3-hybrid-sync-pro-20260707_205236/BACKUP_BEFORE_V3/generated/v3-hybrid-sync-pro-20260707_205236/BACKUP_BEFORE_V3/generated/final-seal-20260707_190645/UAOS_LIGHT_ENGINE_FINAL_SEAL.md","1018","2026-07-07T19:06:48"
"UAOS_LIGHT_ENGINE_FINAL_SEAL.md","E:\keyboard-manager-clean\uaos-ai-factory\uaos-light-engine-v1\generated\final-seal-20260707_190645\UAOS_LIGHT_ENGINE_FINAL_SEAL.md","file:///E:/keyboard-manager-clean/uaos-ai-factory/uaos-light-engine-v1/generated/final-seal-20260707_190645/UAOS_LIGHT_ENGINE_FINAL_SEAL.md","1018","2026-07-07T19:06:48"
"UAOS_LIGHT_ENGINE_FINAL_SEAL.json","E:\keyboard-manager-clean\uaos-ai-factory\uaos-light-engine-v1\generated\final-seal-20260707_190645\UAOS_LIGHT_ENGINE_FINAL_SEAL.json","file:///E:/keyboard-manager-clean/uaos-ai-factory/uaos-light-engine-v1/generated/final-seal-20260707_190645/UAOS_LIGHT_ENGINE_FINAL_SEAL.json","881","2026-07-07T19:06:48"
"UAOS_LIGHT_ENGINE_FINAL_SEAL.md","E:\keyboard-manager-clean\uaos-ai-factory\uaos-light-engine-v1\generated\v4-full-product-expansion-20260708_070754\BACKUP_BEFORE_V4\generated\final-seal-20260707_190645\UAOS_LIGHT_ENGINE_FINAL_SEAL.md","file:///E:/keyboard-manager-clean/uaos-ai-factory/uaos-light-engine-v1/generated/v4-full-product-expansion-20260708_070754/BACKUP_BEFORE_V4/generated/final-seal-20260707_190645/UAOS_LIGHT_ENGINE_FINAL_SEAL.md","1018","2026-07-07T19:06:48"
"UAOS_V1720_KMP_STRUCTURE_INSPECTOR_SEAL.md","E:\keyboard-manager-clean\uaos-ai-factory\uaos-v1720-readonly-kmp-structure-inspector\seal\UAOS_V1720_KMP_STRUCTURE_INSPECTOR_SEAL.md","file:///E:/keyboard-manager-clean/uaos-ai-factory/uaos-v1720-readonly-kmp-structure-inspector/seal/UAOS_V1720_KMP_STRUCTURE_INSPECTOR_SEAL.md","207","2026-07-07T18:53:47"
"UAOS_V1719_KMP_KSF_SAMPLE_MAP_RESEARCH_SEAL.md","E:\keyboard-manager-clean\uaos-ai-factory\uaos-v1719-kmp-ksf-sample-map-research\seal\UAOS_V1719_KMP_KSF_SAMPLE_MAP_RESEARCH_SEAL.md","file:///E:/keyboard-manager-clean/uaos-ai-factory/uaos-v1719-kmp-ksf-sample-map-research/seal/UAOS_V1719_KMP_KSF_SAMPLE_MAP_RESEARCH_SEAL.md","260","2026-07-07T17:23:03"
"UAOS_V1718_EXTRACTABILITY_CLASSIFIER_SEAL.md","E:\keyboard-manager-clean\uaos-ai-factory\uaos-v1718-real-set-extractability-classifier\seal\UAOS_V1718_EXTRACTABILITY_CLASSIFIER_SEAL.md","file:///E:/keyboard-manager-clean/uaos-ai-factory/uaos-v1718-real-set-extractability-classifier/seal/UAOS_V1718_EXTRACTABILITY_CLASSIFIER_SEAL.md","221","2026-07-07T16:25:41"
"UAOS_V1717_OPEN_LIBRARY_INTAKE_SEAL.md","E:\keyboard-manager-clean\uaos-ai-factory\uaos-v1717-open-library-intake\seal\UAOS_V1717_OPEN_LIBRARY_INTAKE_SEAL.md","file:///E:/keyboard-manager-clean/uaos-ai-factory/uaos-v1717-open-library-intake/seal/UAOS_V1717_OPEN_LIBRARY_INTAKE_SEAL.md","227","2026-07-07T14:21:25"
"UAOS_V1716_GOLDEN_SET_FACTORY_SEAL.md","E:\keyboard-manager-clean\uaos-ai-factory\uaos-v1716-golden-set-factory\seal\UAOS_V1716_GOLDEN_SET_FACTORY_SEAL.md","file:///E:/keyboard-manager-clean/uaos-ai-factory/uaos-v1716-golden-set-factory/seal/UAOS_V1716_GOLDEN_SET_FACTORY_SEAL.md","395","2026-07-07T07:35:27"
"UAOS_V1715_OWNER_LIBRARY_WRITER_SEAL.md","E:\keyboard-manager-clean\uaos-ai-factory\uaos-v1715-real-owner-library-writer-up\seal\UAOS_V1715_OWNER_LIBRARY_WRITER_SEAL.md","file:///E:/keyboard-manager-clean/uaos-ai-factory/uaos-v1715-real-owner-library-writer-up/seal/UAOS_V1715_OWNER_LIBRARY_WRITER_SEAL.md","305","2026-07-07T07:13:30"
"UAOS_V1711_FINAL_OWNER_EXPERIMENTAL_SEAL.md","E:\keyboard-manager-clean\uaos-ai-factory\uaos-v1711-owner-experimental-codewriter\seal\UAOS_V1711_FINAL_OWNER_EXPERIMENTAL_SEAL.md","file:///E:/keyboard-manager-clean/uaos-ai-factory/uaos-v1711-owner-experimental-codewriter/seal/UAOS_V1711_FINAL_OWNER_EXPERIMENTAL_SEAL.md","845","2026-07-07T07:02:31"
"UAOS_V1714_OWNER_TEST_SEAL.md","E:\keyboard-manager-clean\uaos-ai-factory\uaos-v1714-owner-test-ui-finalizer\seal\UAOS_V1714_OWNER_TEST_SEAL.md","file:///E:/keyboard-manager-clean/uaos-ai-factory/uaos-v1714-owner-test-ui-finalizer/seal/UAOS_V1714_OWNER_TEST_SEAL.md","421","2026-07-07T05:44:13"
"UAOS_V1713_FINAL_OWNER_SEAL.md","E:\keyboard-manager-clean\uaos-ai-factory\uaos-v1713-final-writer\seal\UAOS_V1713_FINAL_OWNER_SEAL.md","file:///E:/keyboard-manager-clean/uaos-ai-factory/uaos-v1713-final-writer/seal/UAOS_V1713_FINAL_OWNER_SEAL.md","567","2026-07-06T23:06:42"
"UAOS_V1712_FINAL_OWNER_EXPERIMENTAL_SEAL.md","E:\keyboard-manager-clean\uaos-ai-factory\uaos-v1712-owner-experimental-codewriter\seal\UAOS_V1712_FINAL_OWNER_EXPERIMENTAL_SEAL.md","file:///E:/keyboard-manager-clean/uaos-ai-factory/uaos-v1712-owner-experimental-codewriter/seal/UAOS_V1712_FINAL_OWNER_EXPERIMENTAL_SEAL.md","825","2026-07-06T20:25:45"
"UAOS_V1705_VIRTUAL_SET_FINAL_SEAL.md","E:\keyboard-manager-clean\uaos-ai-factory\uaos-v1705-virtual-new-set-inventory-builder\seal\UAOS_V1705_VIRTUAL_SET_FINAL_SEAL.md","file:///E:/keyboard-manager-clean/uaos-ai-factory/uaos-v1705-virtual-new-set-inventory-builder/seal/UAOS_V1705_VIRTUAL_SET_FINAL_SEAL.md","1274","2026-07-06T18:14:28"
"UAOS_V1705_VIRTUAL_SET_FINAL_SEAL.md","E:\keyboard-manager-clean\uaos-ai-factory\uaos-v1705-virtual-new-set-inventory-builder\package\contents\seal\UAOS_V1705_VIRTUAL_SET_FINAL_SEAL.md","file:///E:/keyboard-manager-clean/uaos-ai-factory/uaos-v1705-virtual-new-set-inventory-builder/package/contents/seal/UAOS_V1705_VIRTUAL_SET_FINAL_SEAL.md","1120","2026-07-06T18:14:26"
"UAOS_V1704B_SAFE_LOCAL_WRITER_FINAL_SEAL.md","E:\keyboard-manager-clean\uaos-ai-factory\uaos-v1704-safe-local-writer-new-set-builder\seal\UAOS_V1704B_SAFE_LOCAL_WRITER_FINAL_SEAL.md","file:///E:/keyboard-manager-clean/uaos-ai-factory/uaos-v1704-safe-local-writer-new-set-builder/seal/UAOS_V1704B_SAFE_LOCAL_WRITER_FINAL_SEAL.md","1172","2026-07-06T17:42:13"
"UAOS_V1501_V1700_FINAL_SEAL.md","E:\keyboard-manager-clean\uaos-ai-factory\uaos-v1501-v1700-final-owner-website-test-programs\seal\UAOS_V1501_V1700_FINAL_SEAL.md","file:///E:/keyboard-manager-clean/uaos-ai-factory/uaos-v1501-v1700-final-owner-website-test-programs/seal/UAOS_V1501_V1700_FINAL_SEAL.md","790","2026-07-06T16:44:58"
"UAOS_V1501_V1700_FINAL_SEAL.md","E:\keyboard-manager-clean\uaos-ai-factory\uaos-v1501-v1700-final-owner-website-test-programs\final-package\contents\seal\UAOS_V1501_V1700_FINAL_SEAL.md","file:///E:/keyboard-manager-clean/uaos-ai-factory/uaos-v1501-v1700-final-owner-website-test-programs/final-package/contents/seal/UAOS_V1501_V1700_FINAL_SEAL.md","790","2026-07-06T16:44:58"
"UAOS_V1301_V1500_FINAL_SEAL.md","E:\keyboard-manager-clean\uaos-ai-factory\uaos-v1301-v1500-external-reviewer-intake-rc-freeze\16_seal\UAOS_V1301_V1500_FINAL_SEAL.md","file:///E:/keyboard-manager-clean/uaos-ai-factory/uaos-v1301-v1500-external-reviewer-intake-rc-freeze/16_seal/UAOS_V1301_V1500_FINAL_SEAL.md","977","2026-07-06T14:34:16"
"UAOS_V1301_V1500_FINAL_SEAL.md","E:\keyboard-manager-clean\uaos-ai-factory\uaos-v1301-v1500-external-reviewer-intake-rc-freeze\14_final_package\UAOS_V1301_V1500_EXTERNAL_REVIEWER_INTAKE_RC_FREEZE_PACKAGE_CONTENTS\16_seal\UAOS_V1301_V1500_FINAL_SEAL.md","file:///E:/keyboard-manager-clean/uaos-ai-factory/uaos-v1301-v1500-external-reviewer-intake-rc-freeze/14_final_package/UAOS_V1301_V1500_EXTERNAL_REVIEWER_INTAKE_RC_FREEZE_PACKAGE_CONTENTS/16_seal/UAOS_V1301_V1500_FINAL_SEAL.md","977","2026-07-06T14:34:16"
"UAOS_V1101_V1300_FINAL_SEAL.md","E:\keyboard-manager-clean\uaos-ai-factory\uaos-v1101-v1300-reviewer-demo-rc\15_seal\UAOS_V1101_V1300_FINAL_SEAL.md","file:///E:/keyboard-manager-clean/uaos-ai-factory/uaos-v1101-v1300-reviewer-demo-rc/15_seal/UAOS_V1101_V1300_FINAL_SEAL.md","922","2026-07-06T14:24:47"
"UAOS_V1101_V1300_FINAL_SEAL.md","E:\keyboard-manager-clean\uaos-ai-factory\uaos-v1101-v1300-reviewer-demo-rc\13_final_package\UAOS_V1101_V1300_REVIEWER_DEMO_RC_PACKAGE_CONTENTS\15_seal\UAOS_V1101_V1300_FINAL_SEAL.md","file:///E:/keyboard-manager-clean/uaos-ai-factory/uaos-v1101-v1300-reviewer-demo-rc/13_final_package/UAOS_V1101_V1300_REVIEWER_DEMO_RC_PACKAGE_CONTENTS/15_seal/UAOS_V1101_V1300_FINAL_SEAL.md","922","2026-07-06T14:24:47"
"UAOS_V901_V1100_FINAL_SEAL.md","E:\keyboard-manager-clean\uaos-ai-factory\uaos-v901-v1100-product-ux-offline-demo\16_seal\UAOS_V901_V1100_FINAL_SEAL.md","file:///E:/keyboard-manager-clean/uaos-ai-factory/uaos-v901-v1100-product-ux-offline-demo/16_seal/UAOS_V901_V1100_FINAL_SEAL.md","925","2026-07-06T13:54:52"
"UAOS_V901_V1100_FINAL_SEAL.md","E:\keyboard-manager-clean\uaos-ai-factory\uaos-v901-v1100-product-ux-offline-demo\14_final_package\UAOS_V901_V1100_PRODUCT_UX_OFFLINE_DEMO_PACKAGE_CONTENTS\16_seal\UAOS_V901_V1100_FINAL_SEAL.md","file:///E:/keyboard-manager-clean/uaos-ai-factory/uaos-v901-v1100-product-ux-offline-demo/14_final_package/UAOS_V901_V1100_PRODUCT_UX_OFFLINE_DEMO_PACKAGE_CONTENTS/16_seal/UAOS_V901_V1100_FINAL_SEAL.md","925","2026-07-06T13:54:52"
"UAOS_V701_V900_FINAL_SEAL.md","E:\keyboard-manager-clean\uaos-ai-factory\uaos-v701-v900-stabilization-local-qa\15_seal\UAOS_V701_V900_FINAL_SEAL.md","file:///E:/keyboard-manager-clean/uaos-ai-factory/uaos-v701-v900-stabilization-local-qa/15_seal/UAOS_V701_V900_FINAL_SEAL.md","752","2026-07-06T13:28:58"
"UAOS_V701_V900_FINAL_SEAL.md","E:\keyboard-manager-clean\uaos-ai-factory\uaos-v701-v900-stabilization-local-qa\13_final_package\UAOS_V701_V900_STABILIZATION_PACKAGE_CONTENTS\15_seal\UAOS_V701_V900_FINAL_SEAL.md","file:///E:/keyboard-manager-clean/uaos-ai-factory/uaos-v701-v900-stabilization-local-qa/13_final_package/UAOS_V701_V900_STABILIZATION_PACKAGE_CONTENTS/15_seal/UAOS_V701_V900_FINAL_SEAL.md","752","2026-07-06T13:28:58"
"UAOS_GOOGLE_STUDIO_FULL_EXECUTOR_FINAL_SEAL.md","E:\keyboard-manager-clean\uaos-ai-factory\google-studio-full-executor-v461-v700\13_seal\UAOS_GOOGLE_STUDIO_FULL_EXECUTOR_FINAL_SEAL.md","file:///E:/keyboard-manager-clean/uaos-ai-factory/google-studio-full-executor-v461-v700/13_seal/UAOS_GOOGLE_STUDIO_FULL_EXECUTOR_FINAL_SEAL.md","420","2026-07-06T12:23:02"
"UAOS_WRITER_READY_FALSE_SEAL.md","E:\keyboard-manager-clean\uaos-ai-factory\google-studio-full-executor-v461-v700\05_writer_track_status\UAOS_WRITER_READY_FALSE_SEAL.md","file:///E:/keyboard-manager-clean/uaos-ai-factory/google-studio-full-executor-v461-v700/05_writer_track_status/UAOS_WRITER_READY_FALSE_SEAL.md","83","2026-07-06T12:22:52"
"UAOS_V561_V700_INTEGRATION_SEAL.md","E:\keyboard-manager-clean\uaos-ai-factory\google-studio-full-executor-v461-v700\03_integrated_gemini_v561_v700\UAOS_V561_V700_INTEGRATION_SEAL.md","file:///E:/keyboard-manager-clean/uaos-ai-factory/google-studio-full-executor-v461-v700/03_integrated_gemini_v561_v700/UAOS_V561_V700_INTEGRATION_SEAL.md","63","2026-07-06T12:22:52"
"UAOS_V461_V560_INTEGRATION_SEAL.md","E:\keyboard-manager-clean\uaos-ai-factory\google-studio-full-executor-v461-v700\02_integrated_fallback_v461_v560\UAOS_V461_V560_INTEGRATION_SEAL.md","file:///E:/keyboard-manager-clean/uaos-ai-factory/google-studio-full-executor-v461-v700/02_integrated_fallback_v461_v560/UAOS_V461_V560_INTEGRATION_SEAL.md","63","2026-07-06T12:22:52"
"UAOS_V461_V560_INTEGRATION_SEAL.md","E:\keyboard-manager-clean\uaos-ai-factory\google-studio-full-executor-v461-v700\11_final_package\UAOS_FINAL_OWNER_SETUP_V5_PACKAGE_CONTENTS\02_integrated_fallback_v461_v560\UAOS_V461_V560_INTEGRATION_SEAL.md","file:///E:/keyboard-manager-clean/uaos-ai-factory/google-studio-full-executor-v461-v700/11_final_package/UAOS_FINAL_OWNER_SETUP_V5_PACKAGE_CONTENTS/02_integrated_fallback_v461_v560/UAOS_V461_V560_INTEGRATION_SEAL.md","63","2026-07-06T12:22:52"
"UAOS_GOOGLE_STUDIO_FULL_EXECUTOR_FINAL_SEAL.md","E:\keyboard-manager-clean\uaos-ai-factory\google-studio-full-executor-v461-v700\11_final_package\UAOS_FINAL_OWNER_SETUP_V5_PACKAGE_CONTENTS\13_seal\UAOS_GOOGLE_STUDIO_FULL_EXECUTOR_FINAL_SEAL.md","file:///E:/keyboard-manager-clean/uaos-ai-factory/google-studio-full-executor-v461-v700/11_final_package/UAOS_FINAL_OWNER_SETUP_V5_PACKAGE_CONTENTS/13_seal/UAOS_GOOGLE_STUDIO_FULL_EXECUTOR_FINAL_SEAL.md","194","2026-07-06T12:22:52"
"UAOS_WRITER_READY_FALSE_SEAL.md","E:\keyboard-manager-clean\uaos-ai-factory\google-studio-full-executor-v461-v700\11_final_package\UAOS_FINAL_OWNER_SETUP_V5_PACKAGE_CONTENTS\05_writer_track_status\UAOS_WRITER_READY_FALSE_SEAL.md","file:///E:/keyboard-manager-clean/uaos-ai-factory/google-studio-full-executor-v461-v700/11_final_package/UAOS_FINAL_OWNER_SETUP_V5_PACKAGE_CONTENTS/05_writer_track_status/UAOS_WRITER_READY_FALSE_SEAL.md","83","2026-07-06T12:22:52"
"UAOS_V561_V700_INTEGRATION_SEAL.md","E:\keyboard-manager-clean\uaos-ai-factory\google-studio-full-executor-v461-v700\11_final_package\UAOS_FINAL_OWNER_SETUP_V5_PACKAGE_CONTENTS\03_integrated_gemini_v561_v700\UAOS_V561_V700_INTEGRATION_SEAL.md","file:///E:/keyboard-manager-clean/uaos-ai-factory/google-studio-full-executor-v461-v700/11_final_package/UAOS_FINAL_OWNER_SETUP_V5_PACKAGE_CONTENTS/03_integrated_gemini_v561_v700/UAOS_V561_V700_INTEGRATION_SEAL.md","63","2026-07-06T12:22:52"
"UAOS_MEGA_FINAL_PIPELINE_V461_V560_FINAL_SEAL.md","E:\keyboard-manager-clean\uaos-ai-factory\mega-final-pipeline-v461-v560\11_seal\UAOS_MEGA_FINAL_PIPELINE_V461_V560_FINAL_SEAL.md","file:///E:/keyboard-manager-clean/uaos-ai-factory/mega-final-pipeline-v461-v560/11_seal/UAOS_MEGA_FINAL_PIPELINE_V461_V560_FINAL_SEAL.md","611","2026-07-06T11:13:12"
"BATCH_FINAL_SEAL.md","E:\keyboard-manager-clean\uaos-ai-factory\mega-final-pipeline-v461-v560\03_executed_batches\v521_v540_style_rc_factory_expansion_v2\BATCH_FINAL_SEAL.md","file:///E:/keyboard-manager-clean/uaos-ai-factory/mega-final-pipeline-v461-v560/03_executed_batches/v521_v540_style_rc_factory_expansion_v2/BATCH_FINAL_SEAL.md","171","2026-07-06T11:12:22"
"BATCH_FINAL_SEAL.md","E:\keyboard-manager-clean\uaos-ai-factory\mega-final-pipeline-v461-v560\03_executed_batches\v541_v560_final_owner_setup_v4\BATCH_FINAL_SEAL.md","file:///E:/keyboard-manager-clean/uaos-ai-factory/mega-final-pipeline-v461-v560/03_executed_batches/v541_v560_final_owner_setup_v4/BATCH_FINAL_SEAL.md","178","2026-07-06T11:12:22"
"UAOS_V485_WRITER_READINESS_FALSE_SEAL.md","E:\keyboard-manager-clean\uaos-ai-factory\mega-final-pipeline-v461-v560\03_executed_batches\v481_v500_parser_feedback_prep\UAOS_V485_WRITER_READINESS_FALSE_SEAL.md","file:///E:/keyboard-manager-clean/uaos-ai-factory/mega-final-pipeline-v461-v560/03_executed_batches/v481_v500_parser_feedback_prep/UAOS_V485_WRITER_READINESS_FALSE_SEAL.md","80","2026-07-06T11:12:22"
"BATCH_FINAL_SEAL.md","E:\keyboard-manager-clean\uaos-ai-factory\mega-final-pipeline-v461-v560\03_executed_batches\v481_v500_parser_feedback_prep\BATCH_FINAL_SEAL.md","file:///E:/keyboard-manager-clean/uaos-ai-factory/mega-final-pipeline-v461-v560/03_executed_batches/v481_v500_parser_feedback_prep/BATCH_FINAL_SEAL.md","174","2026-07-06T11:12:22"
"BATCH_FINAL_SEAL.md","E:\keyboard-manager-clean\uaos-ai-factory\mega-final-pipeline-v461-v560\03_executed_batches\v461_v480_feedback_intake\BATCH_FINAL_SEAL.md","file:///E:/keyboard-manager-clean/uaos-ai-factory/mega-final-pipeline-v461-v560/03_executed_batches/v461_v480_feedback_intake/BATCH_FINAL_SEAL.md","173","2026-07-06T11:12:22"
"BATCH_FINAL_SEAL.md","E:\keyboard-manager-clean\uaos-ai-factory\mega-final-pipeline-v461-v560\03_executed_batches\v501_v520_dummy_sandbox_hardening_v2\BATCH_FINAL_SEAL.md","file:///E:/keyboard-manager-clean/uaos-ai-factory/mega-final-pipeline-v461-v560/03_executed_batches/v501_v520_dummy_sandbox_hardening_v2/BATCH_FINAL_SEAL.md","168","2026-07-06T11:12:22"
"UAOS_V460_EXTERNAL_PARSER_REVIEW_FINAL_SEAL.md","E:\keyboard-manager-clean\uaos-ai-factory\parser-external-review-v441-v460\final-seal\UAOS_V460_EXTERNAL_PARSER_REVIEW_FINAL_SEAL.md","file:///E:/keyboard-manager-clean/uaos-ai-factory/parser-external-review-v441-v460/final-seal/UAOS_V460_EXTERNAL_PARSER_REVIEW_FINAL_SEAL.md","322","2026-07-06T10:51:16"
"UAOS_V440_PARSER_RESEARCH_CONTINUATION_FINAL_SEAL.md","E:\keyboard-manager-clean\uaos-ai-factory\parser-research-continuation-v421-v440\final-seal\UAOS_V440_PARSER_RESEARCH_CONTINUATION_FINAL_SEAL.md","file:///E:/keyboard-manager-clean/uaos-ai-factory/parser-research-continuation-v421-v440/final-seal/UAOS_V440_PARSER_RESEARCH_CONTINUATION_FINAL_SEAL.md","351","2026-07-06T10:41:36"
"UAOS_V420_PARSER_RESEARCH_CONTINUATION_FINAL_SEAL.md","E:\keyboard-manager-clean\uaos-ai-factory\parser-research-continuation-v401-v420\seal\UAOS_V420_PARSER_RESEARCH_CONTINUATION_FINAL_SEAL.md","file:///E:/keyboard-manager-clean/uaos-ai-factory/parser-research-continuation-v401-v420/seal/UAOS_V420_PARSER_RESEARCH_CONTINUATION_FINAL_SEAL.md","517","2026-07-06T10:03:10"
"UAOS_V400_MASTER_EXECUTIVE_SEAL.md","E:\keyboard-manager-clean\uaos-ai-factory\final-owner-setup-v3-v381-v400\v400_master_executive_seal\UAOS_V400_MASTER_EXECUTIVE_SEAL.md","file:///E:/keyboard-manager-clean/uaos-ai-factory/final-owner-setup-v3-v381-v400/v400_master_executive_seal/UAOS_V400_MASTER_EXECUTIVE_SEAL.md","519","2026-07-06T07:29:28"
"UAOS_FINAL_OWNER_SETUP_V3_V381_V400_FINAL_SEAL.md","E:\keyboard-manager-clean\uaos-ai-factory\final-owner-setup-v3-v381-v400\seal\UAOS_FINAL_OWNER_SETUP_V3_V381_V400_FINAL_SEAL.md","file:///E:/keyboard-manager-clean/uaos-ai-factory/final-owner-setup-v3-v381-v400/seal/UAOS_FINAL_OWNER_SETUP_V3_V381_V400_FINAL_SEAL.md","519","2026-07-06T07:29:28"
"UAOS_PARSER_RESEARCH_FACTORY_V361_V380_FINAL_SEAL.md","E:\keyboard-manager-clean\uaos-ai-factory\parser-research-factory-v361-v380\seal\UAOS_PARSER_RESEARCH_FACTORY_V361_V380_FINAL_SEAL.md","file:///E:/keyboard-manager-clean/uaos-ai-factory/parser-research-factory-v361-v380/seal/UAOS_PARSER_RESEARCH_FACTORY_V361_V380_FINAL_SEAL.md","650","2026-07-06T07:20:55"
"UAOS_V380_FINAL_PARSER_RESEARCH_FACTORY_SEAL.md","E:\keyboard-manager-clean\uaos-ai-factory\parser-research-factory-v361-v380\v380_final_parser_research_factory_seal\UAOS_V380_FINAL_PARSER_RESEARCH_FACTORY_SEAL.md","file:///E:/keyboard-manager-clean/uaos-ai-factory/parser-research-factory-v361-v380/v380_final_parser_research_factory_seal/UAOS_V380_FINAL_PARSER_RESEARCH_FACTORY_SEAL.md","650","2026-07-06T07:20:55"
"UAOS_STYLE_RC_FACTORY_V341_V360_FINAL_SEAL.md","E:\keyboard-manager-clean\uaos-ai-factory\style-rc-factory-v341-v360\seal\UAOS_STYLE_RC_FACTORY_V341_V360_FINAL_SEAL.md","file:///E:/keyboard-manager-clean/uaos-ai-factory/style-rc-factory-v341-v360/seal/UAOS_STYLE_RC_FACTORY_V341_V360_FINAL_SEAL.md","499","2026-07-06T07:08:04"
"UAOS_V360_STYLE_RC_FACTORY_FINAL_SEAL.md","E:\keyboard-manager-clean\uaos-ai-factory\style-rc-factory-v341-v360\v360_final_style_rc_factory_seal\UAOS_V360_STYLE_RC_FACTORY_FINAL_SEAL.md","file:///E:/keyboard-manager-clean/uaos-ai-factory/style-rc-factory-v341-v360/v360_final_style_rc_factory_seal/UAOS_V360_STYLE_RC_FACTORY_FINAL_SEAL.md","155","2026-07-06T07:07:24"
"UAOS_EXTERNAL_REVIEW_PACKAGE_V321_V340_FINAL_SEAL.md","E:\keyboard-manager-clean\uaos-ai-factory\external-review-package-v321-v340\seal\UAOS_EXTERNAL_REVIEW_PACKAGE_V321_V340_FINAL_SEAL.md","file:///E:/keyboard-manager-clean/uaos-ai-factory/external-review-package-v321-v340/seal/UAOS_EXTERNAL_REVIEW_PACKAGE_V321_V340_FINAL_SEAL.md","547","2026-07-06T06:37:16"
"UAOS_V340_FINAL_EXTERNAL_REVIEW_SEAL.md","E:\keyboard-manager-clean\uaos-ai-factory\external-review-package-v321-v340\v340_final_external_review_seal\UAOS_V340_FINAL_EXTERNAL_REVIEW_SEAL.md","file:///E:/keyboard-manager-clean/uaos-ai-factory/external-review-package-v321-v340/v340_final_external_review_seal/UAOS_V340_FINAL_EXTERNAL_REVIEW_SEAL.md","188","2026-07-06T06:36:48"
"UAOS_DUMMY_WRITER_HARDENING_V301_V320_FINAL_SEAL.md","E:\keyboard-manager-clean\uaos-ai-factory\dummy-writer-hardening-v301-v320\seal\UAOS_DUMMY_WRITER_HARDENING_V301_V320_FINAL_SEAL.md","file:///E:/keyboard-manager-clean/uaos-ai-factory/dummy-writer-hardening-v301-v320/seal/UAOS_DUMMY_WRITER_HARDENING_V301_V320_FINAL_SEAL.md","545","2026-07-06T06:19:00"
"UAOS_V310_DUMMY_SANDBOX_HARDENING_SEAL.md","E:\keyboard-manager-clean\uaos-ai-factory\dummy-writer-hardening-v301-v320\v310_dummy_sandbox_hardening_seal\UAOS_V310_DUMMY_SANDBOX_HARDENING_SEAL.md","file:///E:/keyboard-manager-clean/uaos-ai-factory/dummy-writer-hardening-v301-v320/v310_dummy_sandbox_hardening_seal/UAOS_V310_DUMMY_SANDBOX_HARDENING_SEAL.md","123","2026-07-06T06:17:48"
"UAOS_V320_FINAL_HARDENING_SEAL.md","E:\keyboard-manager-clean\uaos-ai-factory\dummy-writer-hardening-v301-v320\v320_final_hardening_seal\UAOS_V320_FINAL_HARDENING_SEAL.md","file:///E:/keyboard-manager-clean/uaos-ai-factory/dummy-writer-hardening-v301-v320/v320_final_hardening_seal/UAOS_V320_FINAL_HARDENING_SEAL.md","165","2026-07-06T06:17:48"
"UAOS_NIGHT_SUPER_AGENT_V301_V400_FINAL_SEAL.md","E:\keyboard-manager-clean\uaos-ai-factory\night-super-agent-v301-v400\15_seal\UAOS_NIGHT_SUPER_AGENT_V301_V400_FINAL_SEAL.md","file:///E:/keyboard-manager-clean/uaos-ai-factory/night-super-agent-v301-v400/15_seal/UAOS_NIGHT_SUPER_AGENT_V301_V400_FINAL_SEAL.md","538","2026-07-06T01:23:03"
"UAOS_BATCH_FINAL_SEAL_VALIDATOR_TEMPLATE.py","E:\keyboard-manager-clean\uaos-ai-factory\night-super-agent-v301-v400\06_validator_templates\UAOS_BATCH_FINAL_SEAL_VALIDATOR_TEMPLATE.py","file:///E:/keyboard-manager-clean/uaos-ai-factory/night-super-agent-v301-v400/06_validator_templates/UAOS_BATCH_FINAL_SEAL_VALIDATOR_TEMPLATE.py","131","2026-07-06T01:21:47"
"UAOS_DUMMY_WRITER_EXTERNAL_REVIEW_FINAL_SEAL.md","E:\keyboard-manager-clean\uaos-ai-factory\dummy-writer-external-review-v281-v300\seal\UAOS_DUMMY_WRITER_EXTERNAL_REVIEW_FINAL_SEAL.md","file:///E:/keyboard-manager-clean/uaos-ai-factory/dummy-writer-external-review-v281-v300/seal/UAOS_DUMMY_WRITER_EXTERNAL_REVIEW_FINAL_SEAL.md","574","2026-07-06T01:18:13"
"UAOS_DUMMY_WRITER_SANDBOX_FINAL_SEAL.md","E:\keyboard-manager-clean\uaos-ai-factory\writer-sandbox-dummy-implementation-v261-v280\seal\UAOS_DUMMY_WRITER_SANDBOX_FINAL_SEAL.md","file:///E:/keyboard-manager-clean/uaos-ai-factory/writer-sandbox-dummy-implementation-v261-v280/seal/UAOS_DUMMY_WRITER_SANDBOX_FINAL_SEAL.md","553","2026-07-06T01:03:27"
"UAOS_WRITER_SANDBOX_PLANNING_FINAL_SEAL.md","E:\keyboard-manager-clean\uaos-ai-factory\writer-sandbox-planning-v241-v260\seal\UAOS_WRITER_SANDBOX_PLANNING_FINAL_SEAL.md","file:///E:/keyboard-manager-clean/uaos-ai-factory/writer-sandbox-planning-v241-v260/seal/UAOS_WRITER_SANDBOX_PLANNING_FINAL_SEAL.md","559","2026-07-06T00:51:40"
"UAOS_WRITER_SANDBOX_DESIGN_FINAL_SEAL.md","E:\keyboard-manager-clean\uaos-ai-factory\writer-sandbox-design-v221-v240\seal\UAOS_WRITER_SANDBOX_DESIGN_FINAL_SEAL.md","file:///E:/keyboard-manager-clean/uaos-ai-factory/writer-sandbox-design-v221-v240/seal/UAOS_WRITER_SANDBOX_DESIGN_FINAL_SEAL.md","548","2026-07-06T00:35:11"
"UAOS_REAL_WRITER_WORKBENCH_FINAL_SEAL.md","E:\keyboard-manager-clean\uaos-ai-factory\real-writer-workbench-v191-v220\seal\UAOS_REAL_WRITER_WORKBENCH_FINAL_SEAL.md","file:///E:/keyboard-manager-clean/uaos-ai-factory/real-writer-workbench-v191-v220/seal/UAOS_REAL_WRITER_WORKBENCH_FINAL_SEAL.md","595","2026-07-06T00:15:51"
"UAOS_BATCH_V181_V190_RANK1_DEEP_REFINEMENT_FINAL_SEAL.md","E:\keyboard-manager-clean\uaos-ai-factory\rank1-deep-parser-refinement-v181-v190\batch-v181-v190-rank1-deep-parser-refinement\UAOS_BATCH_V181_V190_RANK1_DEEP_REFINEMENT_FINAL_SEAL.md","file:///E:/keyboard-manager-clean/uaos-ai-factory/rank1-deep-parser-refinement-v181-v190/batch-v181-v190-rank1-deep-parser-refinement/UAOS_BATCH_V181_V190_RANK1_DEEP_REFINEMENT_FINAL_SEAL.md","595","2026-07-05T23:54:13"
"UAOS_V190_FINAL_SEAL.md","E:\keyboard-manager-clean\uaos-ai-factory\rank1-deep-parser-refinement-v181-v190\v190_final_deep_refinement_seal\UAOS_V190_FINAL_SEAL.md","file:///E:/keyboard-manager-clean/uaos-ai-factory/rank1-deep-parser-refinement-v181-v190/v190_final_deep_refinement_seal/UAOS_V190_FINAL_SEAL.md","595","2026-07-05T23:54:13"
"UAOS_RANK1_DEEP_PARSER_REFINEMENT_FINAL_SEAL.md","E:\keyboard-manager-clean\uaos-ai-factory\rank1-deep-parser-refinement-v181-v190\seal\UAOS_RANK1_DEEP_PARSER_REFINEMENT_FINAL_SEAL.md","file:///E:/keyboard-manager-clean/uaos-ai-factory/rank1-deep-parser-refinement-v181-v190/seal/UAOS_RANK1_DEEP_PARSER_REFINEMENT_FINAL_SEAL.md","595","2026-07-05T23:54:13"
"UAOS_PARSER_REFINEMENT_V171_V180_FINAL_SEAL.md","E:\keyboard-manager-clean\uaos-ai-factory\parser-refinement-v171-v180\seal\UAOS_PARSER_REFINEMENT_V171_V180_FINAL_SEAL.md","file:///E:/keyboard-manager-clean/uaos-ai-factory/parser-refinement-v171-v180/seal/UAOS_PARSER_REFINEMENT_V171_V180_FINAL_SEAL.md","543","2026-07-05T23:42:38"
"UAOS_BATCH_V171_V180_PARSER_REFINEMENT_FINAL_SEAL.md","E:\keyboard-manager-clean\uaos-ai-factory\parser-refinement-v171-v180\batch-v171-v180-parser-refinement\UAOS_BATCH_V171_V180_PARSER_REFINEMENT_FINAL_SEAL.md","file:///E:/keyboard-manager-clean/uaos-ai-factory/parser-refinement-v171-v180/batch-v171-v180-parser-refinement/UAOS_BATCH_V171_V180_PARSER_REFINEMENT_FINAL_SEAL.md","543","2026-07-05T23:42:38"
"UAOS_V180_FINAL_SEAL.md","E:\keyboard-manager-clean\uaos-ai-factory\parser-refinement-v171-v180\v180_final_parser_refinement_seal\UAOS_V180_FINAL_SEAL.md","file:///E:/keyboard-manager-clean/uaos-ai-factory/parser-refinement-v171-v180/v180_final_parser_refinement_seal/UAOS_V180_FINAL_SEAL.md","543","2026-07-05T23:42:38"
"UAOS_RANK1_FIXTURE_READONLY_SCAN_FINAL_SEAL.md","E:\keyboard-manager-clean\uaos-ai-factory\fixture-rank1-readonly-scan-v161-v170\11_seal\UAOS_RANK1_FIXTURE_READONLY_SCAN_FINAL_SEAL.md","file:///E:/keyboard-manager-clean/uaos-ai-factory/fixture-rank1-readonly-scan-v161-v170/11_seal/UAOS_RANK1_FIXTURE_READONLY_SCAN_FINAL_SEAL.md","603","2026-07-05T23:35:32"
"UAOS_FIXTURE_SMART_NARROWING_FINAL_SEAL.md","E:\keyboard-manager-clean\uaos-ai-factory\fixture-smart-narrowing-v161-v170\seal\UAOS_FIXTURE_SMART_NARROWING_FINAL_SEAL.md","file:///E:/keyboard-manager-clean/uaos-ai-factory/fixture-smart-narrowing-v161-v170/seal/UAOS_FIXTURE_SMART_NARROWING_FINAL_SEAL.md","543","2026-07-05T23:19:18"
"UAOS_FIXTURE_AUTO_DISCOVERY_FINAL_SEAL.md","E:\keyboard-manager-clean\uaos-ai-factory\fixture-auto-discovery-v161-v170\09_seal\UAOS_FIXTURE_AUTO_DISCOVERY_FINAL_SEAL.md","file:///E:/keyboard-manager-clean/uaos-ai-factory/fixture-auto-discovery-v161-v170/09_seal/UAOS_FIXTURE_AUTO_DISCOVERY_FINAL_SEAL.md","505","2026-07-05T23:13:55"
"UAOS_FIXTURE_RESEARCH_V161_V170_FINAL_SEAL.md","E:\keyboard-manager-clean\uaos-ai-factory\fixture-research-v161-v170\seal\UAOS_FIXTURE_RESEARCH_V161_V170_FINAL_SEAL.md","file:///E:/keyboard-manager-clean/uaos-ai-factory/fixture-research-v161-v170/seal/UAOS_FIXTURE_RESEARCH_V161_V170_FINAL_SEAL.md","461","2026-07-05T22:59:10"
"UAOS_V169_FIXTURE_RESEARCH_SEAL.md","E:\keyboard-manager-clean\uaos-ai-factory\fixture-research-v161-v170\v169_fixture_research_seal\UAOS_V169_FIXTURE_RESEARCH_SEAL.md","file:///E:/keyboard-manager-clean/uaos-ai-factory/fixture-research-v161-v170/v169_fixture_research_seal/UAOS_V169_FIXTURE_RESEARCH_SEAL.md","214","2026-07-05T22:57:51"
"UAOS_BATCH_V161_V170_FIXTURE_RESEARCH_FINAL_SEAL.md","E:\keyboard-manager-clean\uaos-ai-factory\fixture-research-v161-v170\batch-v161-v170-fixture-research\UAOS_BATCH_V161_V170_FIXTURE_RESEARCH_FINAL_SEAL.md","file:///E:/keyboard-manager-clean/uaos-ai-factory/fixture-research-v161-v170/batch-v161-v170-fixture-research/UAOS_BATCH_V161_V170_FIXTURE_RESEARCH_FINAL_SEAL.md","95","2026-07-05T22:57:51"
"UAOS_V169_FIXTURE_RESEARCH_SEAL.json","E:\keyboard-manager-clean\uaos-ai-factory\fixture-research-v161-v170\v169_fixture_research_seal\UAOS_V169_FIXTURE_RESEARCH_SEAL.json","file:///E:/keyboard-manager-clean/uaos-ai-factory/fixture-research-v161-v170/v169_fixture_research_seal/UAOS_V169_FIXTURE_RESEARCH_SEAL.json","293","2026-07-05T22:57:51"
"UAOS_REAL_WRITER_ROADMAP_FINAL_SEAL.md","E:\keyboard-manager-clean\uaos-ai-factory\real-writer-roadmap-owner-gate\seal\UAOS_REAL_WRITER_ROADMAP_FINAL_SEAL.md","file:///E:/keyboard-manager-clean/uaos-ai-factory/real-writer-roadmap-owner-gate/seal/UAOS_REAL_WRITER_ROADMAP_FINAL_SEAL.md","407","2026-07-05T22:52:16"
"UAOS_OWNER_TEST_UI_CLEANUP_FINAL_SEAL.md","E:\keyboard-manager-clean\uaos-ai-factory\owner-test-ui-cleanup-evidence\seal\UAOS_OWNER_TEST_UI_CLEANUP_FINAL_SEAL.md","file:///E:/keyboard-manager-clean/uaos-ai-factory/owner-test-ui-cleanup-evidence/seal/UAOS_OWNER_TEST_UI_CLEANUP_FINAL_SEAL.md","417","2026-07-05T22:49:59"
"UAOS_OWNER_TEST_URL_FINALIZE_FINAL_SEAL.md","E:\keyboard-manager-clean\uaos-ai-factory\owner-test-url-finalize\seal\UAOS_OWNER_TEST_URL_FINALIZE_FINAL_SEAL.md","file:///E:/keyboard-manager-clean/uaos-ai-factory/owner-test-url-finalize/seal/UAOS_OWNER_TEST_URL_FINALIZE_FINAL_SEAL.md","380","2026-07-05T22:23:10"
"UAOS_OWNER_TEST_LAUNCHER_REPAIR_FINAL_SEAL.md","E:\keyboard-manager-clean\uaos-ai-factory\owner-test-launcher-repair\seal\UAOS_OWNER_TEST_LAUNCHER_REPAIR_FINAL_SEAL.md","file:///E:/keyboard-manager-clean/uaos-ai-factory/owner-test-launcher-repair/seal/UAOS_OWNER_TEST_LAUNCHER_REPAIR_FINAL_SEAL.md","479","2026-07-05T18:11:53"
"UAOS_OWNER_TEST_SETUP_AUTOMATION_FINAL_SEAL.md","E:\keyboard-manager-clean\uaos-ai-factory\owner-test-setup-automation\09_seal\UAOS_OWNER_TEST_SETUP_AUTOMATION_FINAL_SEAL.md","file:///E:/keyboard-manager-clean/uaos-ai-factory/owner-test-setup-automation/09_seal/UAOS_OWNER_TEST_SETUP_AUTOMATION_FINAL_SEAL.md","522","2026-07-05T13:44:52"
"UAOS_VERCEL_DEPLOY_STATUS_VERIFY_FINAL_SEAL.md","E:\keyboard-manager-clean\uaos-ai-factory\vercel-deploy-status-verify\seal\UAOS_VERCEL_DEPLOY_STATUS_VERIFY_FINAL_SEAL.md","file:///E:/keyboard-manager-clean/uaos-ai-factory/vercel-deploy-status-verify/seal/UAOS_VERCEL_DEPLOY_STATUS_VERIFY_FINAL_SEAL.md","425","2026-07-05T13:34:22"
"UAOS_VERCEL_DEPLOY_RETRY_SLIM_FINAL_SEAL.md","E:\keyboard-manager-clean\uaos-ai-factory\vercel-deploy-retry-slim\seal\UAOS_VERCEL_DEPLOY_RETRY_SLIM_FINAL_SEAL.md","file:///E:/keyboard-manager-clean/uaos-ai-factory/vercel-deploy-retry-slim/seal/UAOS_VERCEL_DEPLOY_RETRY_SLIM_FINAL_SEAL.md","542","2026-07-05T12:58:40"
"UAOS_VERCEL_SLIM_DEPLOY_PREP_FINAL_SEAL.md","E:\keyboard-manager-clean\uaos-ai-factory\vercel-slim-deploy-prep\seal\UAOS_VERCEL_SLIM_DEPLOY_PREP_FINAL_SEAL.md","file:///E:/keyboard-manager-clean/uaos-ai-factory/vercel-slim-deploy-prep/seal/UAOS_VERCEL_SLIM_DEPLOY_PREP_FINAL_SEAL.md","434","2026-07-05T11:27:05"
"UAOS_VERCEL_DEPLOY_RETRY_LINKED_FINAL_SEAL.md","E:\keyboard-manager-clean\uaos-ai-factory\vercel-deploy-retry-linked\seal\UAOS_VERCEL_DEPLOY_RETRY_LINKED_FINAL_SEAL.md","file:///E:/keyboard-manager-clean/uaos-ai-factory/vercel-deploy-retry-linked/seal/UAOS_VERCEL_DEPLOY_RETRY_LINKED_FINAL_SEAL.md","423","2026-07-05T10:52:23"
"UAOS_VERCEL_DEPLOY_LINK_REPAIR_FINAL_SEAL.md","E:\keyboard-manager-clean\uaos-ai-factory\vercel-deploy-link-repair\seal\UAOS_VERCEL_DEPLOY_LINK_REPAIR_FINAL_SEAL.md","file:///E:/keyboard-manager-clean/uaos-ai-factory/vercel-deploy-link-repair/seal/UAOS_VERCEL_DEPLOY_LINK_REPAIR_FINAL_SEAL.md","395","2026-07-05T10:38:10"
"UAOS_DEPLOY_ONLY_FINAL_SEAL.md","E:\keyboard-manager-clean\uaos-ai-factory\deploy-only-release\seal\UAOS_DEPLOY_ONLY_FINAL_SEAL.md","file:///E:/keyboard-manager-clean/uaos-ai-factory/deploy-only-release/seal/UAOS_DEPLOY_ONLY_FINAL_SEAL.md","448","2026-07-05T10:33:04"
"UAOS_GIT_PUSH_ONLY_FINAL_SEAL.md","E:\keyboard-manager-clean\uaos-ai-factory\git-push-only-release\seal\UAOS_GIT_PUSH_ONLY_FINAL_SEAL.md","file:///E:/keyboard-manager-clean/uaos-ai-factory/git-push-only-release/seal/UAOS_GIT_PUSH_ONLY_FINAL_SEAL.md","387","2026-07-05T10:24:23"
"UAOS_PUSH_DEPLOY_APPROVAL_GATE_FINAL_SEAL.md","E:\keyboard-manager-clean\uaos-ai-factory\push-deploy-approval-gate\seal\UAOS_PUSH_DEPLOY_APPROVAL_GATE_FINAL_SEAL.md","file:///E:/keyboard-manager-clean/uaos-ai-factory/push-deploy-approval-gate/seal/UAOS_PUSH_DEPLOY_APPROVAL_GATE_FINAL_SEAL.md","322","2026-07-05T10:12:16"
"UAOS_STYLE_RC_LOCAL_BROWSER_QA_FINAL_SEAL.md","E:\keyboard-manager-clean\uaos-ai-factory\style-rc-local-browser-qa\seal\UAOS_STYLE_RC_LOCAL_BROWSER_QA_FINAL_SEAL.md","file:///E:/keyboard-manager-clean/uaos-ai-factory/style-rc-local-browser-qa/seal/UAOS_STYLE_RC_LOCAL_BROWSER_QA_FINAL_SEAL.md","359","2026-07-05T10:03:07"
"UAOS_STYLE_RC_DEEP_UI_INTEGRATION_FINAL_SEAL.md","E:\keyboard-manager-clean\uaos-ai-factory\style-rc-deep-ui-integration\seal\UAOS_STYLE_RC_DEEP_UI_INTEGRATION_FINAL_SEAL.md","file:///E:/keyboard-manager-clean/uaos-ai-factory/style-rc-deep-ui-integration/seal/UAOS_STYLE_RC_DEEP_UI_INTEGRATION_FINAL_SEAL.md","342","2026-07-05T09:50:42"
"UAOS_OWNER_TEST_RESULT_CAPTURE_FINAL_SEAL.md","E:\keyboard-manager-clean\uaos-ai-factory\owner-test-result-capture\seal\UAOS_OWNER_TEST_RESULT_CAPTURE_FINAL_SEAL.md","file:///E:/keyboard-manager-clean/uaos-ai-factory/owner-test-result-capture/seal/UAOS_OWNER_TEST_RESULT_CAPTURE_FINAL_SEAL.md","317","2026-07-05T09:46:54"
"UAOS_OWNER_HANDS_ON_TEST_FINAL_SEAL.md","E:\keyboard-manager-clean\uaos-ai-factory\owner-hands-on-test-pass\seal\UAOS_OWNER_HANDS_ON_TEST_FINAL_SEAL.md","file:///E:/keyboard-manager-clean/uaos-ai-factory/owner-hands-on-test-pass/seal/UAOS_OWNER_HANDS_ON_TEST_FINAL_SEAL.md","365","2026-07-05T09:43:11"
"UAOS_LOCAL_BROWSER_WALKTHROUGH_FINAL_SEAL.md","E:\keyboard-manager-clean\uaos-ai-factory\react-local-browser-walkthrough\seal\UAOS_LOCAL_BROWSER_WALKTHROUGH_FINAL_SEAL.md","file:///E:/keyboard-manager-clean/uaos-ai-factory/react-local-browser-walkthrough/seal/UAOS_LOCAL_BROWSER_WALKTHROUGH_FINAL_SEAL.md","365","2026-07-05T09:35:14"
"UAOS_OWNER_UI_REVIEW_POLISH_FINAL_SEAL.md","E:\keyboard-manager-clean\uaos-ai-factory\react-owner-ui-review-polish\seal\UAOS_OWNER_UI_REVIEW_POLISH_FINAL_SEAL.md","file:///E:/keyboard-manager-clean/uaos-ai-factory/react-owner-ui-review-polish/seal/UAOS_OWNER_UI_REVIEW_POLISH_FINAL_SEAL.md","288","2026-07-05T09:26:29"
"UAOS_REACT_APP_INTEGRATION_FINAL_SEAL.md","E:\keyboard-manager-clean\uaos-ai-factory\react-app-integration-relaxed-mode\seal\UAOS_REACT_APP_INTEGRATION_FINAL_SEAL.md","file:///E:/keyboard-manager-clean/uaos-ai-factory/react-app-integration-relaxed-mode/seal/UAOS_REACT_APP_INTEGRATION_FINAL_SEAL.md","419","2026-07-05T09:17:08"
"UAOS_RELAXED_PRODUCT_MODE_FINAL_SEAL.md","E:\keyboard-manager-clean\uaos-ai-factory\UAOS_RELAXED_PRODUCT_MODE_FINAL_SEAL.md","file:///E:/keyboard-manager-clean/uaos-ai-factory/UAOS_RELAXED_PRODUCT_MODE_FINAL_SEAL.md","472","2026-07-05T09:06:00"
"UAOS_BATCH_V151_V160_READONLY_PARSER_FINAL_SEAL.md","E:\keyboard-manager-clean\uaos-ai-factory\korg-readonly-parser-scaffold\batch-v151-v160-readonly-parser-scaffold\UAOS_BATCH_V151_V160_READONLY_PARSER_FINAL_SEAL.md","file:///E:/keyboard-manager-clean/uaos-ai-factory/korg-readonly-parser-scaffold/batch-v151-v160-readonly-parser-scaffold/UAOS_BATCH_V151_V160_READONLY_PARSER_FINAL_SEAL.md","634","2026-07-05T08:54:51"
"UAOS_V160_FINAL_SEAL.md","E:\keyboard-manager-clean\uaos-ai-factory\korg-readonly-parser-scaffold\v160_final_parser_scaffold_seal\UAOS_V160_FINAL_SEAL.md","file:///E:/keyboard-manager-clean/uaos-ai-factory/korg-readonly-parser-scaffold/v160_final_parser_scaffold_seal/UAOS_V160_FINAL_SEAL.md","634","2026-07-05T08:54:51"
"UAOS_READONLY_PARSER_SCAFFOLD_FINAL_SEAL.md","E:\keyboard-manager-clean\uaos-ai-factory\korg-readonly-parser-scaffold\seal\UAOS_READONLY_PARSER_SCAFFOLD_FINAL_SEAL.md","file:///E:/keyboard-manager-clean/uaos-ai-factory/korg-readonly-parser-scaffold/seal/UAOS_READONLY_PARSER_SCAFFOLD_FINAL_SEAL.md","634","2026-07-05T08:54:51"
"UAOS_SUPER_AGENT_LAUNCHER_FINAL_SEAL.md","E:\keyboard-manager-clean\uaos-ai-factory\super-agent-launcher-v151-v200\10_seal\UAOS_SUPER_AGENT_LAUNCHER_FINAL_SEAL.md","file:///E:/keyboard-manager-clean/uaos-ai-factory/super-agent-launcher-v151-v200/10_seal/UAOS_SUPER_AGENT_LAUNCHER_FINAL_SEAL.md","617","2026-07-05T08:45:12"
"UAOS_KORG_READONLY_RESEARCH_FINAL_SEAL.md","E:\keyboard-manager-clean\uaos-ai-factory\korg-readonly-research-gate\seal\UAOS_KORG_READONLY_RESEARCH_FINAL_SEAL.md","file:///E:/keyboard-manager-clean/uaos-ai-factory/korg-readonly-research-gate/seal/UAOS_KORG_READONLY_RESEARCH_FINAL_SEAL.md","579","2026-07-05T08:34:23"
"UAOS_BATCH_V141_V150_KORG_READONLY_RESEARCH_FINAL_SEAL.md","E:\keyboard-manager-clean\uaos-ai-factory\korg-readonly-research-gate\batch-v141-v150-korg-readonly-research\UAOS_BATCH_V141_V150_KORG_READONLY_RESEARCH_FINAL_SEAL.md","file:///E:/keyboard-manager-clean/uaos-ai-factory/korg-readonly-research-gate/batch-v141-v150-korg-readonly-research/UAOS_BATCH_V141_V150_KORG_READONLY_RESEARCH_FINAL_SEAL.md","579","2026-07-05T08:34:23"
"UAOS_V150_FINAL_SEAL.md","E:\keyboard-manager-clean\uaos-ai-factory\korg-readonly-research-gate\v150_final_research_gate_seal\UAOS_V150_FINAL_SEAL.md","file:///E:/keyboard-manager-clean/uaos-ai-factory/korg-readonly-research-gate/v150_final_research_gate_seal/UAOS_V150_FINAL_SEAL.md","579","2026-07-05T08:34:23"
"UAOS_V140_FINAL_SEAL.md","E:\keyboard-manager-clean\uaos-ai-factory\style-package-rc\v140_final_rc_seal\UAOS_V140_FINAL_SEAL.md","file:///E:/keyboard-manager-clean/uaos-ai-factory/style-package-rc/v140_final_rc_seal/UAOS_V140_FINAL_SEAL.md","607","2026-07-05T08:28:35"
"UAOS_STYLE_PACKAGE_RC_FINAL_SEAL.md","E:\keyboard-manager-clean\uaos-ai-factory\style-package-rc\seal\UAOS_STYLE_PACKAGE_RC_FINAL_SEAL.md","file:///E:/keyboard-manager-clean/uaos-ai-factory/style-package-rc/seal/UAOS_STYLE_PACKAGE_RC_FINAL_SEAL.md","607","2026-07-05T08:28:35"
"UAOS_BATCH_V131_V140_STYLE_PACKAGE_RC_FINAL_SEAL.md","E:\keyboard-manager-clean\uaos-ai-factory\style-package-rc\batch-v131-v140-style-package-rc\UAOS_BATCH_V131_V140_STYLE_PACKAGE_RC_FINAL_SEAL.md","file:///E:/keyboard-manager-clean/uaos-ai-factory/style-package-rc/batch-v131-v140-style-package-rc/UAOS_BATCH_V131_V140_STYLE_PACKAGE_RC_FINAL_SEAL.md","607","2026-07-05T08:28:35"
"UAOS_V130_FINAL_SEAL.md","E:\keyboard-manager-clean\uaos-ai-factory\style-midi-sync-track\v130_final_sync_seal\UAOS_V130_FINAL_SEAL.md","file:///E:/keyboard-manager-clean/uaos-ai-factory/style-midi-sync-track/v130_final_sync_seal/UAOS_V130_FINAL_SEAL.md","541","2026-07-05T08:23:53"
"UAOS_STYLE_MIDI_SYNC_FINAL_SEAL.md","E:\keyboard-manager-clean\uaos-ai-factory\style-midi-sync-track\seal\UAOS_STYLE_MIDI_SYNC_FINAL_SEAL.md","file:///E:/keyboard-manager-clean/uaos-ai-factory/style-midi-sync-track/seal/UAOS_STYLE_MIDI_SYNC_FINAL_SEAL.md","541","2026-07-05T08:23:53"
"UAOS_BATCH_V121_V130_STYLE_MIDI_SYNC_FINAL_SEAL.md","E:\keyboard-manager-clean\uaos-ai-factory\style-midi-sync-track\batch-v121-v130-style-midi-sync\UAOS_BATCH_V121_V130_STYLE_MIDI_SYNC_FINAL_SEAL.md","file:///E:/keyboard-manager-clean/uaos-ai-factory/style-midi-sync-track/batch-v121-v130-style-midi-sync/UAOS_BATCH_V121_V130_STYLE_MIDI_SYNC_FINAL_SEAL.md","541","2026-07-05T08:23:53"
"UAOS_V120_FINAL_SEAL.md","E:\keyboard-manager-clean\uaos-ai-factory\style-export-track-v2\v120_final_style_package_v2_seal\UAOS_V120_FINAL_SEAL.md","file:///E:/keyboard-manager-clean/uaos-ai-factory/style-export-track-v2/v120_final_style_package_v2_seal/UAOS_V120_FINAL_SEAL.md","609","2026-07-05T08:18:43"
"UAOS_STYLE_PACKAGE_V2_FINAL_SEAL.md","E:\keyboard-manager-clean\uaos-ai-factory\style-export-track-v2\seal\UAOS_STYLE_PACKAGE_V2_FINAL_SEAL.md","file:///E:/keyboard-manager-clean/uaos-ai-factory/style-export-track-v2/seal/UAOS_STYLE_PACKAGE_V2_FINAL_SEAL.md","609","2026-07-05T08:18:43"
"UAOS_BATCH_V111_V120_STYLE_PACKAGE_V2_FINAL_SEAL.md","E:\keyboard-manager-clean\uaos-ai-factory\style-export-track-v2\batch-v111-v120-style-package-v2\UAOS_BATCH_V111_V120_STYLE_PACKAGE_V2_FINAL_SEAL.md","file:///E:/keyboard-manager-clean/uaos-ai-factory/style-export-track-v2/batch-v111-v120-style-package-v2/UAOS_BATCH_V111_V120_STYLE_PACKAGE_V2_FINAL_SEAL.md","609","2026-07-05T08:18:43"
"UAOS_STYLE_EXPORT_FOUNDATION_FINAL_SEAL.md","E:\keyboard-manager-clean\uaos-ai-factory\style-export-track\seal\UAOS_STYLE_EXPORT_FOUNDATION_FINAL_SEAL.md","file:///E:/keyboard-manager-clean/uaos-ai-factory/style-export-track/seal/UAOS_STYLE_EXPORT_FOUNDATION_FINAL_SEAL.md","529","2026-07-05T08:13:03"
"UAOS_V110_FINAL_SEAL.md","E:\keyboard-manager-clean\uaos-ai-factory\style-export-track\v110_final_style_export_foundation_seal\UAOS_V110_FINAL_SEAL.md","file:///E:/keyboard-manager-clean/uaos-ai-factory/style-export-track/v110_final_style_export_foundation_seal/UAOS_V110_FINAL_SEAL.md","510","2026-07-05T08:13:03"
"UAOS_BATCH_V101_V110_STYLE_EXPORT_FOUNDATION_FINAL_SEAL.md","E:\keyboard-manager-clean\uaos-ai-factory\style-export-track\batch-v101-v110-style-export-foundation\UAOS_BATCH_V101_V110_STYLE_EXPORT_FOUNDATION_FINAL_SEAL.md","file:///E:/keyboard-manager-clean/uaos-ai-factory/style-export-track/batch-v101-v110-style-export-foundation/UAOS_BATCH_V101_V110_STYLE_EXPORT_FOUNDATION_FINAL_SEAL.md","510","2026-07-05T08:13:03"
"UAOS_FINAL_LOCAL_OWNER_PROGRAM_V2_FINAL_SEAL.md","E:\keyboard-manager-clean\uaos-ai-factory\UAOS_FINAL_LOCAL_OWNER_PROGRAM_V2\_package\UAOS_FINAL_LOCAL_OWNER_PROGRAM_V2_PACKAGE_CONTENTS\15_seal\UAOS_FINAL_LOCAL_OWNER_PROGRAM_V2_FINAL_SEAL.md","file:///E:/keyboard-manager-clean/uaos-ai-factory/UAOS_FINAL_LOCAL_OWNER_PROGRAM_V2/_package/UAOS_FINAL_LOCAL_OWNER_PROGRAM_V2_PACKAGE_CONTENTS/15_seal/UAOS_FINAL_LOCAL_OWNER_PROGRAM_V2_FINAL_SEAL.md","837","2026-07-05T08:01:47"
"UAOS_FINAL_LOCAL_OWNER_PROGRAM_V2_FINAL_SEAL.md","E:\keyboard-manager-clean\uaos-ai-factory\UAOS_FINAL_LOCAL_OWNER_PROGRAM_V2\15_seal\UAOS_FINAL_LOCAL_OWNER_PROGRAM_V2_FINAL_SEAL.md","file:///E:/keyboard-manager-clean/uaos-ai-factory/UAOS_FINAL_LOCAL_OWNER_PROGRAM_V2/15_seal/UAOS_FINAL_LOCAL_OWNER_PROGRAM_V2_FINAL_SEAL.md","837","2026-07-05T08:01:47"
"UAOS_PRIORITY_LIBRARY_MIDI_TEST_FINAL_SEAL.md","E:\keyboard-manager-clean\uaos-ai-factory\priority-library-midi-test-arrangement\seal\UAOS_PRIORITY_LIBRARY_MIDI_TEST_FINAL_SEAL.md","file:///E:/keyboard-manager-clean/uaos-ai-factory/priority-library-midi-test-arrangement/seal/UAOS_PRIORITY_LIBRARY_MIDI_TEST_FINAL_SEAL.md","605","2026-07-05T07:57:41"
"UAOS_SOUND_LIBRARY_PRIORITY_REFINEMENT_FINAL_SEAL.md","E:\keyboard-manager-clean\uaos-ai-factory\sound-library-priority-refinement\seal\UAOS_SOUND_LIBRARY_PRIORITY_REFINEMENT_FINAL_SEAL.md","file:///E:/keyboard-manager-clean/uaos-ai-factory/sound-library-priority-refinement/seal/UAOS_SOUND_LIBRARY_PRIORITY_REFINEMENT_FINAL_SEAL.md","491","2026-07-05T07:46:25"
"UAOS_SOUND_LIBRARY_FACTORY_NIGHT_RUN_FINAL_SEAL.md","E:\keyboard-manager-clean\uaos-ai-factory\sound-library-factory-night-run\seal\UAOS_SOUND_LIBRARY_FACTORY_NIGHT_RUN_FINAL_SEAL.md","file:///E:/keyboard-manager-clean/uaos-ai-factory/sound-library-factory-night-run/seal/UAOS_SOUND_LIBRARY_FACTORY_NIGHT_RUN_FINAL_SEAL.md","545","2026-07-05T07:35:05"
"UAOS_V96_FINAL_SEAL.md","E:\keyboard-manager-clean\uaos-ai-factory\metadata-project-generator\v96\seal\UAOS_V96_FINAL_SEAL.md","file:///E:/keyboard-manager-clean/uaos-ai-factory/metadata-project-generator/v96/seal/UAOS_V96_FINAL_SEAL.md","242","2026-07-05T01:29:07"
"UAOS_V98_FINAL_SEAL.md","E:\keyboard-manager-clean\uaos-ai-factory\metadata-project-generator\v98\seal\UAOS_V98_FINAL_SEAL.md","file:///E:/keyboard-manager-clean/uaos-ai-factory/metadata-project-generator/v98/seal/UAOS_V98_FINAL_SEAL.md","242","2026-07-05T01:29:07"
"UAOS_V99_FINAL_SEAL.md","E:\keyboard-manager-clean\uaos-ai-factory\metadata-project-generator\v99\seal\UAOS_V99_FINAL_SEAL.md","file:///E:/keyboard-manager-clean/uaos-ai-factory/metadata-project-generator/v99/seal/UAOS_V99_FINAL_SEAL.md","242","2026-07-05T01:29:07"
"UAOS_V97_FINAL_SEAL.md","E:\keyboard-manager-clean\uaos-ai-factory\metadata-project-generator\v97\seal\UAOS_V97_FINAL_SEAL.md","file:///E:/keyboard-manager-clean/uaos-ai-factory/metadata-project-generator/v97/seal/UAOS_V97_FINAL_SEAL.md","242","2026-07-05T01:29:07"
"UAOS_V100_FINAL_SEAL.md","E:\keyboard-manager-clean\uaos-ai-factory\metadata-project-generator\v100\seal\UAOS_V100_FINAL_SEAL.md","file:///E:/keyboard-manager-clean/uaos-ai-factory/metadata-project-generator/v100/seal/UAOS_V100_FINAL_SEAL.md","244","2026-07-05T01:29:07"
"UAOS_BATCH_V96_V100_MIDI_QUALITY_PREP_FINAL_SEAL.md","E:\keyboard-manager-clean\uaos-ai-factory\metadata-project-generator\batch-v96-v100-midi-quality-prep\UAOS_BATCH_V96_V100_MIDI_QUALITY_PREP_FINAL_SEAL.md","file:///E:/keyboard-manager-clean/uaos-ai-factory/metadata-project-generator/batch-v96-v100-midi-quality-prep/UAOS_BATCH_V96_V100_MIDI_QUALITY_PREP_FINAL_SEAL.md","506","2026-07-05T01:29:07"
"UAOS_V92_FINAL_SEAL.md","E:\keyboard-manager-clean\uaos-ai-factory\metadata-project-generator\v92\seal\UAOS_V92_FINAL_SEAL.md","file:///E:/keyboard-manager-clean/uaos-ai-factory/metadata-project-generator/v92/seal/UAOS_V92_FINAL_SEAL.md","242","2026-07-04T23:46:17"
"UAOS_V94_FINAL_SEAL.md","E:\keyboard-manager-clean\uaos-ai-factory\metadata-project-generator\v94\seal\UAOS_V94_FINAL_SEAL.md","file:///E:/keyboard-manager-clean/uaos-ai-factory/metadata-project-generator/v94/seal/UAOS_V94_FINAL_SEAL.md","242","2026-07-04T23:46:17"
"UAOS_V93_FINAL_SEAL.md","E:\keyboard-manager-clean\uaos-ai-factory\metadata-project-generator\v93\seal\UAOS_V93_FINAL_SEAL.md","file:///E:/keyboard-manager-clean/uaos-ai-factory/metadata-project-generator/v93/seal/UAOS_V93_FINAL_SEAL.md","242","2026-07-04T23:46:17"
"UAOS_V95_FINAL_SEAL.md","E:\keyboard-manager-clean\uaos-ai-factory\metadata-project-generator\v95\seal\UAOS_V95_FINAL_SEAL.md","file:///E:/keyboard-manager-clean/uaos-ai-factory/metadata-project-generator/v95/seal/UAOS_V95_FINAL_SEAL.md","242","2026-07-04T23:46:17"
"UAOS_V91_FINAL_SEAL.md","E:\keyboard-manager-clean\uaos-ai-factory\metadata-project-generator\v91\seal\UAOS_V91_FINAL_SEAL.md","file:///E:/keyboard-manager-clean/uaos-ai-factory/metadata-project-generator/v91/seal/UAOS_V91_FINAL_SEAL.md","242","2026-07-04T23:46:17"
"UAOS_BATCH_V91_V95_DAW_TEST_FINAL_SEAL.md","E:\keyboard-manager-clean\uaos-ai-factory\metadata-project-generator\batch-v91-v95-daw-test-feedback\UAOS_BATCH_V91_V95_DAW_TEST_FINAL_SEAL.md","file:///E:/keyboard-manager-clean/uaos-ai-factory/metadata-project-generator/batch-v91-v95-daw-test-feedback/UAOS_BATCH_V91_V95_DAW_TEST_FINAL_SEAL.md","517","2026-07-04T23:46:17"
"UAOS_V87_FINAL_SEAL.md","E:\keyboard-manager-clean\uaos-ai-factory\metadata-project-generator\v87\seal\UAOS_V87_FINAL_SEAL.md","file:///E:/keyboard-manager-clean/uaos-ai-factory/metadata-project-generator/v87/seal/UAOS_V87_FINAL_SEAL.md","242","2026-07-04T23:26:57"
"UAOS_V89_FINAL_SEAL.md","E:\keyboard-manager-clean\uaos-ai-factory\metadata-project-generator\v89\seal\UAOS_V89_FINAL_SEAL.md","file:///E:/keyboard-manager-clean/uaos-ai-factory/metadata-project-generator/v89/seal/UAOS_V89_FINAL_SEAL.md","242","2026-07-04T23:26:57"
"UAOS_V90_FINAL_SEAL.md","E:\keyboard-manager-clean\uaos-ai-factory\metadata-project-generator\v90\seal\UAOS_V90_FINAL_SEAL.md","file:///E:/keyboard-manager-clean/uaos-ai-factory/metadata-project-generator/v90/seal/UAOS_V90_FINAL_SEAL.md","242","2026-07-04T23:26:57"
"UAOS_V86_FINAL_SEAL.md","E:\keyboard-manager-clean\uaos-ai-factory\metadata-project-generator\v86\seal\UAOS_V86_FINAL_SEAL.md","file:///E:/keyboard-manager-clean/uaos-ai-factory/metadata-project-generator/v86/seal/UAOS_V86_FINAL_SEAL.md","242","2026-07-04T23:26:57"
"UAOS_V88_FINAL_SEAL.md","E:\keyboard-manager-clean\uaos-ai-factory\metadata-project-generator\v88\seal\UAOS_V88_FINAL_SEAL.md","file:///E:/keyboard-manager-clean/uaos-ai-factory/metadata-project-generator/v88/seal/UAOS_V88_FINAL_SEAL.md","242","2026-07-04T23:26:57"
"UAOS_BATCH_V86_V90_FINAL_LOCAL_TRIAL_FINAL_SEAL.md","E:\keyboard-manager-clean\uaos-ai-factory\metadata-project-generator\batch-v86-v90-final-local-trial\UAOS_BATCH_V86_V90_FINAL_LOCAL_TRIAL_FINAL_SEAL.md","file:///E:/keyboard-manager-clean/uaos-ai-factory/metadata-project-generator/batch-v86-v90-final-local-trial/UAOS_BATCH_V86_V90_FINAL_LOCAL_TRIAL_FINAL_SEAL.md","545","2026-07-04T23:26:57"
"UAOS_V81_FINAL_SEAL.md","E:\keyboard-manager-clean\uaos-ai-factory\metadata-project-generator\v81\seal\UAOS_V81_FINAL_SEAL.md","file:///E:/keyboard-manager-clean/uaos-ai-factory/metadata-project-generator/v81/seal/UAOS_V81_FINAL_SEAL.md","242","2026-07-04T22:54:15"
"UAOS_V85_FINAL_SEAL.md","E:\keyboard-manager-clean\uaos-ai-factory\metadata-project-generator\v85\seal\UAOS_V85_FINAL_SEAL.md","file:///E:/keyboard-manager-clean/uaos-ai-factory/metadata-project-generator/v85/seal/UAOS_V85_FINAL_SEAL.md","242","2026-07-04T22:54:15"
"UAOS_V84_FINAL_SEAL.md","E:\keyboard-manager-clean\uaos-ai-factory\metadata-project-generator\v84\seal\UAOS_V84_FINAL_SEAL.md","file:///E:/keyboard-manager-clean/uaos-ai-factory/metadata-project-generator/v84/seal/UAOS_V84_FINAL_SEAL.md","242","2026-07-04T22:54:15"
"UAOS_V82_FINAL_SEAL.md","E:\keyboard-manager-clean\uaos-ai-factory\metadata-project-generator\v82\seal\UAOS_V82_FINAL_SEAL.md","file:///E:/keyboard-manager-clean/uaos-ai-factory/metadata-project-generator/v82/seal/UAOS_V82_FINAL_SEAL.md","242","2026-07-04T22:54:15"
"UAOS_V83_FINAL_SEAL.md","E:\keyboard-manager-clean\uaos-ai-factory\metadata-project-generator\v83\seal\UAOS_V83_FINAL_SEAL.md","file:///E:/keyboard-manager-clean/uaos-ai-factory/metadata-project-generator/v83/seal/UAOS_V83_FINAL_SEAL.md","242","2026-07-04T22:54:15"
"UAOS_BATCH_V81_V85_MIDI_UPGRADE_FINAL_SEAL.md","E:\keyboard-manager-clean\uaos-ai-factory\metadata-project-generator\batch-v81-v85-midi-upgrade\UAOS_BATCH_V81_V85_MIDI_UPGRADE_FINAL_SEAL.md","file:///E:/keyboard-manager-clean/uaos-ai-factory/metadata-project-generator/batch-v81-v85-midi-upgrade/UAOS_BATCH_V81_V85_MIDI_UPGRADE_FINAL_SEAL.md","500","2026-07-04T22:54:15"
"UAOS_V78_FINAL_SEAL.md","E:\keyboard-manager-clean\uaos-ai-factory\metadata-project-generator\v78\seal\UAOS_V78_FINAL_SEAL.md","file:///E:/keyboard-manager-clean/uaos-ai-factory/metadata-project-generator/v78/seal/UAOS_V78_FINAL_SEAL.md","265","2026-07-04T22:46:40"
"UAOS_V77_FINAL_SEAL.md","E:\keyboard-manager-clean\uaos-ai-factory\metadata-project-generator\v77\seal\UAOS_V77_FINAL_SEAL.md","file:///E:/keyboard-manager-clean/uaos-ai-factory/metadata-project-generator/v77/seal/UAOS_V77_FINAL_SEAL.md","256","2026-07-04T22:46:40"
"UAOS_V76_FINAL_SEAL.md","E:\keyboard-manager-clean\uaos-ai-factory\metadata-project-generator\v76\seal\UAOS_V76_FINAL_SEAL.md","file:///E:/keyboard-manager-clean/uaos-ai-factory/metadata-project-generator/v76/seal/UAOS_V76_FINAL_SEAL.md","252","2026-07-04T22:46:40"
"UAOS_V79_FINAL_SEAL.md","E:\keyboard-manager-clean\uaos-ai-factory\metadata-project-generator\v79\seal\UAOS_V79_FINAL_SEAL.md","file:///E:/keyboard-manager-clean/uaos-ai-factory/metadata-project-generator/v79/seal/UAOS_V79_FINAL_SEAL.md","259","2026-07-04T22:46:40"
"UAOS_V80_FINAL_SEAL.md","E:\keyboard-manager-clean\uaos-ai-factory\metadata-project-generator\v80\seal\UAOS_V80_FINAL_SEAL.md","file:///E:/keyboard-manager-clean/uaos-ai-factory/metadata-project-generator/v80/seal/UAOS_V80_FINAL_SEAL.md","411","2026-07-04T22:46:40"
"UAOS_BATCH_V76_V80_LOCAL_RC_FINAL_SEAL.md","E:\keyboard-manager-clean\uaos-ai-factory\metadata-project-generator\batch-v76-v80-local-rc\UAOS_BATCH_V76_V80_LOCAL_RC_FINAL_SEAL.md","file:///E:/keyboard-manager-clean/uaos-ai-factory/metadata-project-generator/batch-v76-v80-local-rc/UAOS_BATCH_V76_V80_LOCAL_RC_FINAL_SEAL.md","509","2026-07-04T22:45:34"
"UAOS_BATCH_V74_V75_FINAL_SEAL.md","E:\keyboard-manager-clean\uaos-ai-factory\metadata-project-generator\batch-v74-v75-export-preview\UAOS_BATCH_V74_V75_FINAL_SEAL.md","file:///E:/keyboard-manager-clean/uaos-ai-factory/metadata-project-generator/batch-v74-v75-export-preview/UAOS_BATCH_V74_V75_FINAL_SEAL.md","417","2026-07-04T22:36:28"
"UAOS_V74_FINAL_SEAL.md","E:\keyboard-manager-clean\uaos-ai-factory\metadata-project-generator\v74\seal\UAOS_V74_FINAL_SEAL.md","file:///E:/keyboard-manager-clean/uaos-ai-factory/metadata-project-generator/v74/seal/UAOS_V74_FINAL_SEAL.md","379","2026-07-04T22:36:28"
"UAOS_V75_FINAL_SEAL.md","E:\keyboard-manager-clean\uaos-ai-factory\metadata-project-generator\v75\seal\UAOS_V75_FINAL_SEAL.md","file:///E:/keyboard-manager-clean/uaos-ai-factory/metadata-project-generator/v75/seal/UAOS_V75_FINAL_SEAL.md","403","2026-07-04T22:36:28"
"UAOS_BATCH_V71_V73_REAL_EXPORT_FINAL_SEAL.md","E:\keyboard-manager-clean\uaos-ai-factory\metadata-project-generator\batch-v71-v73-real-export\UAOS_BATCH_V71_V73_REAL_EXPORT_FINAL_SEAL.md","file:///E:/keyboard-manager-clean/uaos-ai-factory/metadata-project-generator/batch-v71-v73-real-export/UAOS_BATCH_V71_V73_REAL_EXPORT_FINAL_SEAL.md","512","2026-07-04T22:06:44"
"UAOS_V73_FINAL_SEAL.md","E:\keyboard-manager-clean\uaos-ai-factory\metadata-project-generator\v73\seal\UAOS_V73_FINAL_SEAL.md","file:///E:/keyboard-manager-clean/uaos-ai-factory/metadata-project-generator/v73/seal/UAOS_V73_FINAL_SEAL.md","303","2026-07-04T22:05:29"
"UAOS_V71_FINAL_SEAL.md","E:\keyboard-manager-clean\uaos-ai-factory\metadata-project-generator\v71\seal\UAOS_V71_FINAL_SEAL.md","file:///E:/keyboard-manager-clean/uaos-ai-factory/metadata-project-generator/v71/seal/UAOS_V71_FINAL_SEAL.md","259","2026-07-04T22:04:32"
"UAOS_V72_FINAL_SEAL.md","E:\keyboard-manager-clean\uaos-ai-factory\metadata-project-generator\v72\seal\UAOS_V72_FINAL_SEAL.md","file:///E:/keyboard-manager-clean/uaos-ai-factory/metadata-project-generator/v72/seal/UAOS_V72_FINAL_SEAL.md","266","2026-07-04T22:04:32"
"UAOS_REAL_EXPORT_TRACK_GATE_FINAL_SEAL.md","E:\keyboard-manager-clean\uaos-ai-factory\metadata-project-generator\real-export-track-gate\seal\UAOS_REAL_EXPORT_TRACK_GATE_FINAL_SEAL.md","file:///E:/keyboard-manager-clean/uaos-ai-factory/metadata-project-generator/real-export-track-gate/seal/UAOS_REAL_EXPORT_TRACK_GATE_FINAL_SEAL.md","511","2026-07-04T21:56:02"
"UAOS_BATCH_V66_V70_FINAL_SEAL.md","E:\keyboard-manager-clean\uaos-ai-factory\metadata-project-generator\batch-v66-v70\UAOS_BATCH_V66_V70_FINAL_SEAL.md","file:///E:/keyboard-manager-clean/uaos-ai-factory/metadata-project-generator/batch-v66-v70/UAOS_BATCH_V66_V70_FINAL_SEAL.md","469","2026-07-04T21:45:59"
"UAOS_V67_FINAL_SEAL.md","E:\keyboard-manager-clean\uaos-ai-factory\metadata-project-generator\v67\seal\UAOS_V67_FINAL_SEAL.md","file:///E:/keyboard-manager-clean/uaos-ai-factory/metadata-project-generator/v67/seal/UAOS_V67_FINAL_SEAL.md","268","2026-07-04T21:44:57"
"UAOS_V68_FINAL_SEAL.md","E:\keyboard-manager-clean\uaos-ai-factory\metadata-project-generator\v68\seal\UAOS_V68_FINAL_SEAL.md","file:///E:/keyboard-manager-clean/uaos-ai-factory/metadata-project-generator/v68/seal/UAOS_V68_FINAL_SEAL.md","242","2026-07-04T21:44:57"
"UAOS_V69_FINAL_SEAL.md","E:\keyboard-manager-clean\uaos-ai-factory\metadata-project-generator\v69\seal\UAOS_V69_FINAL_SEAL.md","file:///E:/keyboard-manager-clean/uaos-ai-factory/metadata-project-generator/v69/seal/UAOS_V69_FINAL_SEAL.md","245","2026-07-04T21:44:57"
"UAOS_V66_FINAL_SEAL.md","E:\keyboard-manager-clean\uaos-ai-factory\metadata-project-generator\v66\seal\UAOS_V66_FINAL_SEAL.md","file:///E:/keyboard-manager-clean/uaos-ai-factory/metadata-project-generator/v66/seal/UAOS_V66_FINAL_SEAL.md","254","2026-07-04T21:44:57"
"UAOS_V70_FINAL_SEAL.md","E:\keyboard-manager-clean\uaos-ai-factory\metadata-project-generator\v70\seal\UAOS_V70_FINAL_SEAL.md","file:///E:/keyboard-manager-clean/uaos-ai-factory/metadata-project-generator/v70/seal/UAOS_V70_FINAL_SEAL.md","254","2026-07-04T21:44:57"
"UAOS_BATCH_V61_V65_FINAL_SEAL.md","E:\keyboard-manager-clean\uaos-ai-factory\metadata-project-generator\batch-v61-v65\UAOS_BATCH_V61_V65_FINAL_SEAL.md","file:///E:/keyboard-manager-clean/uaos-ai-factory/metadata-project-generator/batch-v61-v65/UAOS_BATCH_V61_V65_FINAL_SEAL.md","434","2026-07-04T21:39:15"
"UAOS_MASTER_LOCAL_PROGRAM_HUB_FINAL_SEAL.md","E:\keyboard-manager-clean\uaos-ai-factory\metadata-project-generator\master-local-program-hub\seal\UAOS_MASTER_LOCAL_PROGRAM_HUB_FINAL_SEAL.md","file:///E:/keyboard-manager-clean/uaos-ai-factory/metadata-project-generator/master-local-program-hub/seal/UAOS_MASTER_LOCAL_PROGRAM_HUB_FINAL_SEAL.md","526","2026-07-04T21:38:53"
"UAOS_V62_FINAL_SEAL.md","E:\keyboard-manager-clean\uaos-ai-factory\metadata-project-generator\v62\seal\UAOS_V62_FINAL_SEAL.md","file:///E:/keyboard-manager-clean/uaos-ai-factory/metadata-project-generator/v62/seal/UAOS_V62_FINAL_SEAL.md","179","2026-07-04T21:38:03"
"UAOS_V61_BATCH_FINAL_SEAL.md","E:\keyboard-manager-clean\uaos-ai-factory\metadata-project-generator\v61\seal\UAOS_V61_BATCH_FINAL_SEAL.md","file:///E:/keyboard-manager-clean/uaos-ai-factory/metadata-project-generator/v61/seal/UAOS_V61_BATCH_FINAL_SEAL.md","288","2026-07-04T21:38:03"
"UAOS_V63_FINAL_SEAL.md","E:\keyboard-manager-clean\uaos-ai-factory\metadata-project-generator\v63\seal\UAOS_V63_FINAL_SEAL.md","file:///E:/keyboard-manager-clean/uaos-ai-factory/metadata-project-generator/v63/seal/UAOS_V63_FINAL_SEAL.md","179","2026-07-04T21:38:03"
"UAOS_V65_FINAL_SEAL.md","E:\keyboard-manager-clean\uaos-ai-factory\metadata-project-generator\v65\seal\UAOS_V65_FINAL_SEAL.md","file:///E:/keyboard-manager-clean/uaos-ai-factory/metadata-project-generator/v65/seal/UAOS_V65_FINAL_SEAL.md","212","2026-07-04T21:38:03"
"UAOS_V64_FINAL_SEAL.md","E:\keyboard-manager-clean\uaos-ai-factory\metadata-project-generator\v64\seal\UAOS_V64_FINAL_SEAL.md","file:///E:/keyboard-manager-clean/uaos-ai-factory/metadata-project-generator/v64/seal/UAOS_V64_FINAL_SEAL.md","179","2026-07-04T21:38:03"
"UAOS_PRODUCT_SURFACE_FACTORY_FINAL_SEAL.md","E:\keyboard-manager-clean\uaos-ai-factory\metadata-project-generator\product-surface-factory\seal\UAOS_PRODUCT_SURFACE_FACTORY_FINAL_SEAL.md","file:///E:/keyboard-manager-clean/uaos-ai-factory/metadata-project-generator/product-surface-factory/seal/UAOS_PRODUCT_SURFACE_FACTORY_FINAL_SEAL.md","565","2026-07-04T21:27:24"
