"file_name","source_path","extension","bytes","sha256","group","extractability","next_action","reason","priority","can_copy_now","can_parse_now","needs_hardware_test","safety_status"
"USER01.PCG","E:\UAOS_OPEN_LIBRARY_SOURCE\pa3x\rahm pa3x.SET\rahm pa3x.SET\SOUND\USER01.PCG",".pcg","17841","2F9D19650851DD7632728671076389C30A825B3EBB3707F08A9A1403EA5EFD98","PCG_PROGRAM_BANK","PROGRAM_METADATA_CANDIDATE","V1719_PROGRAM_METADATA_READER","Program bank metadata candidate.","80","False","False","True","NO_BINARY_OUTPUT_METADATA_ONLY"
"USER01.PCG","E:\UAOS_OPEN_LIBRARY_SOURCE\pa3x\3xxxxx.SET\3xxxxx.SET\SOUND\USER01.PCG",".pcg","26795","15B65E361DC7A7A78C9073984C32D415A3BF2C46B60C1BAECC019100D0AB10A0","PCG_PROGRAM_BANK","PROGRAM_METADATA_CANDIDATE","V1719_PROGRAM_METADATA_READER","Program bank metadata candidate.","80","False","False","True","NO_BINARY_OUTPUT_METADATA_ONLY"
"USER01.PCG","E:\UAOS_OPEN_LIBRARY_SOURCE\pa3x\omar44.SET\omar44.SET\SOUND\USER01.PCG",".pcg","47156","3F03EF7696EE484331C14ED936C93F2C3CBF47D36031DB2FFE6BE940D81A506F","PCG_PROGRAM_BANK","PROGRAM_METADATA_CANDIDATE","V1719_PROGRAM_METADATA_READER","Program bank metadata candidate.","80","False","False","True","NO_BINARY_OUTPUT_METADATA_ONLY"
"USER01.PCG","E:\UAOS_OPEN_LIBRARY_SOURCE\pa3x\2020 pa1000 pa4x.SET\2020 pa1000 pa4x.SET\SOUND\USER01.PCG",".pcg","39434","2BD863F53D1E723B474EF22F7F3CDCC5F7CB7CF6441AE159D9C8B2BDEBD82DE1","PCG_PROGRAM_BANK","PROGRAM_METADATA_CANDIDATE","V1719_PROGRAM_METADATA_READER","Program bank metadata candidate.","80","False","False","True","NO_BINARY_OUTPUT_METADATA_ONLY"
"USER01.PCG","E:\UAOS_OPEN_LIBRARY_SOURCE\pa3x\‏‏RoTaNa(1) pa3x.SET - نسخة\tareq pa3x.SET\SOUND\USER01.PCG",".pcg","26544","D564275805B3ECF21C31D3835E1B3C76CC4192C160FF22DDE9EB4BF118984B4D","PCG_PROGRAM_BANK","PROGRAM_METADATA_CANDIDATE","V1719_PROGRAM_METADATA_READER","Program bank metadata candidate.","80","False","False","True","NO_BINARY_OUTPUT_METADATA_ONLY"
"USER01.PCG","E:\UAOS_OPEN_LIBRARY_SOURCE\pa3x\SUPER4X.3X ASLY2018.SET\SUPER4X.3X ASLY2018.SET\SOUND\USER01.PCG",".pcg","28425","DD099D408D5A776732C8E4A25F364CA7BA539A4A62E011104E4854C6C10A57ED","PCG_PROGRAM_BANK","PROGRAM_METADATA_CANDIDATE","V1719_PROGRAM_METADATA_READER","Program bank metadata candidate.","80","False","False","True","NO_BINARY_OUTPUT_METADATA_ONLY"
"USER01.PCG","E:\UAOS_OPEN_LIBRARY_SOURCE\pa3x\a1111.SET\a1111.SET\SOUND\USER01.PCG",".pcg","50172","A8890759207E8022E7396D2162082C68895CAAEB49451DB9494C1E85BF9AEE14","PCG_PROGRAM_BANK","PROGRAM_METADATA_CANDIDATE","V1719_PROGRAM_METADATA_READER","Program bank metadata candidate.","80","False","False","True","NO_BINARY_OUTPUT_METADATA_ONLY"
"USER01.PCG","E:\UAOS_OPEN_LIBRARY_SOURCE\pa3x\RoTaNa(1) pa3x.SET\tareq pa3x.SET\SOUND\USER01.PCG",".pcg","26544","D564275805B3ECF21C31D3835E1B3C76CC4192C160FF22DDE9EB4BF118984B4D","PCG_PROGRAM_BANK","PROGRAM_METADATA_CANDIDATE","V1719_PROGRAM_METADATA_READER","Program bank metadata candidate.","80","False","False","True","NO_BINARY_OUTPUT_METADATA_ONLY"
"USER01.PCG","E:\UAOS_OPEN_LIBRARY_SOURCE\pa3x\ROTANA. 2022.SET\ROTANA. 2022.SET\SOUND\USER01.PCG",".pcg","36143","0EA1A05B483A62D3E51151945493D609FD54C4EC7A689C308C550E538D0ED285","PCG_PROGRAM_BANK","PROGRAM_METADATA_CANDIDATE","V1719_PROGRAM_METADATA_READER","Program bank metadata candidate.","80","False","False","True","NO_BINARY_OUTPUT_METADATA_ONLY"
"USER01.PCG","E:\UAOS_OPEN_LIBRARY_SOURCE\pa3x\ABOUD NEXT-MG.SET\ABOUD NEXT-MG.SET\SOUND\USER01.PCG",".pcg","34610","6E5E4C464CAFBB82A389901F4CEED7968A492955836D15F6D25EFB80F81440AB","PCG_PROGRAM_BANK","PROGRAM_METADATA_CANDIDATE","V1719_PROGRAM_METADATA_READER","Program bank metadata candidate.","80","False","False","True","NO_BINARY_OUTPUT_METADATA_ONLY"
"USER01.PCG","E:\UAOS_OPEN_LIBRARY_SOURCE\pa3x\LIVE CHARKI 3 2.SET\LIVE CHARKI 3 2.SET\SOUND\USER01.PCG",".pcg","25250","4272D6AEFC54A11F32461885270CA3D43B122E3978623BFD327E9715843C742D","PCG_PROGRAM_BANK","PROGRAM_METADATA_CANDIDATE","V1719_PROGRAM_METADATA_READER","Program bank metadata candidate.","80","False","False","True","NO_BINARY_OUTPUT_METADATA_ONLY"
"USER02.PCG","E:\UAOS_OPEN_LIBRARY_SOURCE\pa3x\omar44.SET\omar44.SET\SOUND\USER02.PCG",".pcg","46503","B5CDC17123F1E8C74621468B86A9ACF6A0CFD4FB716D7FC7BBCFB70315079708","PCG_PROGRAM_BANK","PROGRAM_METADATA_CANDIDATE","V1719_PROGRAM_METADATA_READER","Program bank metadata candidate.","80","False","False","True","NO_BINARY_OUTPUT_METADATA_ONLY"
"USER02.PCG","E:\UAOS_OPEN_LIBRARY_SOURCE\pa3x\3xxxxx.SET\3xxxxx.SET\SOUND\USER02.PCG",".pcg","18383","4A000BCA51B7DE1138F5177D9CA9B8FDA3CFC11A8A36A8F114803BDEEE281244","PCG_PROGRAM_BANK","PROGRAM_METADATA_CANDIDATE","V1719_PROGRAM_METADATA_READER","Program bank metadata candidate.","80","False","False","True","NO_BINARY_OUTPUT_METADATA_ONLY"
"USER02.PCG","E:\UAOS_OPEN_LIBRARY_SOURCE\pa3x\‏‏RoTaNa(1) pa3x.SET - نسخة\tareq pa3x.SET\SOUND\USER02.PCG",".pcg","24505","DE2B77400C9A8ADF564D86BD2F97F570B19CE3AD2B7D0A8533AA878954888A5C","PCG_PROGRAM_BANK","PROGRAM_METADATA_CANDIDATE","V1719_PROGRAM_METADATA_READER","Program bank metadata candidate.","80","False","False","True","NO_BINARY_OUTPUT_METADATA_ONLY"
"USER02.PCG","E:\UAOS_OPEN_LIBRARY_SOURCE\pa3x\ROTANA. 2022.SET\ROTANA. 2022.SET\SOUND\USER02.PCG",".pcg","29313","AC8C6832F7C3579A81A683E768F634B63342096AA3A6E97F3E7DD1639DAD9ACD","PCG_PROGRAM_BANK","PROGRAM_METADATA_CANDIDATE","V1719_PROGRAM_METADATA_READER","Program bank metadata candidate.","80","False","False","True","NO_BINARY_OUTPUT_METADATA_ONLY"
"USER02.PCG","E:\UAOS_OPEN_LIBRARY_SOURCE\pa3x\SUPER4X.3X ASLY2018.SET\SUPER4X.3X ASLY2018.SET\SOUND\USER02.PCG",".pcg","23306","A40F3AE2C501DC8FFDBF73EC3AC94B5875132F2EB91A3B806FBBF5C3E4274ED0","PCG_PROGRAM_BANK","PROGRAM_METADATA_CANDIDATE","V1719_PROGRAM_METADATA_READER","Program bank metadata candidate.","80","False","False","True","NO_BINARY_OUTPUT_METADATA_ONLY"
"USER02.PCG","E:\UAOS_OPEN_LIBRARY_SOURCE\pa3x\RoTaNa(1) pa3x.SET\tareq pa3x.SET\SOUND\USER02.PCG",".pcg","24505","DE2B77400C9A8ADF564D86BD2F97F570B19CE3AD2B7D0A8533AA878954888A5C","PCG_PROGRAM_BANK","PROGRAM_METADATA_CANDIDATE","V1719_PROGRAM_METADATA_READER","Program bank metadata candidate.","80","False","False","True","NO_BINARY_OUTPUT_METADATA_ONLY"
"USER02.PCG","E:\UAOS_OPEN_LIBRARY_SOURCE\pa3x\2020 pa1000 pa4x.SET\2020 pa1000 pa4x.SET\SOUND\USER02.PCG",".pcg","36925","5591788C8F99319EC705526FAD5A2CB47C3F305BAF5ED0AE63D5C6BFAF19C735","PCG_PROGRAM_BANK","PROGRAM_METADATA_CANDIDATE","V1719_PROGRAM_METADATA_READER","Program bank metadata candidate.","80","False","False","True","NO_BINARY_OUTPUT_METADATA_ONLY"
"USER02.PCG","E:\UAOS_OPEN_LIBRARY_SOURCE\pa3x\ABOUD NEXT-MG.SET\ABOUD NEXT-MG.SET\SOUND\USER02.PCG",".pcg","14646","CF892206B6733D93DBF288CB8A676CCE0003BF0DA1FBFBF2AAF5B5A8B696FC7F","PCG_PROGRAM_BANK","PROGRAM_METADATA_CANDIDATE","V1719_PROGRAM_METADATA_READER","Program bank metadata candidate.","80","False","False","True","NO_BINARY_OUTPUT_METADATA_ONLY"
"USER02.PCG","E:\UAOS_OPEN_LIBRARY_SOURCE\pa3x\LIVE CHARKI 3 2.SET\LIVE CHARKI 3 2.SET\SOUND\USER02.PCG",".pcg","19749","0303A406532DCFF8D82280C8ABCA19C46E1820979E03A35830DD7F140E566F35","PCG_PROGRAM_BANK","PROGRAM_METADATA_CANDIDATE","V1719_PROGRAM_METADATA_READER","Program bank metadata candidate.","80","False","False","True","NO_BINARY_OUTPUT_METADATA_ONLY"
"USER02.PCG","E:\UAOS_OPEN_LIBRARY_SOURCE\pa3x\rahm pa3x.SET\rahm pa3x.SET\SOUND\USER02.PCG",".pcg","18871","40ACAEDE4DF1BF0F3929F5BFF211B403C1307671E7ECA38187C24D635ABE9308","PCG_PROGRAM_BANK","PROGRAM_METADATA_CANDIDATE","V1719_PROGRAM_METADATA_READER","Program bank metadata candidate.","80","False","False","True","NO_BINARY_OUTPUT_METADATA_ONLY"
"USER02.PCG","E:\UAOS_OPEN_LIBRARY_SOURCE\pa3x\a1111.SET\a1111.SET\SOUND\USER02.PCG",".pcg","40010","92CDCD631332F02503A5F17D06C2220C7588CD6D1DBFE90774BD50AFC8D2D3B0","PCG_PROGRAM_BANK","PROGRAM_METADATA_CANDIDATE","V1719_PROGRAM_METADATA_READER","Program bank metadata candidate.","80","False","False","True","NO_BINARY_OUTPUT_METADATA_ONLY"
"USER03.PCG","E:\UAOS_OPEN_LIBRARY_SOURCE\pa3x\SUPER4X.3X ASLY2018.SET\SUPER4X.3X ASLY2018.SET\SOUND\USER03.PCG",".pcg","27462","0D9DECDA376E7BEF8C71235EE18970F1A7B73B0037994104F676BEC897B4E754","PCG_PROGRAM_BANK","PROGRAM_METADATA_CANDIDATE","V1719_PROGRAM_METADATA_READER","Program bank metadata candidate.","80","False","False","True","NO_BINARY_OUTPUT_METADATA_ONLY"
"USER03.PCG","E:\UAOS_OPEN_LIBRARY_SOURCE\pa3x\omar44.SET\omar44.SET\SOUND\USER03.PCG",".pcg","30891","E792BE9C5BEB908EF525A759D4EC170F2308965E064534122715404753BAA00F","PCG_PROGRAM_BANK","PROGRAM_METADATA_CANDIDATE","V1719_PROGRAM_METADATA_READER","Program bank metadata candidate.","80","False","False","True","NO_BINARY_OUTPUT_METADATA_ONLY"
"USER03.PCG","E:\UAOS_OPEN_LIBRARY_SOURCE\pa3x\‏‏RoTaNa(1) pa3x.SET - نسخة\tareq pa3x.SET\SOUND\USER03.PCG",".pcg","24454","6A25FA5BD7DEDFFF86F15742E71193F15A621221F5C4651AA8D83777B46BB6B9","PCG_PROGRAM_BANK","PROGRAM_METADATA_CANDIDATE","V1719_PROGRAM_METADATA_READER","Program bank metadata candidate.","80","False","False","True","NO_BINARY_OUTPUT_METADATA_ONLY"
"USER03.PCG","E:\UAOS_OPEN_LIBRARY_SOURCE\pa3x\ROTANA. 2022.SET\ROTANA. 2022.SET\SOUND\USER03.PCG",".pcg","32869","0B51F1154395A9CAF387BE0C45D60F5351097FA900EFCF4488FB71EE5804B11D","PCG_PROGRAM_BANK","PROGRAM_METADATA_CANDIDATE","V1719_PROGRAM_METADATA_READER","Program bank metadata candidate.","80","False","False","True","NO_BINARY_OUTPUT_METADATA_ONLY"
"USER03.PCG","E:\UAOS_OPEN_LIBRARY_SOURCE\pa3x\RoTaNa(1) pa3x.SET\tareq pa3x.SET\SOUND\USER03.PCG",".pcg","24454","6A25FA5BD7DEDFFF86F15742E71193F15A621221F5C4651AA8D83777B46BB6B9","PCG_PROGRAM_BANK","PROGRAM_METADATA_CANDIDATE","V1719_PROGRAM_METADATA_READER","Program bank metadata candidate.","80","False","False","True","NO_BINARY_OUTPUT_METADATA_ONLY"
"USER03.PCG","E:\UAOS_OPEN_LIBRARY_SOURCE\pa3x\LIVE CHARKI 3 2.SET\LIVE CHARKI 3 2.SET\SOUND\USER03.PCG",".pcg","36204","ABA41F28189B352F7097816314423666851AF7BDFAE45279122578EBCDB7676C","PCG_PROGRAM_BANK","PROGRAM_METADATA_CANDIDATE","V1719_PROGRAM_METADATA_READER","Program bank metadata candidate.","80","False","False","True","NO_BINARY_OUTPUT_METADATA_ONLY"
"USER03.PCG","E:\UAOS_OPEN_LIBRARY_SOURCE\pa3x\3xxxxx.SET\3xxxxx.SET\SOUND\USER03.PCG",".pcg","12527","5A09D2CA6C11D82249D1892D93FE18741ACD4D33D3898D6876B3F7BEEA095DC1","PCG_PROGRAM_BANK","PROGRAM_METADATA_CANDIDATE","V1719_PROGRAM_METADATA_READER","Program bank metadata candidate.","80","False","False","True","NO_BINARY_OUTPUT_METADATA_ONLY"
"USER03.PCG","E:\UAOS_OPEN_LIBRARY_SOURCE\pa3x\rahm pa3x.SET\rahm pa3x.SET\SOUND\USER03.PCG",".pcg","10661","199CBFFC814082D478AA249BF54B8F68F6609B8BA3ABA4AAA6E051969D16BDE9","PCG_PROGRAM_BANK","PROGRAM_METADATA_CANDIDATE","V1719_PROGRAM_METADATA_READER","Program bank metadata candidate.","80","False","False","True","NO_BINARY_OUTPUT_METADATA_ONLY"
"USER03.PCG","E:\UAOS_OPEN_LIBRARY_SOURCE\pa3x\a1111.SET\a1111.SET\SOUND\USER03.PCG",".pcg","29179","CA68454A6B3C209A43F4F397C0A58825A7968BE4FE6E087574324B4AA9C5D9BF","PCG_PROGRAM_BANK","PROGRAM_METADATA_CANDIDATE","V1719_PROGRAM_METADATA_READER","Program bank metadata candidate.","80","False","False","True","NO_BINARY_OUTPUT_METADATA_ONLY"
"USER03.PCG","E:\UAOS_OPEN_LIBRARY_SOURCE\pa3x\2020 pa1000 pa4x.SET\2020 pa1000 pa4x.SET\SOUND\USER03.PCG",".pcg","38616","712FFDED32C7FE20F88429F8BA1E4FFB7E22C6DB8AD32739A64B9C2019776D51","PCG_PROGRAM_BANK","PROGRAM_METADATA_CANDIDATE","V1719_PROGRAM_METADATA_READER","Program bank metadata candidate.","80","False","False","True","NO_BINARY_OUTPUT_METADATA_ONLY"
"USER03.PCG","E:\UAOS_OPEN_LIBRARY_SOURCE\pa3x\ABOUD NEXT-MG.SET\ABOUD NEXT-MG.SET\SOUND\USER03.PCG",".pcg","18695","9D2C21095409CBDD9B4DE51A878F07CFF6D68BCFA4C53D9E3FD7F70E19A5BB53","PCG_PROGRAM_BANK","PROGRAM_METADATA_CANDIDATE","V1719_PROGRAM_METADATA_READER","Program bank metadata candidate.","80","False","False","True","NO_BINARY_OUTPUT_METADATA_ONLY"
"USER04.PCG","E:\UAOS_OPEN_LIBRARY_SOURCE\pa3x\SUPER4X.3X ASLY2018.SET\SUPER4X.3X ASLY2018.SET\SOUND\USER04.PCG",".pcg","22361","7FE346B8EEC83A9A78B0932E6B265D266EF5EB45FA2C5E0E4B387AF40663FDF4","PCG_PROGRAM_BANK","PROGRAM_METADATA_CANDIDATE","V1719_PROGRAM_METADATA_READER","Program bank metadata candidate.","80","False","False","True","NO_BINARY_OUTPUT_METADATA_ONLY"
"USER04.PCG","E:\UAOS_OPEN_LIBRARY_SOURCE\pa3x\omar44.SET\omar44.SET\SOUND\USER04.PCG",".pcg","39775","5B0242D34B7BBF651B217B65B4F70531120D34510469D7E0AD46EF55F9D8C666","PCG_PROGRAM_BANK","PROGRAM_METADATA_CANDIDATE","V1719_PROGRAM_METADATA_READER","Program bank metadata candidate.","80","False","False","True","NO_BINARY_OUTPUT_METADATA_ONLY"
"USER04.PCG","E:\UAOS_OPEN_LIBRARY_SOURCE\pa3x\rahm pa3x.SET\rahm pa3x.SET\SOUND\USER04.PCG",".pcg","7644","9413B99350467BFFA0BA856E8CCA79DFCF81E9E9089BDF7D6563085787189801","PCG_PROGRAM_BANK","PROGRAM_METADATA_CANDIDATE","V1719_PROGRAM_METADATA_READER","Program bank metadata candidate.","80","False","False","True","NO_BINARY_OUTPUT_METADATA_ONLY"
"USER04.PCG","E:\UAOS_OPEN_LIBRARY_SOURCE\pa3x\a1111.SET\a1111.SET\SOUND\USER04.PCG",".pcg","36898","5D824152B42F5AE16B19EEA2BF79F827EC571F43053F25AF3341D816FDE71619","PCG_PROGRAM_BANK","PROGRAM_METADATA_CANDIDATE","V1719_PROGRAM_METADATA_READER","Program bank metadata candidate.","80","False","False","True","NO_BINARY_OUTPUT_METADATA_ONLY"
"USER04.PCG","E:\UAOS_OPEN_LIBRARY_SOURCE\pa3x\ABOUD NEXT-MG.SET\ABOUD NEXT-MG.SET\SOUND\USER04.PCG",".pcg","28399","B84BB6A72A6AFD02A163174A81F09D224328CE34763E62398486F73CA2368B97","PCG_PROGRAM_BANK","PROGRAM_METADATA_CANDIDATE","V1719_PROGRAM_METADATA_READER","Program bank metadata candidate.","80","False","False","True","NO_BINARY_OUTPUT_METADATA_ONLY"
"USER04.PCG","E:\UAOS_OPEN_LIBRARY_SOURCE\pa3x\RoTaNa(1) pa3x.SET\tareq pa3x.SET\SOUND\USER04.PCG",".pcg","16723","C5BA48915B60736A3AC45949314ABFAE4E891A3136A87C030DCCB5A81BAA899A","PCG_PROGRAM_BANK","PROGRAM_METADATA_CANDIDATE","V1719_PROGRAM_METADATA_READER","Program bank metadata candidate.","80","False","False","True","NO_BINARY_OUTPUT_METADATA_ONLY"
"USER04.PCG","E:\UAOS_OPEN_LIBRARY_SOURCE\pa3x\‏‏RoTaNa(1) pa3x.SET - نسخة\tareq pa3x.SET\SOUND\USER04.PCG",".pcg","16723","C5BA48915B60736A3AC45949314ABFAE4E891A3136A87C030DCCB5A81BAA899A","PCG_PROGRAM_BANK","PROGRAM_METADATA_CANDIDATE","V1719_PROGRAM_METADATA_READER","Program bank metadata candidate.","80","False","False","True","NO_BINARY_OUTPUT_METADATA_ONLY"
"USER04.PCG","E:\UAOS_OPEN_LIBRARY_SOURCE\pa3x\ROTANA. 2022.SET\ROTANA. 2022.SET\SOUND\USER04.PCG",".pcg","45645","63F32F588AF2A9DB359D2145928961EBFFBA5B400F6FC6EEE292E4F60229891D","PCG_PROGRAM_BANK","PROGRAM_METADATA_CANDIDATE","V1719_PROGRAM_METADATA_READER","Program bank metadata candidate.","80","False","False","True","NO_BINARY_OUTPUT_METADATA_ONLY"
"USER04.PCG","E:\UAOS_OPEN_LIBRARY_SOURCE\pa3x\3xxxxx.SET\3xxxxx.SET\SOUND\USER04.PCG",".pcg","11511","3A3603A0C09B6D48C7B471FC48ED3D0D106B28F0D8A9506F6753750FD27AFFA9","PCG_PROGRAM_BANK","PROGRAM_METADATA_CANDIDATE","V1719_PROGRAM_METADATA_READER","Program bank metadata candidate.","80","False","False","True","NO_BINARY_OUTPUT_METADATA_ONLY"
"USER04.PCG","E:\UAOS_OPEN_LIBRARY_SOURCE\pa3x\2020 pa1000 pa4x.SET\2020 pa1000 pa4x.SET\SOUND\USER04.PCG",".pcg","27608","97E2B3A5CB372A440592B109B205819037060A83A9E9BFF81ADEE19FB7C92E24","PCG_PROGRAM_BANK","PROGRAM_METADATA_CANDIDATE","V1719_PROGRAM_METADATA_READER","Program bank metadata candidate.","80","False","False","True","NO_BINARY_OUTPUT_METADATA_ONLY"
"USER04.PCG","E:\UAOS_OPEN_LIBRARY_SOURCE\pa3x\LIVE CHARKI 3 2.SET\LIVE CHARKI 3 2.SET\SOUND\USER04.PCG",".pcg","18171","B126D66AAD0DB4B719812A6F9C8A4B29801E11E7CD459F5D12344203FC2AB443","PCG_PROGRAM_BANK","PROGRAM_METADATA_CANDIDATE","V1719_PROGRAM_METADATA_READER","Program bank metadata candidate.","80","False","False","True","NO_BINARY_OUTPUT_METADATA_ONLY"
"USER05.PCG","E:\UAOS_OPEN_LIBRARY_SOURCE\pa3x\a1111.SET\a1111.SET\SOUND\USER05.PCG",".pcg","6041","D04E74881382A483A2BCEC8B90C6D639C5F19CCF7950B91846B455F11A334ED9","PCG_PROGRAM_BANK","PROGRAM_METADATA_CANDIDATE","V1719_PROGRAM_METADATA_READER","Program bank metadata candidate.","80","False","False","True","NO_BINARY_OUTPUT_METADATA_ONLY"
"USER05.PCG","E:\UAOS_OPEN_LIBRARY_SOURCE\pa3x\ROTANA. 2022.SET\ROTANA. 2022.SET\SOUND\USER05.PCG",".pcg","3042","E603FF53F1D16519FE638B054C874C41D53F0BD74C4EAA6BD56CA472820BA7A8","PCG_PROGRAM_BANK","PROGRAM_METADATA_CANDIDATE","V1719_PROGRAM_METADATA_READER","Program bank metadata candidate.","80","False","False","True","NO_BINARY_OUTPUT_METADATA_ONLY"
"USER05.PCG","E:\UAOS_OPEN_LIBRARY_SOURCE\pa3x\ABOUD NEXT-MG.SET\ABOUD NEXT-MG.SET\SOUND\USER05.PCG",".pcg","2949","ED5351701D8483F8B7532874511AF9EC6D4F7C78397EEA67D2BAA93C74113A2F","PCG_PROGRAM_BANK","PROGRAM_METADATA_CANDIDATE","V1719_PROGRAM_METADATA_READER","Program bank metadata candidate.","80","False","False","True","NO_BINARY_OUTPUT_METADATA_ONLY"
"USER06.PCG","E:\UAOS_OPEN_LIBRARY_SOURCE\pa3x\a1111.SET\a1111.SET\SOUND\USER06.PCG",".pcg","15119","4CD05D051F327D56126E8B074952CA7F234DC3C487CBDE08A5317C3D95B1CF5A","PCG_PROGRAM_BANK","PROGRAM_METADATA_CANDIDATE","V1719_PROGRAM_METADATA_READER","Program bank metadata candidate.","80","False","False","True","NO_BINARY_OUTPUT_METADATA_ONLY"
"USER06.PCG","E:\UAOS_OPEN_LIBRARY_SOURCE\pa3x\ROTANA. 2022.SET\ROTANA. 2022.SET\SOUND\USER06.PCG",".pcg","22765","5A7572C5246D1CE80C35F32F3E0081BED6B036EF7A54F88946994CED9F08B443","PCG_PROGRAM_BANK","PROGRAM_METADATA_CANDIDATE","V1719_PROGRAM_METADATA_READER","Program bank metadata candidate.","80","False","False","True","NO_BINARY_OUTPUT_METADATA_ONLY"
"USER06.PCG","E:\UAOS_OPEN_LIBRARY_SOURCE\pa3x\ABOUD NEXT-MG.SET\ABOUD NEXT-MG.SET\SOUND\USER06.PCG",".pcg","2938","FC612E3E57B1C782512B2B4CB82D31831A56343D6EEC562B4A8235FF47B96AFE","PCG_PROGRAM_BANK","PROGRAM_METADATA_CANDIDATE","V1719_PROGRAM_METADATA_READER","Program bank metadata candidate.","80","False","False","True","NO_BINARY_OUTPUT_METADATA_ONLY"
"USERDK.PCG","E:\UAOS_OPEN_LIBRARY_SOURCE\pa3x\3xxxxx.SET\3xxxxx.SET\SOUND\USERDK.PCG",".pcg","215314","48F7746D5A25B390563939DD525A727289EC6D127D1D2083712E32C7B851B907","PCG_PROGRAM_BANK","PROGRAM_METADATA_CANDIDATE","V1719_PROGRAM_METADATA_READER","Program bank metadata candidate.","80","False","False","True","NO_BINARY_OUTPUT_METADATA_ONLY"
"USERDK.PCG","E:\UAOS_OPEN_LIBRARY_SOURCE\pa3x\rahm pa3x.SET\rahm pa3x.SET\SOUND\USERDK.PCG",".pcg","181592","C7CC0F72EFD029593DB3F05747E34F923482CDF0C0EB10BA5754229529B5D17F","PCG_PROGRAM_BANK","PROGRAM_METADATA_CANDIDATE","V1719_PROGRAM_METADATA_READER","Program bank metadata candidate.","80","False","False","True","NO_BINARY_OUTPUT_METADATA_ONLY"
"USERDK.PCG","E:\UAOS_OPEN_LIBRARY_SOURCE\pa3x\SUPER4X.3X ASLY2018.SET\SUPER4X.3X ASLY2018.SET\SOUND\USERDK.PCG",".pcg","132099","73D95634FC97867D035CF1C737D9725ADBA15A83825A1EAB372644BC2C0B1494","PCG_PROGRAM_BANK","PROGRAM_METADATA_CANDIDATE","V1719_PROGRAM_METADATA_READER","Program bank metadata candidate.","80","False","False","True","NO_BINARY_OUTPUT_METADATA_ONLY"
"USERDK.PCG","E:\UAOS_OPEN_LIBRARY_SOURCE\pa3x\RoTaNa(1) pa3x.SET\tareq pa3x.SET\SOUND\USERDK.PCG",".pcg","111742","129052752C3BA8FE2829AE67155DE9D510BF9D4E98D1F92BE11BD823D8BE7530","PCG_PROGRAM_BANK","PROGRAM_METADATA_CANDIDATE","V1719_PROGRAM_METADATA_READER","Program bank metadata candidate.","80","False","False","True","NO_BINARY_OUTPUT_METADATA_ONLY"
"USERDK.PCG","E:\UAOS_OPEN_LIBRARY_SOURCE\pa3x\‏‏RoTaNa(1) pa3x.SET - نسخة\tareq pa3x.SET\SOUND\USERDK.PCG",".pcg","111742","129052752C3BA8FE2829AE67155DE9D510BF9D4E98D1F92BE11BD823D8BE7530","PCG_PROGRAM_BANK","PROGRAM_METADATA_CANDIDATE","V1719_PROGRAM_METADATA_READER","Program bank metadata candidate.","80","False","False","True","NO_BINARY_OUTPUT_METADATA_ONLY"
"USERDK01.PCG","E:\UAOS_OPEN_LIBRARY_SOURCE\pa3x\omar44.SET\omar44.SET\SOUND\USERDK01.PCG",".pcg","240446","9A2B7D28CED475504809FE4D82E69051E7C905ECF2306F6AD1FD93AA4987C0A8","PCG_PROGRAM_BANK","PROGRAM_METADATA_CANDIDATE","V1719_PROGRAM_METADATA_READER","Program bank metadata candidate.","80","False","False","True","NO_BINARY_OUTPUT_METADATA_ONLY"
"USERDK01.PCG","E:\UAOS_OPEN_LIBRARY_SOURCE\pa3x\2020 pa1000 pa4x.SET\2020 pa1000 pa4x.SET\SOUND\USERDK01.PCG",".pcg","271390","683AFB38CCAA0ECC8724D486C2CA1890751B9906DB5A80B5AE2E1434329D32D1","PCG_PROGRAM_BANK","PROGRAM_METADATA_CANDIDATE","V1719_PROGRAM_METADATA_READER","Program bank metadata candidate.","80","False","False","True","NO_BINARY_OUTPUT_METADATA_ONLY"
"USERDK01.PCG","E:\UAOS_OPEN_LIBRARY_SOURCE\pa3x\a1111.SET\a1111.SET\SOUND\USERDK01.PCG",".pcg","295384","0A365D122F338633E241D74B6B20D9E2829579FAACBB4B90D67274658235DD9E","PCG_PROGRAM_BANK","PROGRAM_METADATA_CANDIDATE","V1719_PROGRAM_METADATA_READER","Program bank metadata candidate.","80","False","False","True","NO_BINARY_OUTPUT_METADATA_ONLY"
"USERDK01.PCG","E:\UAOS_OPEN_LIBRARY_SOURCE\pa3x\LIVE CHARKI 3 2.SET\LIVE CHARKI 3 2.SET\SOUND\USERDK01.PCG",".pcg","180644","2D848760C88E0358E6C87042F4B71267679294AF935BF522AD7D37C5E7DCFF96","PCG_PROGRAM_BANK","PROGRAM_METADATA_CANDIDATE","V1719_PROGRAM_METADATA_READER","Program bank metadata candidate.","80","False","False","True","NO_BINARY_OUTPUT_METADATA_ONLY"
"USERDK01.PCG","E:\UAOS_OPEN_LIBRARY_SOURCE\pa3x\ROTANA. 2022.SET\ROTANA. 2022.SET\SOUND\USERDK01.PCG",".pcg","296315","FB88AE877761ACB5CBEB15D253CFD02DD806AF0426CA24F0CD54D309BAE801D4","PCG_PROGRAM_BANK","PROGRAM_METADATA_CANDIDATE","V1719_PROGRAM_METADATA_READER","Program bank metadata candidate.","80","False","False","True","NO_BINARY_OUTPUT_METADATA_ONLY"
"USERDK01.PCG","E:\UAOS_OPEN_LIBRARY_SOURCE\pa3x\ABOUD NEXT-MG.SET\ABOUD NEXT-MG.SET\SOUND\USERDK01.PCG",".pcg","210555","D4D5079070A6DDF4CF9B60878BBC8FA27BEBB8E24259278473E32481E65473FF","PCG_PROGRAM_BANK","PROGRAM_METADATA_CANDIDATE","V1719_PROGRAM_METADATA_READER","Program bank metadata candidate.","80","False","False","True","NO_BINARY_OUTPUT_METADATA_ONLY"
"USERDK02.PCG","E:\UAOS_OPEN_LIBRARY_SOURCE\pa3x\ABOUD NEXT-MG.SET\ABOUD NEXT-MG.SET\SOUND\USERDK02.PCG",".pcg","50241","30663CF446B98CE40BAF7B3F7DD1C6046852EE82349BC5CD4361AC1C780862DD","PCG_PROGRAM_BANK","PROGRAM_METADATA_CANDIDATE","V1719_PROGRAM_METADATA_READER","Program bank metadata candidate.","80","False","False","True","NO_BINARY_OUTPUT_METADATA_ONLY"
"USERDK02.PCG","E:\UAOS_OPEN_LIBRARY_SOURCE\pa3x\omar44.SET\omar44.SET\SOUND\USERDK02.PCG",".pcg","34226","DFBDE763FC6AFE608E9253F83B1EC1CA62C4E80CB1D98A3DF50D5E531FE79761","PCG_PROGRAM_BANK","PROGRAM_METADATA_CANDIDATE","V1719_PROGRAM_METADATA_READER","Program bank metadata candidate.","80","False","False","True","NO_BINARY_OUTPUT_METADATA_ONLY"
"USERDK02.PCG","E:\UAOS_OPEN_LIBRARY_SOURCE\pa3x\a1111.SET\a1111.SET\SOUND\USERDK02.PCG",".pcg","87773","029F41E232F0AC3FE4FA06C6A1A274CDC6AFD779DE1F1E6F38515746E6DBC42D","PCG_PROGRAM_BANK","PROGRAM_METADATA_CANDIDATE","V1719_PROGRAM_METADATA_READER","Program bank metadata candidate.","80","False","False","True","NO_BINARY_OUTPUT_METADATA_ONLY"
"USERDK02.PCG","E:\UAOS_OPEN_LIBRARY_SOURCE\pa3x\ROTANA. 2022.SET\ROTANA. 2022.SET\SOUND\USERDK02.PCG",".pcg","80071","11A84024392297B3E3CA538FF0D3CEF5F1B7D1742A47F114F09602ECB7C91F48","PCG_PROGRAM_BANK","PROGRAM_METADATA_CANDIDATE","V1719_PROGRAM_METADATA_READER","Program bank metadata candidate.","80","False","False","True","NO_BINARY_OUTPUT_METADATA_ONLY"
"USERDK02.PCG","E:\UAOS_OPEN_LIBRARY_SOURCE\pa3x\2020 pa1000 pa4x.SET\2020 pa1000 pa4x.SET\SOUND\USERDK02.PCG",".pcg","224904","4DABD54BBEFF5D260A4B16D77636E0278BBCF9E58EE6FC0FC786C602FA5FA3A6","PCG_PROGRAM_BANK","PROGRAM_METADATA_CANDIDATE","V1719_PROGRAM_METADATA_READER","Program bank metadata candidate.","80","False","False","True","NO_BINARY_OUTPUT_METADATA_ONLY"
"USERDK02.PCG","E:\UAOS_OPEN_LIBRARY_SOURCE\pa3x\LIVE CHARKI 3 2.SET\LIVE CHARKI 3 2.SET\SOUND\USERDK02.PCG",".pcg","49153","064CD8B75BD9D2301100C7F0B5F7D652FA5A1F9DE7DF7999C3B683AA2D2A6295","PCG_PROGRAM_BANK","PROGRAM_METADATA_CANDIDATE","V1719_PROGRAM_METADATA_READER","Program bank metadata candidate.","80","False","False","True","NO_BINARY_OUTPUT_METADATA_ONLY"
"USERDK03.PCG","E:\UAOS_OPEN_LIBRARY_SOURCE\pa3x\a1111.SET\a1111.SET\SOUND\USERDK03.PCG",".pcg","38028","A0FA8687CFAF2D954C937BBB43CA16B02534EAD1A8EBA3C2E6F0652B9B134B26","PCG_PROGRAM_BANK","PROGRAM_METADATA_CANDIDATE","V1719_PROGRAM_METADATA_READER","Program bank metadata candidate.","80","False","False","True","NO_BINARY_OUTPUT_METADATA_ONLY"
"USERDK03.PCG","E:\UAOS_OPEN_LIBRARY_SOURCE\pa3x\ROTANA. 2022.SET\ROTANA. 2022.SET\SOUND\USERDK03.PCG",".pcg","115858","7A787FF558CF80467BAB22302C1735D21EDBD0A33737B7CB9E1A066F6F5AADA9","PCG_PROGRAM_BANK","PROGRAM_METADATA_CANDIDATE","V1719_PROGRAM_METADATA_READER","Program bank metadata candidate.","80","False","False","True","NO_BINARY_OUTPUT_METADATA_ONLY"
"USERDK03.PCG","E:\UAOS_OPEN_LIBRARY_SOURCE\pa3x\ABOUD NEXT-MG.SET\ABOUD NEXT-MG.SET\SOUND\USERDK03.PCG",".pcg","48953","FEB7B4ED1C1B04C6063C4A304769E73DB435A88E956867F798079335BC7AC379","PCG_PROGRAM_BANK","PROGRAM_METADATA_CANDIDATE","V1719_PROGRAM_METADATA_READER","Program bank metadata candidate.","80","False","False","True","NO_BINARY_OUTPUT_METADATA_ONLY"
"BANK01.PRF","E:\UAOS_OPEN_LIBRARY_SOURCE\pa3x\‏‏RoTaNa(1) pa3x.SET - نسخة\tareq pa3x.SET\PERFORM\BANK01.PRF",".prf","29590","AADD336EBBFC7C031BE7F64651AF79E5DF9E1B8BAA4A79F205A1804E92F65E81","PRF_PERFORMANCE","PERFORMANCE_METADATA_CANDIDATE","V1719_PROGRAM_METADATA_READER","Performance metadata candidate.","78","False","False","True","NO_BINARY_OUTPUT_METADATA_ONLY"
"BANK01.PRF","E:\UAOS_OPEN_LIBRARY_SOURCE\pa3x\RoTaNa(1) pa3x.SET\tareq pa3x.SET\PERFORM\BANK01.PRF",".prf","29590","AADD336EBBFC7C031BE7F64651AF79E5DF9E1B8BAA4A79F205A1804E92F65E81","PRF_PERFORMANCE","PERFORMANCE_METADATA_CANDIDATE","V1719_PROGRAM_METADATA_READER","Performance metadata candidate.","78","False","False","True","NO_BINARY_OUTPUT_METADATA_ONLY"
"BANK01.PRF","E:\UAOS_OPEN_LIBRARY_SOURCE\pa3x\SUPER4X.3X ASLY2018.SET\SUPER4X.3X ASLY2018.SET\PERFORM\BANK01.PRF",".prf","30112","F05791775978AEB0FF44BD57E84BBED9F8F88C40027B9C1219528FE4B3A8427C","PRF_PERFORMANCE","PERFORMANCE_METADATA_CANDIDATE","V1719_PROGRAM_METADATA_READER","Performance metadata candidate.","78","False","False","True","NO_BINARY_OUTPUT_METADATA_ONLY"
"BANK01.PRF","E:\UAOS_OPEN_LIBRARY_SOURCE\pa3x\rahm pa3x.SET\rahm pa3x.SET\PERFORM\BANK01.PRF",".prf","31452","8810AF31F00466BCE7E4F28DA169292738C1699C2FBADC3936773B47298AFE0A","PRF_PERFORMANCE","PERFORMANCE_METADATA_CANDIDATE","V1719_PROGRAM_METADATA_READER","Performance metadata candidate.","78","False","False","True","NO_BINARY_OUTPUT_METADATA_ONLY"
"BANK01.PRF","E:\UAOS_OPEN_LIBRARY_SOURCE\pa3x\3xxxxx.SET\3xxxxx.SET\PERFORM\BANK01.PRF",".prf","31194","422F960822DD025FF1BCAFFD0B1925BDCD5056A64A323EC4545D8D3A12463837","PRF_PERFORMANCE","PERFORMANCE_METADATA_CANDIDATE","V1719_PROGRAM_METADATA_READER","Performance metadata candidate.","78","False","False","True","NO_BINARY_OUTPUT_METADATA_ONLY"
"BANK02.PRF","E:\UAOS_OPEN_LIBRARY_SOURCE\pa3x\‏‏RoTaNa(1) pa3x.SET - نسخة\tareq pa3x.SET\PERFORM\BANK02.PRF",".prf","28922","788F48A254531BC62438BF78B55AB0A257517BF4EC245473D059C278A509E6F0","PRF_PERFORMANCE","PERFORMANCE_METADATA_CANDIDATE","V1719_PROGRAM_METADATA_READER","Performance metadata candidate.","78","False","False","True","NO_BINARY_OUTPUT_METADATA_ONLY"
"BANK02.PRF","E:\UAOS_OPEN_LIBRARY_SOURCE\pa3x\3xxxxx.SET\3xxxxx.SET\PERFORM\BANK02.PRF",".prf","30632","7A643F645C1ED3C94005668154A6DB161BACB248536FD2B7E34809694B20FD9F","PRF_PERFORMANCE","PERFORMANCE_METADATA_CANDIDATE","V1719_PROGRAM_METADATA_READER","Performance metadata candidate.","78","False","False","True","NO_BINARY_OUTPUT_METADATA_ONLY"
"BANK02.PRF","E:\UAOS_OPEN_LIBRARY_SOURCE\pa3x\RoTaNa(1) pa3x.SET\tareq pa3x.SET\PERFORM\BANK02.PRF",".prf","28922","788F48A254531BC62438BF78B55AB0A257517BF4EC245473D059C278A509E6F0","PRF_PERFORMANCE","PERFORMANCE_METADATA_CANDIDATE","V1719_PROGRAM_METADATA_READER","Performance metadata candidate.","78","False","False","True","NO_BINARY_OUTPUT_METADATA_ONLY"
"BANK02.PRF","E:\UAOS_OPEN_LIBRARY_SOURCE\pa3x\rahm pa3x.SET\rahm pa3x.SET\PERFORM\BANK02.PRF",".prf","31310","703ED305E75858401D2FFCB4B065F2B9C7D348F42BB15306E053A4B131042816","PRF_PERFORMANCE","PERFORMANCE_METADATA_CANDIDATE","V1719_PROGRAM_METADATA_READER","Performance metadata candidate.","78","False","False","True","NO_BINARY_OUTPUT_METADATA_ONLY"
"BANK02.PRF","E:\UAOS_OPEN_LIBRARY_SOURCE\pa3x\SUPER4X.3X ASLY2018.SET\SUPER4X.3X ASLY2018.SET\PERFORM\BANK02.PRF",".prf","31424","77C9007AD63BF4FAE6132A0CC0D621096AF1EA3DFDDBF9D9CFC4506CFBE201D7","PRF_PERFORMANCE","PERFORMANCE_METADATA_CANDIDATE","V1719_PROGRAM_METADATA_READER","Performance metadata candidate.","78","False","False","True","NO_BINARY_OUTPUT_METADATA_ONLY"
"BANK03.PRF","E:\UAOS_OPEN_LIBRARY_SOURCE\pa3x\SUPER4X.3X ASLY2018.SET\SUPER4X.3X ASLY2018.SET\PERFORM\BANK03.PRF",".prf","30337","5933A475F546FFA09FE0BD0D7AAD9FE5179C81A7C889DDDF3F53C8DA6A44C0AC","PRF_PERFORMANCE","PERFORMANCE_METADATA_CANDIDATE","V1719_PROGRAM_METADATA_READER","Performance metadata candidate.","78","False","False","True","NO_BINARY_OUTPUT_METADATA_ONLY"
"BANK03.PRF","E:\UAOS_OPEN_LIBRARY_SOURCE\pa3x\RoTaNa(1) pa3x.SET\tareq pa3x.SET\PERFORM\BANK03.PRF",".prf","21689","E3DB3F844CC8A62412C5D333791215D715DA042D0917E313A267A0BAB78BFECB","PRF_PERFORMANCE","PERFORMANCE_METADATA_CANDIDATE","V1719_PROGRAM_METADATA_READER","Performance metadata candidate.","78","False","False","True","NO_BINARY_OUTPUT_METADATA_ONLY"
"BANK03.PRF","E:\UAOS_OPEN_LIBRARY_SOURCE\pa3x\‏‏RoTaNa(1) pa3x.SET - نسخة\tareq pa3x.SET\PERFORM\BANK03.PRF",".prf","21689","E3DB3F844CC8A62412C5D333791215D715DA042D0917E313A267A0BAB78BFECB","PRF_PERFORMANCE","PERFORMANCE_METADATA_CANDIDATE","V1719_PROGRAM_METADATA_READER","Performance metadata candidate.","78","False","False","True","NO_BINARY_OUTPUT_METADATA_ONLY"
"BANK03.PRF","E:\UAOS_OPEN_LIBRARY_SOURCE\pa3x\3xxxxx.SET\3xxxxx.SET\PERFORM\BANK03.PRF",".prf","23663","8A3E665714A7522C874D277D8895BC52F16FEF30B1453AB94C38BB74C2B2AF95","PRF_PERFORMANCE","PERFORMANCE_METADATA_CANDIDATE","V1719_PROGRAM_METADATA_READER","Performance metadata candidate.","78","False","False","True","NO_BINARY_OUTPUT_METADATA_ONLY"
"BANK03.PRF","E:\UAOS_OPEN_LIBRARY_SOURCE\pa3x\rahm pa3x.SET\rahm pa3x.SET\PERFORM\BANK03.PRF",".prf","25489","AA29D4E6DFC16D5FA06E41C653084E0FC72C953546B8C55F2E9502B5FE29CECE","PRF_PERFORMANCE","PERFORMANCE_METADATA_CANDIDATE","V1719_PROGRAM_METADATA_READER","Performance metadata candidate.","78","False","False","True","NO_BINARY_OUTPUT_METADATA_ONLY"
"BANK04.PRF","E:\UAOS_OPEN_LIBRARY_SOURCE\pa3x\RoTaNa(1) pa3x.SET\tareq pa3x.SET\PERFORM\BANK04.PRF",".prf","17229","DE21E74D2043634A23079958ED6EBAD4AE87AB23641A483E9FB079BABEE507CE","PRF_PERFORMANCE","PERFORMANCE_METADATA_CANDIDATE","V1719_PROGRAM_METADATA_READER","Performance metadata candidate.","78","False","False","True","NO_BINARY_OUTPUT_METADATA_ONLY"
"BANK04.PRF","E:\UAOS_OPEN_LIBRARY_SOURCE\pa3x\‏‏RoTaNa(1) pa3x.SET - نسخة\tareq pa3x.SET\PERFORM\BANK04.PRF",".prf","17229","DE21E74D2043634A23079958ED6EBAD4AE87AB23641A483E9FB079BABEE507CE","PRF_PERFORMANCE","PERFORMANCE_METADATA_CANDIDATE","V1719_PROGRAM_METADATA_READER","Performance metadata candidate.","78","False","False","True","NO_BINARY_OUTPUT_METADATA_ONLY"
"BANK04.PRF","E:\UAOS_OPEN_LIBRARY_SOURCE\pa3x\rahm pa3x.SET\rahm pa3x.SET\PERFORM\BANK04.PRF",".prf","20502","B335732B9160D51D8C897324A80E7795EC0FD6DD3E4D82F8067CC531340017C1","PRF_PERFORMANCE","PERFORMANCE_METADATA_CANDIDATE","V1719_PROGRAM_METADATA_READER","Performance metadata candidate.","78","False","False","True","NO_BINARY_OUTPUT_METADATA_ONLY"
"BANK04.PRF","E:\UAOS_OPEN_LIBRARY_SOURCE\pa3x\3xxxxx.SET\3xxxxx.SET\PERFORM\BANK04.PRF",".prf","31565","301DF79CF5764BF98036C91DC3D3ADB4B07F02626E6BA2B107680AB212ED5915","PRF_PERFORMANCE","PERFORMANCE_METADATA_CANDIDATE","V1719_PROGRAM_METADATA_READER","Performance metadata candidate.","78","False","False","True","NO_BINARY_OUTPUT_METADATA_ONLY"
"BANK04.PRF","E:\UAOS_OPEN_LIBRARY_SOURCE\pa3x\SUPER4X.3X ASLY2018.SET\SUPER4X.3X ASLY2018.SET\PERFORM\BANK04.PRF",".prf","22275","D60668FB50CAF23914B10412763C0B3F4AB46670B7FFB827B41A894542666D8C","PRF_PERFORMANCE","PERFORMANCE_METADATA_CANDIDATE","V1719_PROGRAM_METADATA_READER","Performance metadata candidate.","78","False","False","True","NO_BINARY_OUTPUT_METADATA_ONLY"
"BANK05.PRF","E:\UAOS_OPEN_LIBRARY_SOURCE\pa3x\rahm pa3x.SET\rahm pa3x.SET\PERFORM\BANK05.PRF",".prf","12851","48B27FF8578568A9EB88835D6882E912412E61F2B5C940475DBF5C60A7EE6CBF","PRF_PERFORMANCE","PERFORMANCE_METADATA_CANDIDATE","V1719_PROGRAM_METADATA_READER","Performance metadata candidate.","78","False","False","True","NO_BINARY_OUTPUT_METADATA_ONLY"
"BANK05.PRF","E:\UAOS_OPEN_LIBRARY_SOURCE\pa3x\RoTaNa(1) pa3x.SET\tareq pa3x.SET\PERFORM\BANK05.PRF",".prf","22469","890FF7019D484633FC43A729E97156BC5446BF311D88C50DD0A457C99DB4A38A","PRF_PERFORMANCE","PERFORMANCE_METADATA_CANDIDATE","V1719_PROGRAM_METADATA_READER","Performance metadata candidate.","78","False","False","True","NO_BINARY_OUTPUT_METADATA_ONLY"
"BANK05.PRF","E:\UAOS_OPEN_LIBRARY_SOURCE\pa3x\3xxxxx.SET\3xxxxx.SET\PERFORM\BANK05.PRF",".prf","8783","B0730F80195620F9D34C79DB342BCCC962D93ABA68E75A3D8CFFAF92FB218DEF","PRF_PERFORMANCE","PERFORMANCE_METADATA_CANDIDATE","V1719_PROGRAM_METADATA_READER","Performance metadata candidate.","78","False","False","True","NO_BINARY_OUTPUT_METADATA_ONLY"
"BANK05.PRF","E:\UAOS_OPEN_LIBRARY_SOURCE\pa3x\SUPER4X.3X ASLY2018.SET\SUPER4X.3X ASLY2018.SET\PERFORM\BANK05.PRF",".prf","15003","F26A3708369355A2F066F18C283F5A25012B593D2B7D10639D99A435AA8FC3BC","PRF_PERFORMANCE","PERFORMANCE_METADATA_CANDIDATE","V1719_PROGRAM_METADATA_READER","Performance metadata candidate.","78","False","False","True","NO_BINARY_OUTPUT_METADATA_ONLY"
"BANK05.PRF","E:\UAOS_OPEN_LIBRARY_SOURCE\pa3x\‏‏RoTaNa(1) pa3x.SET - نسخة\tareq pa3x.SET\PERFORM\BANK05.PRF",".prf","22469","890FF7019D484633FC43A729E97156BC5446BF311D88C50DD0A457C99DB4A38A","PRF_PERFORMANCE","PERFORMANCE_METADATA_CANDIDATE","V1719_PROGRAM_METADATA_READER","Performance metadata candidate.","78","False","False","True","NO_BINARY_OUTPUT_METADATA_ONLY"
"BANK06.PRF","E:\UAOS_OPEN_LIBRARY_SOURCE\pa3x\rahm pa3x.SET\rahm pa3x.SET\PERFORM\BANK06.PRF",".prf","859","6072E6A1AE9A6DBD819FBD632EF7A31B75ECEAE214F026B7F7F487E25C9147ED","PRF_PERFORMANCE","PERFORMANCE_METADATA_CANDIDATE","V1719_PROGRAM_METADATA_READER","Performance metadata candidate.","78","False","False","True","NO_BINARY_OUTPUT_METADATA_ONLY"
"BANK06.PRF","E:\UAOS_OPEN_LIBRARY_SOURCE\pa3x\‏‏RoTaNa(1) pa3x.SET - نسخة\tareq pa3x.SET\PERFORM\BANK06.PRF",".prf","22759","023850F83F022BD58B09F7481DBE8BF3A422E660D36A088DA6CEDA025E590919","PRF_PERFORMANCE","PERFORMANCE_METADATA_CANDIDATE","V1719_PROGRAM_METADATA_READER","Performance metadata candidate.","78","False","False","True","NO_BINARY_OUTPUT_METADATA_ONLY"
"BANK06.PRF","E:\UAOS_OPEN_LIBRARY_SOURCE\pa3x\3xxxxx.SET\3xxxxx.SET\PERFORM\BANK06.PRF",".prf","13577","0EDC1813E89D09AD2515291BFB21D07C995ABC4E56B887B7A65412AD62BBCEC2","PRF_PERFORMANCE","PERFORMANCE_METADATA_CANDIDATE","V1719_PROGRAM_METADATA_READER","Performance metadata candidate.","78","False","False","True","NO_BINARY_OUTPUT_METADATA_ONLY"
"BANK06.PRF","E:\UAOS_OPEN_LIBRARY_SOURCE\pa3x\RoTaNa(1) pa3x.SET\tareq pa3x.SET\PERFORM\BANK06.PRF",".prf","22759","023850F83F022BD58B09F7481DBE8BF3A422E660D36A088DA6CEDA025E590919","PRF_PERFORMANCE","PERFORMANCE_METADATA_CANDIDATE","V1719_PROGRAM_METADATA_READER","Performance metadata candidate.","78","False","False","True","NO_BINARY_OUTPUT_METADATA_ONLY"
"BANK06.PRF","E:\UAOS_OPEN_LIBRARY_SOURCE\pa3x\SUPER4X.3X ASLY2018.SET\SUPER4X.3X ASLY2018.SET\PERFORM\BANK06.PRF",".prf","18585","43BB51FD2C834C1B9082A1C32238DABC10ED9A6E76138D934746A01F62793AE2","PRF_PERFORMANCE","PERFORMANCE_METADATA_CANDIDATE","V1719_PROGRAM_METADATA_READER","Performance metadata candidate.","78","False","False","True","NO_BINARY_OUTPUT_METADATA_ONLY"
"BANK07.PRF","E:\UAOS_OPEN_LIBRARY_SOURCE\pa3x\rahm pa3x.SET\rahm pa3x.SET\PERFORM\BANK07.PRF",".prf","3823","514284D7A875824568773A4B26F8DA289B987571625543A4D8D34A2EA8B9BDC7","PRF_PERFORMANCE","PERFORMANCE_METADATA_CANDIDATE","V1719_PROGRAM_METADATA_READER","Performance metadata candidate.","78","False","False","True","NO_BINARY_OUTPUT_METADATA_ONLY"
"BANK07.PRF","E:\UAOS_OPEN_LIBRARY_SOURCE\pa3x\RoTaNa(1) pa3x.SET\tareq pa3x.SET\PERFORM\BANK07.PRF",".prf","12700","B164BD87E86D704D035AE2EA2D5AB78E9D6AD564A04873F40136BAC9FCAACD2E","PRF_PERFORMANCE","PERFORMANCE_METADATA_CANDIDATE","V1719_PROGRAM_METADATA_READER","Performance metadata candidate.","78","False","False","True","NO_BINARY_OUTPUT_METADATA_ONLY"
"BANK07.PRF","E:\UAOS_OPEN_LIBRARY_SOURCE\pa3x\‏‏RoTaNa(1) pa3x.SET - نسخة\tareq pa3x.SET\PERFORM\BANK07.PRF",".prf","12700","B164BD87E86D704D035AE2EA2D5AB78E9D6AD564A04873F40136BAC9FCAACD2E","PRF_PERFORMANCE","PERFORMANCE_METADATA_CANDIDATE","V1719_PROGRAM_METADATA_READER","Performance metadata candidate.","78","False","False","True","NO_BINARY_OUTPUT_METADATA_ONLY"
"BANK07.PRF","E:\UAOS_OPEN_LIBRARY_SOURCE\pa3x\3xxxxx.SET\3xxxxx.SET\PERFORM\BANK07.PRF",".prf","12996","38C215B022EB70DBAF9ABB8600D6383DCD3DCC8C075BDF266FF40FFFEE1E71CE","PRF_PERFORMANCE","PERFORMANCE_METADATA_CANDIDATE","V1719_PROGRAM_METADATA_READER","Performance metadata candidate.","78","False","False","True","NO_BINARY_OUTPUT_METADATA_ONLY"
"BANK07.PRF","E:\UAOS_OPEN_LIBRARY_SOURCE\pa3x\SUPER4X.3X ASLY2018.SET\SUPER4X.3X ASLY2018.SET\PERFORM\BANK07.PRF",".prf","11302","81AA0710264588B155BE8C9ABC1AA51A3C65EB8052F23ECD61455F91F1C57A49","PRF_PERFORMANCE","PERFORMANCE_METADATA_CANDIDATE","V1719_PROGRAM_METADATA_READER","Performance metadata candidate.","78","False","False","True","NO_BINARY_OUTPUT_METADATA_ONLY"
"BANK08.PRF","E:\UAOS_OPEN_LIBRARY_SOURCE\pa3x\rahm pa3x.SET\rahm pa3x.SET\PERFORM\BANK08.PRF",".prf","2420","182D3345184990106F1B6D0D2E7D264ABBB202863DB0C4D465C52933CB63FEE6","PRF_PERFORMANCE","PERFORMANCE_METADATA_CANDIDATE","V1719_PROGRAM_METADATA_READER","Performance metadata candidate.","78","False","False","True","NO_BINARY_OUTPUT_METADATA_ONLY"
"BANK08.PRF","E:\UAOS_OPEN_LIBRARY_SOURCE\pa3x\RoTaNa(1) pa3x.SET\tareq pa3x.SET\PERFORM\BANK08.PRF",".prf","29597","564B12B43D3FC5A5C13FD69C79E0D95C7D8FBA6BBFFFF57E2C0E29910B866456","PRF_PERFORMANCE","PERFORMANCE_METADATA_CANDIDATE","V1719_PROGRAM_METADATA_READER","Performance metadata candidate.","78","False","False","True","NO_BINARY_OUTPUT_METADATA_ONLY"
"BANK08.PRF","E:\UAOS_OPEN_LIBRARY_SOURCE\pa3x\3xxxxx.SET\3xxxxx.SET\PERFORM\BANK08.PRF",".prf","13304","538992F638F8A3A45752D20A764D1F1B5A9E10D91B426EDC012F28095F239FAD","PRF_PERFORMANCE","PERFORMANCE_METADATA_CANDIDATE","V1719_PROGRAM_METADATA_READER","Performance metadata candidate.","78","False","False","True","NO_BINARY_OUTPUT_METADATA_ONLY"
"BANK08.PRF","E:\UAOS_OPEN_LIBRARY_SOURCE\pa3x\SUPER4X.3X ASLY2018.SET\SUPER4X.3X ASLY2018.SET\PERFORM\BANK08.PRF",".prf","16987","832F2E6DB27E127EE7736A94E3B3E5A70EE4F51A97238D8F8DB8AF1C499EED68","PRF_PERFORMANCE","PERFORMANCE_METADATA_CANDIDATE","V1719_PROGRAM_METADATA_READER","Performance metadata candidate.","78","False","False","True","NO_BINARY_OUTPUT_METADATA_ONLY"
"BANK08.PRF","E:\UAOS_OPEN_LIBRARY_SOURCE\pa3x\‏‏RoTaNa(1) pa3x.SET - نسخة\tareq pa3x.SET\PERFORM\BANK08.PRF",".prf","29597","564B12B43D3FC5A5C13FD69C79E0D95C7D8FBA6BBFFFF57E2C0E29910B866456","PRF_PERFORMANCE","PERFORMANCE_METADATA_CANDIDATE","V1719_PROGRAM_METADATA_READER","Performance metadata candidate.","78","False","False","True","NO_BINARY_OUTPUT_METADATA_ONLY"
"BANK09.PRF","E:\UAOS_OPEN_LIBRARY_SOURCE\pa3x\3xxxxx.SET\3xxxxx.SET\PERFORM\BANK09.PRF",".prf","31565","943C717F49FAB3CE88195A64B8312A7545E2FA75DA5648F797E639E130B1B9E2","PRF_PERFORMANCE","PERFORMANCE_METADATA_CANDIDATE","V1719_PROGRAM_METADATA_READER","Performance metadata candidate.","78","False","False","True","NO_BINARY_OUTPUT_METADATA_ONLY"
"BANK09.PRF","E:\UAOS_OPEN_LIBRARY_SOURCE\pa3x\SUPER4X.3X ASLY2018.SET\SUPER4X.3X ASLY2018.SET\PERFORM\BANK09.PRF",".prf","30596","794E7DA832539853D07EAFD8B45039A625612DB702C5D66EEA518AA2091880DC","PRF_PERFORMANCE","PERFORMANCE_METADATA_CANDIDATE","V1719_PROGRAM_METADATA_READER","Performance metadata candidate.","78","False","False","True","NO_BINARY_OUTPUT_METADATA_ONLY"
"BANK09.PRF","E:\UAOS_OPEN_LIBRARY_SOURCE\pa3x\‏‏RoTaNa(1) pa3x.SET - نسخة\tareq pa3x.SET\PERFORM\BANK09.PRF",".prf","29865","3BBDABB55531E16C9F6C2FE6FCFAB214938645C92403F4C95BDFD48DCA3AAEB9","PRF_PERFORMANCE","PERFORMANCE_METADATA_CANDIDATE","V1719_PROGRAM_METADATA_READER","Performance metadata candidate.","78","False","False","True","NO_BINARY_OUTPUT_METADATA_ONLY"
"BANK09.PRF","E:\UAOS_OPEN_LIBRARY_SOURCE\pa3x\RoTaNa(1) pa3x.SET\tareq pa3x.SET\PERFORM\BANK09.PRF",".prf","29865","3BBDABB55531E16C9F6C2FE6FCFAB214938645C92403F4C95BDFD48DCA3AAEB9","PRF_PERFORMANCE","PERFORMANCE_METADATA_CANDIDATE","V1719_PROGRAM_METADATA_READER","Performance metadata candidate.","78","False","False","True","NO_BINARY_OUTPUT_METADATA_ONLY"
"BANK09.PRF","E:\UAOS_OPEN_LIBRARY_SOURCE\pa3x\rahm pa3x.SET\rahm pa3x.SET\PERFORM\BANK09.PRF",".prf","7722","F85AEB3213B35AB75EC45F097E2FA6D9997E4895690DE6CB72CF6FD9BCB5EC3A","PRF_PERFORMANCE","PERFORMANCE_METADATA_CANDIDATE","V1719_PROGRAM_METADATA_READER","Performance metadata candidate.","78","False","False","True","NO_BINARY_OUTPUT_METADATA_ONLY"
"BANK10.PRF","E:\UAOS_OPEN_LIBRARY_SOURCE\pa3x\3xxxxx.SET\3xxxxx.SET\PERFORM\BANK10.PRF",".prf","27448","6BB526612FF4C742B93357106DA855ED5CD81A6D16003B764692D90C8187915D","PRF_PERFORMANCE","PERFORMANCE_METADATA_CANDIDATE","V1719_PROGRAM_METADATA_READER","Performance metadata candidate.","78","False","False","True","NO_BINARY_OUTPUT_METADATA_ONLY"
"BANK10.PRF","E:\UAOS_OPEN_LIBRARY_SOURCE\pa3x\SUPER4X.3X ASLY2018.SET\SUPER4X.3X ASLY2018.SET\PERFORM\BANK10.PRF",".prf","17956","3D7F437F1DA7389DDBEBB839CD0DD0084E1D4339B17E0CD0B7BC4F4D8C426C22","PRF_PERFORMANCE","PERFORMANCE_METADATA_CANDIDATE","V1719_PROGRAM_METADATA_READER","Performance metadata candidate.","78","False","False","True","NO_BINARY_OUTPUT_METADATA_ONLY"
"BANK10.PRF","E:\UAOS_OPEN_LIBRARY_SOURCE\pa3x\RoTaNa(1) pa3x.SET\tareq pa3x.SET\PERFORM\BANK10.PRF",".prf","20295","CF3BF4875B1F99C932DBE1B066C5B89E7DACEAEBA56ACE0069E26CFAC283D74D","PRF_PERFORMANCE","PERFORMANCE_METADATA_CANDIDATE","V1719_PROGRAM_METADATA_READER","Performance metadata candidate.","78","False","False","True","NO_BINARY_OUTPUT_METADATA_ONLY"
"BANK10.PRF","E:\UAOS_OPEN_LIBRARY_SOURCE\pa3x\‏‏RoTaNa(1) pa3x.SET - نسخة\tareq pa3x.SET\PERFORM\BANK10.PRF",".prf","20295","CF3BF4875B1F99C932DBE1B066C5B89E7DACEAEBA56ACE0069E26CFAC283D74D","PRF_PERFORMANCE","PERFORMANCE_METADATA_CANDIDATE","V1719_PROGRAM_METADATA_READER","Performance metadata candidate.","78","False","False","True","NO_BINARY_OUTPUT_METADATA_ONLY"
"BANK10.PRF","E:\UAOS_OPEN_LIBRARY_SOURCE\pa3x\rahm pa3x.SET\rahm pa3x.SET\PERFORM\BANK10.PRF",".prf","12983","9394CF9B901CCAB4C9C3D518C5F0D830BDB31BF9764A18A922DB0899E9183866","PRF_PERFORMANCE","PERFORMANCE_METADATA_CANDIDATE","V1719_PROGRAM_METADATA_READER","Performance metadata candidate.","78","False","False","True","NO_BINARY_OUTPUT_METADATA_ONLY"
"BANK11.PRF","E:\UAOS_OPEN_LIBRARY_SOURCE\pa3x\‏‏RoTaNa(1) pa3x.SET - نسخة\tareq pa3x.SET\PERFORM\BANK11.PRF",".prf","24081","6AF160D9DA253AD42DCF9ED9FF06BE5AA74116B550F2B4107759A82DC6EB3CCD","PRF_PERFORMANCE","PERFORMANCE_METADATA_CANDIDATE","V1719_PROGRAM_METADATA_READER","Performance metadata candidate.","78","False","False","True","NO_BINARY_OUTPUT_METADATA_ONLY"
"BANK11.PRF","E:\UAOS_OPEN_LIBRARY_SOURCE\pa3x\3xxxxx.SET\3xxxxx.SET\PERFORM\BANK11.PRF",".prf","9556","66139CA1250AFE15A318E107968B960B9C99648F2092FDC60DA9EEA0346C8A58","PRF_PERFORMANCE","PERFORMANCE_METADATA_CANDIDATE","V1719_PROGRAM_METADATA_READER","Performance metadata candidate.","78","False","False","True","NO_BINARY_OUTPUT_METADATA_ONLY"
"BANK11.PRF","E:\UAOS_OPEN_LIBRARY_SOURCE\pa3x\SUPER4X.3X ASLY2018.SET\SUPER4X.3X ASLY2018.SET\PERFORM\BANK11.PRF",".prf","18001","C085823A2A8F182B42B30811699930F02DE853C15D5E7601599E777D3C1AF958","PRF_PERFORMANCE","PERFORMANCE_METADATA_CANDIDATE","V1719_PROGRAM_METADATA_READER","Performance metadata candidate.","78","False","False","True","NO_BINARY_OUTPUT_METADATA_ONLY"
"BANK11.PRF","E:\UAOS_OPEN_LIBRARY_SOURCE\pa3x\rahm pa3x.SET\rahm pa3x.SET\PERFORM\BANK11.PRF",".prf","12917","DAB145E9C3ED006B0BD0BD3FB62F01CAF69807B0FC62362ADE7B82362D51B863","PRF_PERFORMANCE","PERFORMANCE_METADATA_CANDIDATE","V1719_PROGRAM_METADATA_READER","Performance metadata candidate.","78","False","False","True","NO_BINARY_OUTPUT_METADATA_ONLY"
"BANK11.PRF","E:\UAOS_OPEN_LIBRARY_SOURCE\pa3x\RoTaNa(1) pa3x.SET\tareq pa3x.SET\PERFORM\BANK11.PRF",".prf","24081","6AF160D9DA253AD42DCF9ED9FF06BE5AA74116B550F2B4107759A82DC6EB3CCD","PRF_PERFORMANCE","PERFORMANCE_METADATA_CANDIDATE","V1719_PROGRAM_METADATA_READER","Performance metadata candidate.","78","False","False","True","NO_BINARY_OUTPUT_METADATA_ONLY"
"BANK12.PRF","E:\UAOS_OPEN_LIBRARY_SOURCE\pa3x\SUPER4X.3X ASLY2018.SET\SUPER4X.3X ASLY2018.SET\PERFORM\BANK12.PRF",".prf","791","C5CA89A70FBB5F54179504ED1A37475A315E752F85365998669C5F15D90FF0FE","PRF_PERFORMANCE","PERFORMANCE_METADATA_CANDIDATE","V1719_PROGRAM_METADATA_READER","Performance metadata candidate.","78","False","False","True","NO_BINARY_OUTPUT_METADATA_ONLY"
"BANK12.PRF","E:\UAOS_OPEN_LIBRARY_SOURCE\pa3x\RoTaNa(1) pa3x.SET\tareq pa3x.SET\PERFORM\BANK12.PRF",".prf","30396","54A3F0A45D19D6C261268C9CA5F4D9C9C7370EC2EC4AA2EB3EFCEC22A00034B6","PRF_PERFORMANCE","PERFORMANCE_METADATA_CANDIDATE","V1719_PROGRAM_METADATA_READER","Performance metadata candidate.","78","False","False","True","NO_BINARY_OUTPUT_METADATA_ONLY"
"BANK12.PRF","E:\UAOS_OPEN_LIBRARY_SOURCE\pa3x\rahm pa3x.SET\rahm pa3x.SET\PERFORM\BANK12.PRF",".prf","12823","26300EB59FE5F4CBD92408FE6B425B1B7476D9BBD93DC9799EA8C371D8FE98D7","PRF_PERFORMANCE","PERFORMANCE_METADATA_CANDIDATE","V1719_PROGRAM_METADATA_READER","Performance metadata candidate.","78","False","False","True","NO_BINARY_OUTPUT_METADATA_ONLY"
"BANK12.PRF","E:\UAOS_OPEN_LIBRARY_SOURCE\pa3x\‏‏RoTaNa(1) pa3x.SET - نسخة\tareq pa3x.SET\PERFORM\BANK12.PRF",".prf","30396","54A3F0A45D19D6C261268C9CA5F4D9C9C7370EC2EC4AA2EB3EFCEC22A00034B6","PRF_PERFORMANCE","PERFORMANCE_METADATA_CANDIDATE","V1719_PROGRAM_METADATA_READER","Performance metadata candidate.","78","False","False","True","NO_BINARY_OUTPUT_METADATA_ONLY"
"BANK12.PRF","E:\UAOS_OPEN_LIBRARY_SOURCE\pa3x\3xxxxx.SET\3xxxxx.SET\PERFORM\BANK12.PRF",".prf","12823","26300EB59FE5F4CBD92408FE6B425B1B7476D9BBD93DC9799EA8C371D8FE98D7","PRF_PERFORMANCE","PERFORMANCE_METADATA_CANDIDATE","V1719_PROGRAM_METADATA_READER","Performance metadata candidate.","78","False","False","True","NO_BINARY_OUTPUT_METADATA_ONLY"
"BANK13.PRF","E:\UAOS_OPEN_LIBRARY_SOURCE\pa3x\SUPER4X.3X ASLY2018.SET\SUPER4X.3X ASLY2018.SET\PERFORM\BANK13.PRF",".prf","791","C68FEBB99C38AA6F137AF165AAA4C08484C543520F0F32ADE2DECD72DD9CAA74","PRF_PERFORMANCE","PERFORMANCE_METADATA_CANDIDATE","V1719_PROGRAM_METADATA_READER","Performance metadata candidate.","78","False","False","True","NO_BINARY_OUTPUT_METADATA_ONLY"
"BANK13.PRF","E:\UAOS_OPEN_LIBRARY_SOURCE\pa3x\rahm pa3x.SET\rahm pa3x.SET\PERFORM\BANK13.PRF",".prf","12841","2F623FDFDFBAA1DA851259A70A7433B221EC49E52D41454C456E4DD909D8A8C2","PRF_PERFORMANCE","PERFORMANCE_METADATA_CANDIDATE","V1719_PROGRAM_METADATA_READER","Performance metadata candidate.","78","False","False","True","NO_BINARY_OUTPUT_METADATA_ONLY"
"BANK13.PRF","E:\UAOS_OPEN_LIBRARY_SOURCE\pa3x\3xxxxx.SET\3xxxxx.SET\PERFORM\BANK13.PRF",".prf","12841","2F623FDFDFBAA1DA851259A70A7433B221EC49E52D41454C456E4DD909D8A8C2","PRF_PERFORMANCE","PERFORMANCE_METADATA_CANDIDATE","V1719_PROGRAM_METADATA_READER","Performance metadata candidate.","78","False","False","True","NO_BINARY_OUTPUT_METADATA_ONLY"
"BANK13.PRF","E:\UAOS_OPEN_LIBRARY_SOURCE\pa3x\‏‏RoTaNa(1) pa3x.SET - نسخة\tareq pa3x.SET\PERFORM\BANK13.PRF",".prf","29899","7649EF10EA936ABD225C4BD9140F3B5FCBB62BD88628A9F1D14ACFC9F17286FD","PRF_PERFORMANCE","PERFORMANCE_METADATA_CANDIDATE","V1719_PROGRAM_METADATA_READER","Performance metadata candidate.","78","False","False","True","NO_BINARY_OUTPUT_METADATA_ONLY"
"BANK13.PRF","E:\UAOS_OPEN_LIBRARY_SOURCE\pa3x\RoTaNa(1) pa3x.SET\tareq pa3x.SET\PERFORM\BANK13.PRF",".prf","29899","7649EF10EA936ABD225C4BD9140F3B5FCBB62BD88628A9F1D14ACFC9F17286FD","PRF_PERFORMANCE","PERFORMANCE_METADATA_CANDIDATE","V1719_PROGRAM_METADATA_READER","Performance metadata candidate.","78","False","False","True","NO_BINARY_OUTPUT_METADATA_ONLY"
"BANK14.PRF","E:\UAOS_OPEN_LIBRARY_SOURCE\pa3x\SUPER4X.3X ASLY2018.SET\SUPER4X.3X ASLY2018.SET\PERFORM\BANK14.PRF",".prf","791","6BE8184D42FFD831C308427001B02279EB38DB01D47CAC831D47447309B3110F","PRF_PERFORMANCE","PERFORMANCE_METADATA_CANDIDATE","V1719_PROGRAM_METADATA_READER","Performance metadata candidate.","78","False","False","True","NO_BINARY_OUTPUT_METADATA_ONLY"
"BANK14.PRF","E:\UAOS_OPEN_LIBRARY_SOURCE\pa3x\‏‏RoTaNa(1) pa3x.SET - نسخة\tareq pa3x.SET\PERFORM\BANK14.PRF",".prf","31921","6950CAE332A6EBE79C089274AFB4381A1B33605237C2AC16CE9D2A9951B82E57","PRF_PERFORMANCE","PERFORMANCE_METADATA_CANDIDATE","V1719_PROGRAM_METADATA_READER","Performance metadata candidate.","78","False","False","True","NO_BINARY_OUTPUT_METADATA_ONLY"
"BANK14.PRF","E:\UAOS_OPEN_LIBRARY_SOURCE\pa3x\3xxxxx.SET\3xxxxx.SET\PERFORM\BANK14.PRF",".prf","12689","5979DE039D3AC66B9CF3D7FB5CBC2F6A1E60B32E58B7D34472C6AA8B9DAB7FEA","PRF_PERFORMANCE","PERFORMANCE_METADATA_CANDIDATE","V1719_PROGRAM_METADATA_READER","Performance metadata candidate.","78","False","False","True","NO_BINARY_OUTPUT_METADATA_ONLY"
"BANK14.PRF","E:\UAOS_OPEN_LIBRARY_SOURCE\pa3x\RoTaNa(1) pa3x.SET\tareq pa3x.SET\PERFORM\BANK14.PRF",".prf","31921","6950CAE332A6EBE79C089274AFB4381A1B33605237C2AC16CE9D2A9951B82E57","PRF_PERFORMANCE","PERFORMANCE_METADATA_CANDIDATE","V1719_PROGRAM_METADATA_READER","Performance metadata candidate.","78","False","False","True","NO_BINARY_OUTPUT_METADATA_ONLY"
"BANK14.PRF","E:\UAOS_OPEN_LIBRARY_SOURCE\pa3x\rahm pa3x.SET\rahm pa3x.SET\PERFORM\BANK14.PRF",".prf","12689","5979DE039D3AC66B9CF3D7FB5CBC2F6A1E60B32E58B7D34472C6AA8B9DAB7FEA","PRF_PERFORMANCE","PERFORMANCE_METADATA_CANDIDATE","V1719_PROGRAM_METADATA_READER","Performance metadata candidate.","78","False","False","True","NO_BINARY_OUTPUT_METADATA_ONLY"
"BANK15.PRF","E:\UAOS_OPEN_LIBRARY_SOURCE\pa3x\SUPER4X.3X ASLY2018.SET\SUPER4X.3X ASLY2018.SET\PERFORM\BANK15.PRF",".prf","791","4FC6BB04A213E59524618D52474C756F00C1C13EF25D8B8FDE287B1D40437A28","PRF_PERFORMANCE","PERFORMANCE_METADATA_CANDIDATE","V1719_PROGRAM_METADATA_READER","Performance metadata candidate.","78","False","False","True","NO_BINARY_OUTPUT_METADATA_ONLY"
"BANK15.PRF","E:\UAOS_OPEN_LIBRARY_SOURCE\pa3x\RoTaNa(1) pa3x.SET\tareq pa3x.SET\PERFORM\BANK15.PRF",".prf","31861","F73A610FEEC56FE03622F8D039C2F24A0BFCD394531C24C434CEA8FD7B4393A6","PRF_PERFORMANCE","PERFORMANCE_METADATA_CANDIDATE","V1719_PROGRAM_METADATA_READER","Performance metadata candidate.","78","False","False","True","NO_BINARY_OUTPUT_METADATA_ONLY"
"BANK15.PRF","E:\UAOS_OPEN_LIBRARY_SOURCE\pa3x\rahm pa3x.SET\rahm pa3x.SET\PERFORM\BANK15.PRF",".prf","30112","F1CA7923B6ED9B584B0AA5CA46E5C689C7DECE2263954AA3A8DE37DD8384A195","PRF_PERFORMANCE","PERFORMANCE_METADATA_CANDIDATE","V1719_PROGRAM_METADATA_READER","Performance metadata candidate.","78","False","False","True","NO_BINARY_OUTPUT_METADATA_ONLY"
"BANK15.PRF","E:\UAOS_OPEN_LIBRARY_SOURCE\pa3x\3xxxxx.SET\3xxxxx.SET\PERFORM\BANK15.PRF",".prf","30112","F1CA7923B6ED9B584B0AA5CA46E5C689C7DECE2263954AA3A8DE37DD8384A195","PRF_PERFORMANCE","PERFORMANCE_METADATA_CANDIDATE","V1719_PROGRAM_METADATA_READER","Performance metadata candidate.","78","False","False","True","NO_BINARY_OUTPUT_METADATA_ONLY"
"BANK15.PRF","E:\UAOS_OPEN_LIBRARY_SOURCE\pa3x\‏‏RoTaNa(1) pa3x.SET - نسخة\tareq pa3x.SET\PERFORM\BANK15.PRF",".prf","31861","F73A610FEEC56FE03622F8D039C2F24A0BFCD394531C24C434CEA8FD7B4393A6","PRF_PERFORMANCE","PERFORMANCE_METADATA_CANDIDATE","V1719_PROGRAM_METADATA_READER","Performance metadata candidate.","78","False","False","True","NO_BINARY_OUTPUT_METADATA_ONLY"
"BANK16.PRF","E:\UAOS_OPEN_LIBRARY_SOURCE\pa3x\SUPER4X.3X ASLY2018.SET\SUPER4X.3X ASLY2018.SET\PERFORM\BANK16.PRF",".prf","791","1F5A221A6F7A340BF913E7ABE0CA2AA745FD5476288D4FA5D5D839C4747CDCCB","PRF_PERFORMANCE","PERFORMANCE_METADATA_CANDIDATE","V1719_PROGRAM_METADATA_READER","Performance metadata candidate.","78","False","False","True","NO_BINARY_OUTPUT_METADATA_ONLY"
"BANK16.PRF","E:\UAOS_OPEN_LIBRARY_SOURCE\pa3x\rahm pa3x.SET\rahm pa3x.SET\PERFORM\BANK16.PRF",".prf","4080","48D9DE02153F801C58F0ACF276D3155AA3CD99751317D67650D78A5D99B647E0","PRF_PERFORMANCE","PERFORMANCE_METADATA_CANDIDATE","V1719_PROGRAM_METADATA_READER","Performance metadata candidate.","78","False","False","True","NO_BINARY_OUTPUT_METADATA_ONLY"
"BANK16.PRF","E:\UAOS_OPEN_LIBRARY_SOURCE\pa3x\‏‏RoTaNa(1) pa3x.SET - نسخة\tareq pa3x.SET\PERFORM\BANK16.PRF",".prf","29611","61C6D9789B0988A8AF9F09AE3353CC3896CF382B010F25E1AAE913FE1AC7770B","PRF_PERFORMANCE","PERFORMANCE_METADATA_CANDIDATE","V1719_PROGRAM_METADATA_READER","Performance metadata candidate.","78","False","False","True","NO_BINARY_OUTPUT_METADATA_ONLY"
"BANK16.PRF","E:\UAOS_OPEN_LIBRARY_SOURCE\pa3x\3xxxxx.SET\3xxxxx.SET\PERFORM\BANK16.PRF",".prf","32011","D846F23798C2FBB0BD7759B95C5556DC441B50DC06BD8AC5C3BBB50FEA269EC9","PRF_PERFORMANCE","PERFORMANCE_METADATA_CANDIDATE","V1719_PROGRAM_METADATA_READER","Performance metadata candidate.","78","False","False","True","NO_BINARY_OUTPUT_METADATA_ONLY"
"BANK16.PRF","E:\UAOS_OPEN_LIBRARY_SOURCE\pa3x\RoTaNa(1) pa3x.SET\tareq pa3x.SET\PERFORM\BANK16.PRF",".prf","29611","61C6D9789B0988A8AF9F09AE3353CC3896CF382B010F25E1AAE913FE1AC7770B","PRF_PERFORMANCE","PERFORMANCE_METADATA_CANDIDATE","V1719_PROGRAM_METADATA_READER","Performance metadata candidate.","78","False","False","True","NO_BINARY_OUTPUT_METADATA_ONLY"
"USER01.PRF","E:\UAOS_OPEN_LIBRARY_SOURCE\pa3x\a1111.SET\a1111.SET\KEYBOARDSET\USER01.PRF",".prf","50827","E2254B333C36330FC83730C5FB33FE3232E8AA3B9E91B5F19054C29BA612711B","PRF_PERFORMANCE","PERFORMANCE_METADATA_CANDIDATE","V1719_PROGRAM_METADATA_READER","Performance metadata candidate.","78","False","False","True","NO_BINARY_OUTPUT_METADATA_ONLY"
"USER01.PRF","E:\UAOS_OPEN_LIBRARY_SOURCE\pa3x\omar44.SET\omar44.SET\KEYBOARDSET\USER01.PRF",".prf","54376","3FB0A4C9832322FE7767EC38FABF8706D30A31FD7D5CFAD5299EB85E97A29E1A","PRF_PERFORMANCE","PERFORMANCE_METADATA_CANDIDATE","V1719_PROGRAM_METADATA_READER","Performance metadata candidate.","78","False","False","True","NO_BINARY_OUTPUT_METADATA_ONLY"
"USER01.PRF","E:\UAOS_OPEN_LIBRARY_SOURCE\pa3x\LIVE CHARKI 3 2.SET\LIVE CHARKI 3 2.SET\KEYBOARDSET\USER01.PRF",".prf","42582","DC8ACC9099DE983CF49C4DA1731A1458C165D491A3B6141B96EB5F4A49B9F447","PRF_PERFORMANCE","PERFORMANCE_METADATA_CANDIDATE","V1719_PROGRAM_METADATA_READER","Performance metadata candidate.","78","False","False","True","NO_BINARY_OUTPUT_METADATA_ONLY"
"USER01.PRF","E:\UAOS_OPEN_LIBRARY_SOURCE\pa3x\ROTANA. 2022.SET\ROTANA. 2022.SET\KEYBOARDSET\USER01.PRF",".prf","49869","438D2E6528528A320C873F51EC8AE51345C5A2CB82ABE2DF4675A15015622C08","PRF_PERFORMANCE","PERFORMANCE_METADATA_CANDIDATE","V1719_PROGRAM_METADATA_READER","Performance metadata candidate.","78","False","False","True","NO_BINARY_OUTPUT_METADATA_ONLY"
"USER01.PRF","E:\UAOS_OPEN_LIBRARY_SOURCE\pa3x\ABOUD NEXT-MG.SET\ABOUD NEXT-MG.SET\KEYBOARDSET\USER01.PRF",".prf","60298","63BC681C16D88CDC79C0975A22D592491777B034BC51CFD0C44386A1F9ECEBB4","PRF_PERFORMANCE","PERFORMANCE_METADATA_CANDIDATE","V1719_PROGRAM_METADATA_READER","Performance metadata candidate.","78","False","False","True","NO_BINARY_OUTPUT_METADATA_ONLY"
"USER01.PRF","E:\UAOS_OPEN_LIBRARY_SOURCE\pa3x\2020 pa1000 pa4x.SET\2020 pa1000 pa4x.SET\KEYBOARDSET\USER01.PRF",".prf","43860","6D98F5C2E47C790DD9973C35D670C91CB991A9F7803489558670401384194ADA","PRF_PERFORMANCE","PERFORMANCE_METADATA_CANDIDATE","V1719_PROGRAM_METADATA_READER","Performance metadata candidate.","78","False","False","True","NO_BINARY_OUTPUT_METADATA_ONLY"
"USER02.PRF","E:\UAOS_OPEN_LIBRARY_SOURCE\pa3x\omar44.SET\omar44.SET\KEYBOARDSET\USER02.PRF",".prf","39154","74E2C329F30F139597226A9233858BDA2BD91EB122A589353D8FA09202F1EBF7","PRF_PERFORMANCE","PERFORMANCE_METADATA_CANDIDATE","V1719_PROGRAM_METADATA_READER","Performance metadata candidate.","78","False","False","True","NO_BINARY_OUTPUT_METADATA_ONLY"
"USER02.PRF","E:\UAOS_OPEN_LIBRARY_SOURCE\pa3x\LIVE CHARKI 3 2.SET\LIVE CHARKI 3 2.SET\KEYBOARDSET\USER02.PRF",".prf","19225","620FF51FE35FAE53D4E7B065DABDC0A07DFCABFA53C715905357D421FE86DF37","PRF_PERFORMANCE","PERFORMANCE_METADATA_CANDIDATE","V1719_PROGRAM_METADATA_READER","Performance metadata candidate.","78","False","False","True","NO_BINARY_OUTPUT_METADATA_ONLY"
"USER02.PRF","E:\UAOS_OPEN_LIBRARY_SOURCE\pa3x\ABOUD NEXT-MG.SET\ABOUD NEXT-MG.SET\KEYBOARDSET\USER02.PRF",".prf","29632","F6F86AA64C69A57D3F4420CCB8BE023EEEAFE49A47BA2AEE5C287CA444AACC64","PRF_PERFORMANCE","PERFORMANCE_METADATA_CANDIDATE","V1719_PROGRAM_METADATA_READER","Performance metadata candidate.","78","False","False","True","NO_BINARY_OUTPUT_METADATA_ONLY"
"USER02.PRF","E:\UAOS_OPEN_LIBRARY_SOURCE\pa3x\2020 pa1000 pa4x.SET\2020 pa1000 pa4x.SET\KEYBOARDSET\USER02.PRF",".prf","53467","E9B22519B978D990DC6FEE492BF94FDE7C87BBD5A5900AACECDB4118F59B289C","PRF_PERFORMANCE","PERFORMANCE_METADATA_CANDIDATE","V1719_PROGRAM_METADATA_READER","Performance metadata candidate.","78","False","False","True","NO_BINARY_OUTPUT_METADATA_ONLY"
"USER02.PRF","E:\UAOS_OPEN_LIBRARY_SOURCE\pa3x\a1111.SET\a1111.SET\KEYBOARDSET\USER02.PRF",".prf","14767","8525D5D0D9D8D46D1A3C2F77E35A6DE977DF25CF1FEB8209A521F6C2F850AE4C","PRF_PERFORMANCE","PERFORMANCE_METADATA_CANDIDATE","V1719_PROGRAM_METADATA_READER","Performance metadata candidate.","78","False","False","True","NO_BINARY_OUTPUT_METADATA_ONLY"
"USER02.PRF","E:\UAOS_OPEN_LIBRARY_SOURCE\pa3x\ROTANA. 2022.SET\ROTANA. 2022.SET\KEYBOARDSET\USER02.PRF",".prf","30028","3DA61FC10448F0EEAF15A63FFFD0A5D21E2A71C530A4251CE806644F435CAFC1","PRF_PERFORMANCE","PERFORMANCE_METADATA_CANDIDATE","V1719_PROGRAM_METADATA_READER","Performance metadata candidate.","78","False","False","True","NO_BINARY_OUTPUT_METADATA_ONLY"
"USER03.PRF","E:\UAOS_OPEN_LIBRARY_SOURCE\pa3x\omar44.SET\omar44.SET\KEYBOARDSET\USER03.PRF",".prf","28949","088BE6D76EAACD5A0A53880C6E9EF4F0133C4CB9643F0A98CBF0FAB941D9D08F","PRF_PERFORMANCE","PERFORMANCE_METADATA_CANDIDATE","V1719_PROGRAM_METADATA_READER","Performance metadata candidate.","78","False","False","True","NO_BINARY_OUTPUT_METADATA_ONLY"
"USER03.PRF","E:\UAOS_OPEN_LIBRARY_SOURCE\pa3x\ABOUD NEXT-MG.SET\ABOUD NEXT-MG.SET\KEYBOARDSET\USER03.PRF",".prf","53723","779E9AB89648D7CA769C47922946001B2638A982D82772AB8E7E317F69B5CCAD","PRF_PERFORMANCE","PERFORMANCE_METADATA_CANDIDATE","V1719_PROGRAM_METADATA_READER","Performance metadata candidate.","78","False","False","True","NO_BINARY_OUTPUT_METADATA_ONLY"
"USER03.PRF","E:\UAOS_OPEN_LIBRARY_SOURCE\pa3x\LIVE CHARKI 3 2.SET\LIVE CHARKI 3 2.SET\KEYBOARDSET\USER03.PRF",".prf","49456","E09B9FA90CE980F9AC16D390114B6DEA8FDB624458849C16B52E0A9CDFB3BC3C","PRF_PERFORMANCE","PERFORMANCE_METADATA_CANDIDATE","V1719_PROGRAM_METADATA_READER","Performance metadata candidate.","78","False","False","True","NO_BINARY_OUTPUT_METADATA_ONLY"
"USER03.PRF","E:\UAOS_OPEN_LIBRARY_SOURCE\pa3x\ROTANA. 2022.SET\ROTANA. 2022.SET\KEYBOARDSET\USER03.PRF",".prf","33647","0A2AE4C1BB0CBFED0705B1ABA71CE510E49C8CA94B079AA9BE5CAEF51E4C870B","PRF_PERFORMANCE","PERFORMANCE_METADATA_CANDIDATE","V1719_PROGRAM_METADATA_READER","Performance metadata candidate.","78","False","False","True","NO_BINARY_OUTPUT_METADATA_ONLY"
"USER03.PRF","E:\UAOS_OPEN_LIBRARY_SOURCE\pa3x\2020 pa1000 pa4x.SET\2020 pa1000 pa4x.SET\KEYBOARDSET\USER03.PRF",".prf","40069","D8D84023F165C313F03D9E14B90D9EE698B8CBF2918E469E613822307538AE56","PRF_PERFORMANCE","PERFORMANCE_METADATA_CANDIDATE","V1719_PROGRAM_METADATA_READER","Performance metadata candidate.","78","False","False","True","NO_BINARY_OUTPUT_METADATA_ONLY"
"USER03.PRF","E:\UAOS_OPEN_LIBRARY_SOURCE\pa3x\a1111.SET\a1111.SET\KEYBOARDSET\USER03.PRF",".prf","33299","65036D4D4506C03B730063C0EC2DD7BD890E2B57530BDE8BCEBA1C17BF0B6063","PRF_PERFORMANCE","PERFORMANCE_METADATA_CANDIDATE","V1719_PROGRAM_METADATA_READER","Performance metadata candidate.","78","False","False","True","NO_BINARY_OUTPUT_METADATA_ONLY"
"USER04.PRF","E:\UAOS_OPEN_LIBRARY_SOURCE\pa3x\2020 pa1000 pa4x.SET\2020 pa1000 pa4x.SET\KEYBOARDSET\USER04.PRF",".prf","28785","3DE347B5E837183AFDEDC48B5B6129B5E5578F38CEBD638D0D805FE30E1B3E38","PRF_PERFORMANCE","PERFORMANCE_METADATA_CANDIDATE","V1719_PROGRAM_METADATA_READER","Performance metadata candidate.","78","False","False","True","NO_BINARY_OUTPUT_METADATA_ONLY"
"USER04.PRF","E:\UAOS_OPEN_LIBRARY_SOURCE\pa3x\omar44.SET\omar44.SET\KEYBOARDSET\USER04.PRF",".prf","41378","C3BE04631DBA98B8684FEC39138E73E0CEE50D2A5093E8F52469D2782ADAF0DC","PRF_PERFORMANCE","PERFORMANCE_METADATA_CANDIDATE","V1719_PROGRAM_METADATA_READER","Performance metadata candidate.","78","False","False","True","NO_BINARY_OUTPUT_METADATA_ONLY"
"USER04.PRF","E:\UAOS_OPEN_LIBRARY_SOURCE\pa3x\LIVE CHARKI 3 2.SET\LIVE CHARKI 3 2.SET\KEYBOARDSET\USER04.PRF",".prf","20447","4FAC38935F9771ABA1B1F30D39A15F6BE41CE8D6BEE3A4AA2E75E13120BAC75D","PRF_PERFORMANCE","PERFORMANCE_METADATA_CANDIDATE","V1719_PROGRAM_METADATA_READER","Performance metadata candidate.","78","False","False","True","NO_BINARY_OUTPUT_METADATA_ONLY"
"USER04.PRF","E:\UAOS_OPEN_LIBRARY_SOURCE\pa3x\ABOUD NEXT-MG.SET\ABOUD NEXT-MG.SET\KEYBOARDSET\USER04.PRF",".prf","6137","EC4F6599EECD603477028ACC1D51610C234508A96293DC6786E9FF492F192DB3","PRF_PERFORMANCE","PERFORMANCE_METADATA_CANDIDATE","V1719_PROGRAM_METADATA_READER","Performance metadata candidate.","78","False","False","True","NO_BINARY_OUTPUT_METADATA_ONLY"
"USER04.PRF","E:\UAOS_OPEN_LIBRARY_SOURCE\pa3x\a1111.SET\a1111.SET\KEYBOARDSET\USER04.PRF",".prf","38771","FD195150F5C234E8962F8C8DC7C613E367315C46A80065A0ADC4C7A605030370","PRF_PERFORMANCE","PERFORMANCE_METADATA_CANDIDATE","V1719_PROGRAM_METADATA_READER","Performance metadata candidate.","78","False","False","True","NO_BINARY_OUTPUT_METADATA_ONLY"
"USER04.PRF","E:\UAOS_OPEN_LIBRARY_SOURCE\pa3x\ROTANA. 2022.SET\ROTANA. 2022.SET\KEYBOARDSET\USER04.PRF",".prf","42337","CBE806FF55D90E4C0AA97FC56F16CCEAA5F71DE112780A3CB4BFFA9837B57319","PRF_PERFORMANCE","PERFORMANCE_METADATA_CANDIDATE","V1719_PROGRAM_METADATA_READER","Performance metadata candidate.","78","False","False","True","NO_BINARY_OUTPUT_METADATA_ONLY"
"USER05.PRF","E:\UAOS_OPEN_LIBRARY_SOURCE\pa3x\2020 pa1000 pa4x.SET\2020 pa1000 pa4x.SET\KEYBOARDSET\USER05.PRF",".prf","22308","7F05410D85BB94543C01B5B281F83BC8F734847A695BE69219690BF6554EFFA2","PRF_PERFORMANCE","PERFORMANCE_METADATA_CANDIDATE","V1719_PROGRAM_METADATA_READER","Performance metadata candidate.","78","False","False","True","NO_BINARY_OUTPUT_METADATA_ONLY"
"USER05.PRF","E:\UAOS_OPEN_LIBRARY_SOURCE\pa3x\ABOUD NEXT-MG.SET\ABOUD NEXT-MG.SET\KEYBOARDSET\USER05.PRF",".prf","30377","38301C4462BD2EF5D3960341B40F8E0BE8BEB557E332C93B06FD3CD0B08EF6E3","PRF_PERFORMANCE","PERFORMANCE_METADATA_CANDIDATE","V1719_PROGRAM_METADATA_READER","Performance metadata candidate.","78","False","False","True","NO_BINARY_OUTPUT_METADATA_ONLY"
"USER05.PRF","E:\UAOS_OPEN_LIBRARY_SOURCE\pa3x\a1111.SET\a1111.SET\KEYBOARDSET\USER05.PRF",".prf","55117","C440FC9724DB0DE92593DE10A4768A870B1D07798EFF24EF535156BA74A46FE2","PRF_PERFORMANCE","PERFORMANCE_METADATA_CANDIDATE","V1719_PROGRAM_METADATA_READER","Performance metadata candidate.","78","False","False","True","NO_BINARY_OUTPUT_METADATA_ONLY"
"USER05.PRF","E:\UAOS_OPEN_LIBRARY_SOURCE\pa3x\LIVE CHARKI 3 2.SET\LIVE CHARKI 3 2.SET\KEYBOARDSET\USER05.PRF",".prf","38205","4EC4E51BC5059E39CBCC32DA30B753692FEDADE741C2CFF3C4DA27CABE5C072A","PRF_PERFORMANCE","PERFORMANCE_METADATA_CANDIDATE","V1719_PROGRAM_METADATA_READER","Performance metadata candidate.","78","False","False","True","NO_BINARY_OUTPUT_METADATA_ONLY"
"USER05.PRF","E:\UAOS_OPEN_LIBRARY_SOURCE\pa3x\omar44.SET\omar44.SET\KEYBOARDSET\USER05.PRF",".prf","38935","DEC335BEE75BEDF7F58D48FC7A8CF6339ACDD31B4D732F9DB0519F37FEEF4E44","PRF_PERFORMANCE","PERFORMANCE_METADATA_CANDIDATE","V1719_PROGRAM_METADATA_READER","Performance metadata candidate.","78","False","False","True","NO_BINARY_OUTPUT_METADATA_ONLY"
"USER05.PRF","E:\UAOS_OPEN_LIBRARY_SOURCE\pa3x\ROTANA. 2022.SET\ROTANA. 2022.SET\KEYBOARDSET\USER05.PRF",".prf","43572","03E2C29DD5885B98A8F75E7D0BAAF4772FF807D8BEE8FE9AD31D2D03FEDDAFC7","PRF_PERFORMANCE","PERFORMANCE_METADATA_CANDIDATE","V1719_PROGRAM_METADATA_READER","Performance metadata candidate.","78","False","False","True","NO_BINARY_OUTPUT_METADATA_ONLY"
"USER06.PRF","E:\UAOS_OPEN_LIBRARY_SOURCE\pa3x\a1111.SET\a1111.SET\KEYBOARDSET\USER06.PRF",".prf","45438","3B52AF81C9A966532BF72D5DA27CA0ED8045857F82AAF07E1850BD1E5FFDA5FA","PRF_PERFORMANCE","PERFORMANCE_METADATA_CANDIDATE","V1719_PROGRAM_METADATA_READER","Performance metadata candidate.","78","False","False","True","NO_BINARY_OUTPUT_METADATA_ONLY"
"USER06.PRF","E:\UAOS_OPEN_LIBRARY_SOURCE\pa3x\ROTANA. 2022.SET\ROTANA. 2022.SET\KEYBOARDSET\USER06.PRF",".prf","54464","663DCE3B4889C91E068954118DC920725C47DE271B0743701C72ADD705FFF30B","PRF_PERFORMANCE","PERFORMANCE_METADATA_CANDIDATE","V1719_PROGRAM_METADATA_READER","Performance metadata candidate.","78","False","False","True","NO_BINARY_OUTPUT_METADATA_ONLY"
"USER06.PRF","E:\UAOS_OPEN_LIBRARY_SOURCE\pa3x\LIVE CHARKI 3 2.SET\LIVE CHARKI 3 2.SET\KEYBOARDSET\USER06.PRF",".prf","41608","B679B071A9B57F1A0B270F8992C7BB39ECB9E7D9DC2A5258B42A386EF58E6E7B","PRF_PERFORMANCE","PERFORMANCE_METADATA_CANDIDATE","V1719_PROGRAM_METADATA_READER","Performance metadata candidate.","78","False","False","True","NO_BINARY_OUTPUT_METADATA_ONLY"
"USER06.PRF","E:\UAOS_OPEN_LIBRARY_SOURCE\pa3x\ABOUD NEXT-MG.SET\ABOUD NEXT-MG.SET\KEYBOARDSET\USER06.PRF",".prf","38721","FCB7DE1C0581A4F36FFD500341035E39B2FFF5D49640B01AF855348A4DDD1BD3","PRF_PERFORMANCE","PERFORMANCE_METADATA_CANDIDATE","V1719_PROGRAM_METADATA_READER","Performance metadata candidate.","78","False","False","True","NO_BINARY_OUTPUT_METADATA_ONLY"
"USER06.PRF","E:\UAOS_OPEN_LIBRARY_SOURCE\pa3x\2020 pa1000 pa4x.SET\2020 pa1000 pa4x.SET\KEYBOARDSET\USER06.PRF",".prf","35375","773DFF9E6E3DA80DA0F9A58B57584FD735A1720D57356AE3C756F93C619DFAB3","PRF_PERFORMANCE","PERFORMANCE_METADATA_CANDIDATE","V1719_PROGRAM_METADATA_READER","Performance metadata candidate.","78","False","False","True","NO_BINARY_OUTPUT_METADATA_ONLY"
"USER06.PRF","E:\UAOS_OPEN_LIBRARY_SOURCE\pa3x\omar44.SET\omar44.SET\KEYBOARDSET\USER06.PRF",".prf","43609","F9E52035C85D5EAA864704F7AA615D3FC9253B3C36176600CE75169C90A15B83","PRF_PERFORMANCE","PERFORMANCE_METADATA_CANDIDATE","V1719_PROGRAM_METADATA_READER","Performance metadata candidate.","78","False","False","True","NO_BINARY_OUTPUT_METADATA_ONLY"
"USER07.PRF","E:\UAOS_OPEN_LIBRARY_SOURCE\pa3x\omar44.SET\omar44.SET\KEYBOARDSET\USER07.PRF",".prf","48327","6257FC3CB091E32FEF23F4C3FC3690C8D0EDF31B05982BC18B3BB103DF900CDE","PRF_PERFORMANCE","PERFORMANCE_METADATA_CANDIDATE","V1719_PROGRAM_METADATA_READER","Performance metadata candidate.","78","False","False","True","NO_BINARY_OUTPUT_METADATA_ONLY"
"USER07.PRF","E:\UAOS_OPEN_LIBRARY_SOURCE\pa3x\a1111.SET\a1111.SET\KEYBOARDSET\USER07.PRF",".prf","45469","8B9257CAC5135C4316296DA8B8EB91E037DE2364FD82778BABDC7780396979A0","PRF_PERFORMANCE","PERFORMANCE_METADATA_CANDIDATE","V1719_PROGRAM_METADATA_READER","Performance metadata candidate.","78","False","False","True","NO_BINARY_OUTPUT_METADATA_ONLY"
"USER07.PRF","E:\UAOS_OPEN_LIBRARY_SOURCE\pa3x\ROTANA. 2022.SET\ROTANA. 2022.SET\KEYBOARDSET\USER07.PRF",".prf","44715","304FE7CCA50D74FE4A761704C8D247DE2AB5A91CDEDA4381C45D502EB9BF4DA1","PRF_PERFORMANCE","PERFORMANCE_METADATA_CANDIDATE","V1719_PROGRAM_METADATA_READER","Performance metadata candidate.","78","False","False","True","NO_BINARY_OUTPUT_METADATA_ONLY"
"USER07.PRF","E:\UAOS_OPEN_LIBRARY_SOURCE\pa3x\ABOUD NEXT-MG.SET\ABOUD NEXT-MG.SET\KEYBOARDSET\USER07.PRF",".prf","7876","CC5F8EBDEC10FD3D23FFE64EE0F0B38D5BA9C5785171A3732830FAC2E795CD17","PRF_PERFORMANCE","PERFORMANCE_METADATA_CANDIDATE","V1719_PROGRAM_METADATA_READER","Performance metadata candidate.","78","False","False","True","NO_BINARY_OUTPUT_METADATA_ONLY"
"USER07.PRF","E:\UAOS_OPEN_LIBRARY_SOURCE\pa3x\2020 pa1000 pa4x.SET\2020 pa1000 pa4x.SET\KEYBOARDSET\USER07.PRF",".prf","13557","F10009F01E5ACABF1D1D966DB2E3BB54AE25C12264AF2D8D61674F81D03A12AE","PRF_PERFORMANCE","PERFORMANCE_METADATA_CANDIDATE","V1719_PROGRAM_METADATA_READER","Performance metadata candidate.","78","False","False","True","NO_BINARY_OUTPUT_METADATA_ONLY"
"USER07.PRF","E:\UAOS_OPEN_LIBRARY_SOURCE\pa3x\LIVE CHARKI 3 2.SET\LIVE CHARKI 3 2.SET\KEYBOARDSET\USER07.PRF",".prf","39484","7CDC5B877855ED8AE25FC94D1F31418ADA1C9EBF1CCE8B98FBB208D7EAF1C53A","PRF_PERFORMANCE","PERFORMANCE_METADATA_CANDIDATE","V1719_PROGRAM_METADATA_READER","Performance metadata candidate.","78","False","False","True","NO_BINARY_OUTPUT_METADATA_ONLY"
"USER08.PRF","E:\UAOS_OPEN_LIBRARY_SOURCE\pa3x\omar44.SET\omar44.SET\KEYBOARDSET\USER08.PRF",".prf","50979","DB6349BC962B6E40A67618A5155064A1B68D4FE85AFE57FD9208D27A9B4B0AB6","PRF_PERFORMANCE","PERFORMANCE_METADATA_CANDIDATE","V1719_PROGRAM_METADATA_READER","Performance metadata candidate.","78","False","False","True","NO_BINARY_OUTPUT_METADATA_ONLY"
"USER08.PRF","E:\UAOS_OPEN_LIBRARY_SOURCE\pa3x\ABOUD NEXT-MG.SET\ABOUD NEXT-MG.SET\KEYBOARDSET\USER08.PRF",".prf","7203","80E35C74AD35BF62A067D642EC0D62DE6E0B24CAF36231C481BCF85885427AA7","PRF_PERFORMANCE","PERFORMANCE_METADATA_CANDIDATE","V1719_PROGRAM_METADATA_READER","Performance metadata candidate.","78","False","False","True","NO_BINARY_OUTPUT_METADATA_ONLY"
"USER08.PRF","E:\UAOS_OPEN_LIBRARY_SOURCE\pa3x\ROTANA. 2022.SET\ROTANA. 2022.SET\KEYBOARDSET\USER08.PRF",".prf","50843","6ABA4CC01108DC3298FB418B02526952621C5584E2563B4FA28E61B6917F59F1","PRF_PERFORMANCE","PERFORMANCE_METADATA_CANDIDATE","V1719_PROGRAM_METADATA_READER","Performance metadata candidate.","78","False","False","True","NO_BINARY_OUTPUT_METADATA_ONLY"
"USER08.PRF","E:\UAOS_OPEN_LIBRARY_SOURCE\pa3x\a1111.SET\a1111.SET\KEYBOARDSET\USER08.PRF",".prf","30872","8777C7E69EEB3BFCF2320814587FE52E645AB1F3B6735189F02E59FDDCBB1C09","PRF_PERFORMANCE","PERFORMANCE_METADATA_CANDIDATE","V1719_PROGRAM_METADATA_READER","Performance metadata candidate.","78","False","False","True","NO_BINARY_OUTPUT_METADATA_ONLY"
"USER08.PRF","E:\UAOS_OPEN_LIBRARY_SOURCE\pa3x\LIVE CHARKI 3 2.SET\LIVE CHARKI 3 2.SET\KEYBOARDSET\USER08.PRF",".prf","60662","6EB8C5DCA83DF99A6A890469BB09576451A0D9424429746EB3FCFD57E8F2C685","PRF_PERFORMANCE","PERFORMANCE_METADATA_CANDIDATE","V1719_PROGRAM_METADATA_READER","Performance metadata candidate.","78","False","False","True","NO_BINARY_OUTPUT_METADATA_ONLY"
"USER09.PRF","E:\UAOS_OPEN_LIBRARY_SOURCE\pa3x\LIVE CHARKI 3 2.SET\LIVE CHARKI 3 2.SET\KEYBOARDSET\USER09.PRF",".prf","40073","0777577608B0D2FFEFC9977612E61222E2C8939EDAC128EC032EBB67C1830BE0","PRF_PERFORMANCE","PERFORMANCE_METADATA_CANDIDATE","V1719_PROGRAM_METADATA_READER","Performance metadata candidate.","78","False","False","True","NO_BINARY_OUTPUT_METADATA_ONLY"
"USER09.PRF","E:\UAOS_OPEN_LIBRARY_SOURCE\pa3x\ROTANA. 2022.SET\ROTANA. 2022.SET\KEYBOARDSET\USER09.PRF",".prf","52709","0BB136B59FDD1EE22D5B940711A025A9E681A9ED05D28C14E39D1749237D2A96","PRF_PERFORMANCE","PERFORMANCE_METADATA_CANDIDATE","V1719_PROGRAM_METADATA_READER","Performance metadata candidate.","78","False","False","True","NO_BINARY_OUTPUT_METADATA_ONLY"
"USER09.PRF","E:\UAOS_OPEN_LIBRARY_SOURCE\pa3x\ABOUD NEXT-MG.SET\ABOUD NEXT-MG.SET\KEYBOARDSET\USER09.PRF",".prf","32600","8643CF18DB9DEA1BB6A47EAC4CC7BC4FD3F0625098E0773D553E006FC7A427B9","PRF_PERFORMANCE","PERFORMANCE_METADATA_CANDIDATE","V1719_PROGRAM_METADATA_READER","Performance metadata candidate.","78","False","False","True","NO_BINARY_OUTPUT_METADATA_ONLY"
"USER09.PRF","E:\UAOS_OPEN_LIBRARY_SOURCE\pa3x\a1111.SET\a1111.SET\KEYBOARDSET\USER09.PRF",".prf","31826","BEE52809CFCDA4237AD3F1FC3AC621335B5602C40AFC6B8A49E03CA0C96A3FA2","PRF_PERFORMANCE","PERFORMANCE_METADATA_CANDIDATE","V1719_PROGRAM_METADATA_READER","Performance metadata candidate.","78","False","False","True","NO_BINARY_OUTPUT_METADATA_ONLY"
"USER09.PRF","E:\UAOS_OPEN_LIBRARY_SOURCE\pa3x\omar44.SET\omar44.SET\KEYBOARDSET\USER09.PRF",".prf","52301","1540E8EC5024E0DD8C0DB5792D0EB0B1196FFF4639B9BACE30155B070894E9A5","PRF_PERFORMANCE","PERFORMANCE_METADATA_CANDIDATE","V1719_PROGRAM_METADATA_READER","Performance metadata candidate.","78","False","False","True","NO_BINARY_OUTPUT_METADATA_ONLY"
"USER10.PRF","E:\UAOS_OPEN_LIBRARY_SOURCE\pa3x\ROTANA. 2022.SET\ROTANA. 2022.SET\KEYBOARDSET\USER10.PRF",".prf","45437","C141BADFD1AE4E74620F0484C454C039C42B932DE332D3A86B53707F8DE0AD95","PRF_PERFORMANCE","PERFORMANCE_METADATA_CANDIDATE","V1719_PROGRAM_METADATA_READER","Performance metadata candidate.","78","False","False","True","NO_BINARY_OUTPUT_METADATA_ONLY"
"USER10.PRF","E:\UAOS_OPEN_LIBRARY_SOURCE\pa3x\omar44.SET\omar44.SET\KEYBOARDSET\USER10.PRF",".prf","55844","1EEFCBB0D4DA44E813214B34E7EBCAF9C6FB93DD47B94DF40C3FE706078AD2AB","PRF_PERFORMANCE","PERFORMANCE_METADATA_CANDIDATE","V1719_PROGRAM_METADATA_READER","Performance metadata candidate.","78","False","False","True","NO_BINARY_OUTPUT_METADATA_ONLY"
"USER10.PRF","E:\UAOS_OPEN_LIBRARY_SOURCE\pa3x\a1111.SET\a1111.SET\KEYBOARDSET\USER10.PRF",".prf","2217","5D036662548EECCA107BE755B1D4146D38735AB060EFB9DD2F711558C0D57B66","PRF_PERFORMANCE","PERFORMANCE_METADATA_CANDIDATE","V1719_PROGRAM_METADATA_READER","Performance metadata candidate.","78","False","False","True","NO_BINARY_OUTPUT_METADATA_ONLY"
"USER10.PRF","E:\UAOS_OPEN_LIBRARY_SOURCE\pa3x\ABOUD NEXT-MG.SET\ABOUD NEXT-MG.SET\KEYBOARDSET\USER10.PRF",".prf","8992","AD44AB92CE060C57E338E79787E0BDF78F799B8FE00469630FF48DD960A3C6C4","PRF_PERFORMANCE","PERFORMANCE_METADATA_CANDIDATE","V1719_PROGRAM_METADATA_READER","Performance metadata candidate.","78","False","False","True","NO_BINARY_OUTPUT_METADATA_ONLY"
"USER11.PRF","E:\UAOS_OPEN_LIBRARY_SOURCE\pa3x\ABOUD NEXT-MG.SET\ABOUD NEXT-MG.SET\KEYBOARDSET\USER11.PRF",".prf","13306","76CC1FD8B7F716BF9DAAAE37F8792252FB7262BB6B792FCE92FCBD2511E64FE6","PRF_PERFORMANCE","PERFORMANCE_METADATA_CANDIDATE","V1719_PROGRAM_METADATA_READER","Performance metadata candidate.","78","False","False","True","NO_BINARY_OUTPUT_METADATA_ONLY"
"USER11.PRF","E:\UAOS_OPEN_LIBRARY_SOURCE\pa3x\ROTANA. 2022.SET\ROTANA. 2022.SET\KEYBOARDSET\USER11.PRF",".prf","45860","1DF3CBDE5F7F760757D2B4AF75529E093F23B22038217F11D60F2FC5FF513494","PRF_PERFORMANCE","PERFORMANCE_METADATA_CANDIDATE","V1719_PROGRAM_METADATA_READER","Performance metadata candidate.","78","False","False","True","NO_BINARY_OUTPUT_METADATA_ONLY"
"USER11.PRF","E:\UAOS_OPEN_LIBRARY_SOURCE\pa3x\omar44.SET\omar44.SET\KEYBOARDSET\USER11.PRF",".prf","48949","B4D439FCA75EC61BBC9A728EAC2DA22CC06C08BC6EC4E97641AA64A1742DDC37","PRF_PERFORMANCE","PERFORMANCE_METADATA_CANDIDATE","V1719_PROGRAM_METADATA_READER","Performance metadata candidate.","78","False","False","True","NO_BINARY_OUTPUT_METADATA_ONLY"
"USER11.PRF","E:\UAOS_OPEN_LIBRARY_SOURCE\pa3x\a1111.SET\a1111.SET\KEYBOARDSET\USER11.PRF",".prf","5405","0C71851D1E45F90DCBD813268D7A9A6BEE82C822232362A9EB014301E5BB6B20","PRF_PERFORMANCE","PERFORMANCE_METADATA_CANDIDATE","V1719_PROGRAM_METADATA_READER","Performance metadata candidate.","78","False","False","True","NO_BINARY_OUTPUT_METADATA_ONLY"
